Removed Pin From Net: NetName=GND Pin=D3-A
Removed Pin From Net: NetName=SC_End Pin=D3-K
Removed Pin From Net: NetName=TS_On Pin=Q801-D
Removed Pin From Net: NetName=Precharge_State Pin=U101-2
Removed Pin From Net: NetName=AIR+_State Pin=U101-4
Removed Pin From Net: NetName=HV_Accumulator Pin=U101-5
Removed Pin From Net: NetName=+12 Pin=U101-9
Removed Pin From Net: NetName=+12 Pin=U101-10
Removed Pin From Net: NetName=Safe_State Pin=U101-12
Removed Pin From Net: NetName=TSAL_Green Pin=U101-13
Removed Pin From Net: NetName=AIR+_Implausibility Pin=U201-1
Removed Pin From Net: NetName=AIR-_Implausibility Pin=U201-2
Removed Pin From Net: NetName=No_Voltage_Relays_Closed Pin=U201-4
Removed Pin From Net: NetName=SCS_Error Pin=U201-5
Removed Pin From Net: NetName=Implausibilities_Undelayed Pin=U201-6
Removed Pin From Net: NetName=Precharge_Implausibility Pin=U201-8
Removed Pin From Net: NetName=Relays_State_Detection Pin=U201-9
Removed Pin From Net: NetName=AIR+_State Pin=U501-9
Removed Pin From Net: NetName=GND Pin=X1-3
Removed Pin From Net: NetName=SC_End Pin=X1-4
Removed Member From Class: ClassName=TSAL_Control Member=D3
Removed Member From Class: ClassName=Relay Implausibility Member=U201
Removed Member From Class: ClassName=TSAL_Control Member=X1
Change Component Footprint: Designator=F1 Old Footprint=0805 New Footprint=0805
Change Component Footprint: Designator=R710 Old Footprint=0805 New Footprint=0805
Change Component Footprint: Designator=R712 Old Footprint=0805 New Footprint=0805
Change Component Footprint: Designator=U201 Old Footprint=D0014A_N New Footprint=D0014A_N
Change Component Footprint: Designator=U101 Old Footprint=D0014A_N New Footprint=D0014A_N
Change Component Footprint: Designator=F2 Old Footprint=Fuse_485001 New Footprint=Fuse_485001
Change Component Footprint: Designator=F3 Old Footprint=Fuse_485001 New Footprint=Fuse_485001
Change Component Footprint: Designator=F4 Old Footprint=Fuse_485001 New Footprint=Fuse_485001
Change Component Comment : Designator=C1 Old Comment=C10u-35V-ElectrolyticCap New Comment=C10u-35V-Electrolytic
Change Component Comment : Designator=U201 Old Comment=CD4075BM New Comment=CD4072BM
Change Component Comment : Designator=U101 Old Comment=CD4082BM New Comment=CD4073BM
Change Component Designator: OldDesignator=P? NewDesignator=J701
Change Managed Component Library Link : Designator=C1 Old VaultGUID=082481D6-5331-4BED-BC73-1EE54992B059 New VaultGUID=082481D6-5331-4BED-BC73-1EE54992B059 Old ItemGUID=7b089684-64c3-4406-90d8-6202ca3eb8f7 New ItemGUID=7b089684-64c3-4406-90d8-6202ca3eb8f7 Old RevisionGUID=7eb61ce2-8f2d-4c5a-94c5-20c0c6108034 New RevisionGUID=b1e4f312-2129-43f8-96a4-596cc5f92cc9
Change Managed Component Library Link : Designator=D2 Old VaultGUID=082481D6-5331-4BED-BC73-1EE54992B059 New VaultGUID=082481D6-5331-4BED-BC73-1EE54992B059 Old ItemGUID=FF5FB92C-CE75-4BB6-A218-66FE0275029C New ItemGUID=FF5FB92C-CE75-4BB6-A218-66FE0275029C Old RevisionGUID=C074397D-E58D-48DB-AC37-10CC54FE8BFC New RevisionGUID=e1ba243f-b832-422e-aaf4-978a64388305
Change Managed Component Library Link : Designator=F1 Old VaultGUID=082481D6-5331-4BED-BC73-1EE54992B059 New VaultGUID=082481D6-5331-4BED-BC73-1EE54992B059 Old ItemGUID=837e59ef-2af3-48bc-b80f-7b72809f4ae5 New ItemGUID=837e59ef-2af3-48bc-b80f-7b72809f4ae5 Old RevisionGUID=1a3c629a-8362-4e96-8631-7339e9ac17d1 New RevisionGUID=CC8216F0-8298-4621-B234-544E5472990D
Change Managed Component Library Link : Designator=F2 Old VaultGUID=082481D6-5331-4BED-BC73-1EE54992B059 New VaultGUID=082481D6-5331-4BED-BC73-1EE54992B059 Old ItemGUID=6C73A966-D33F-4463-A128-22908A4CFBDB New ItemGUID=6C73A966-D33F-4463-A128-22908A4CFBDB Old RevisionGUID=E4DD7C86-DA6E-4794-A78D-73306988A3A2 New RevisionGUID=a38f6c3f-e0d6-414a-bca8-cf00661bfd93
Change Managed Component Library Link : Designator=F3 Old VaultGUID=082481D6-5331-4BED-BC73-1EE54992B059 New VaultGUID=082481D6-5331-4BED-BC73-1EE54992B059 Old ItemGUID=6C73A966-D33F-4463-A128-22908A4CFBDB New ItemGUID=6C73A966-D33F-4463-A128-22908A4CFBDB Old RevisionGUID=E4DD7C86-DA6E-4794-A78D-73306988A3A2 New RevisionGUID=a38f6c3f-e0d6-414a-bca8-cf00661bfd93
Change Managed Component Library Link : Designator=F4 Old VaultGUID=082481D6-5331-4BED-BC73-1EE54992B059 New VaultGUID=082481D6-5331-4BED-BC73-1EE54992B059 Old ItemGUID=6C73A966-D33F-4463-A128-22908A4CFBDB New ItemGUID=6C73A966-D33F-4463-A128-22908A4CFBDB Old RevisionGUID=E4DD7C86-DA6E-4794-A78D-73306988A3A2 New RevisionGUID=a38f6c3f-e0d6-414a-bca8-cf00661bfd93
Change Managed Component Library Link : Designator=J1 Old VaultGUID=082481D6-5331-4BED-BC73-1EE54992B059 New VaultGUID=082481D6-5331-4BED-BC73-1EE54992B059 Old ItemGUID=FD6AA71D-08EF-4281-9C59-73E883C1E64C New ItemGUID=FD6AA71D-08EF-4281-9C59-73E883C1E64C Old RevisionGUID=d9f62b27-ff15-4952-8a0b-025410b549c0 New RevisionGUID=3dcc9de2-b092-46c8-9e34-599fc23a1e1d
Change Managed Component Library Link : Designator=R203 Old VaultGUID=082481D6-5331-4BED-BC73-1EE54992B059 New VaultGUID=082481D6-5331-4BED-BC73-1EE54992B059 Old ItemGUID=9C02F802-6075-41EE-9F79-3D45D370A0E6 New ItemGUID=9C02F802-6075-41EE-9F79-3D45D370A0E6 Old RevisionGUID=f17535a9-600e-4f8b-9977-1fd1228466f8 New RevisionGUID=21465f6c-42a6-420f-bcf6-3c05630dceb6
Change Managed Component Library Link : Designator=R703 Old VaultGUID=082481D6-5331-4BED-BC73-1EE54992B059 New VaultGUID=082481D6-5331-4BED-BC73-1EE54992B059 Old ItemGUID=9C02F802-6075-41EE-9F79-3D45D370A0E6 New ItemGUID=9C02F802-6075-41EE-9F79-3D45D370A0E6 Old RevisionGUID=B07189ED-0092-4749-BD9A-3A33C1C15406 New RevisionGUID=21465f6c-42a6-420f-bcf6-3c05630dceb6
Change Managed Component Library Link : Designator=R705 Old VaultGUID=082481D6-5331-4BED-BC73-1EE54992B059 New VaultGUID=082481D6-5331-4BED-BC73-1EE54992B059 Old ItemGUID=9C02F802-6075-41EE-9F79-3D45D370A0E6 New ItemGUID=9C02F802-6075-41EE-9F79-3D45D370A0E6 Old RevisionGUID=B07189ED-0092-4749-BD9A-3A33C1C15406 New RevisionGUID=21465f6c-42a6-420f-bcf6-3c05630dceb6
Change Managed Component Library Link : Designator=R706 Old VaultGUID=082481D6-5331-4BED-BC73-1EE54992B059 New VaultGUID=082481D6-5331-4BED-BC73-1EE54992B059 Old ItemGUID=9C02F802-6075-41EE-9F79-3D45D370A0E6 New ItemGUID=9C02F802-6075-41EE-9F79-3D45D370A0E6 Old RevisionGUID=B07189ED-0092-4749-BD9A-3A33C1C15406 New RevisionGUID=21465f6c-42a6-420f-bcf6-3c05630dceb6
Change Managed Component Library Link : Designator=R707 Old VaultGUID=082481D6-5331-4BED-BC73-1EE54992B059 New VaultGUID=082481D6-5331-4BED-BC73-1EE54992B059 Old ItemGUID=9C02F802-6075-41EE-9F79-3D45D370A0E6 New ItemGUID=9C02F802-6075-41EE-9F79-3D45D370A0E6 Old RevisionGUID=B07189ED-0092-4749-BD9A-3A33C1C15406 New RevisionGUID=21465f6c-42a6-420f-bcf6-3c05630dceb6
Change Managed Component Library Link : Designator=R710 Old VaultGUID=082481D6-5331-4BED-BC73-1EE54992B059 New VaultGUID=082481D6-5331-4BED-BC73-1EE54992B059 Old ItemGUID=b2a0a9a8-2f29-4bde-a7f1-f8afc898d22b New ItemGUID=b2a0a9a8-2f29-4bde-a7f1-f8afc898d22b Old RevisionGUID=89786bd4-7321-47e7-8d37-0a3bb65f089a New RevisionGUID=260073B8-E94A-476F-95AB-6D6E0379048B
Change Managed Component Library Link : Designator=R712 Old VaultGUID=082481D6-5331-4BED-BC73-1EE54992B059 New VaultGUID=082481D6-5331-4BED-BC73-1EE54992B059 Old ItemGUID=b2a0a9a8-2f29-4bde-a7f1-f8afc898d22b New ItemGUID=b2a0a9a8-2f29-4bde-a7f1-f8afc898d22b Old RevisionGUID=89786bd4-7321-47e7-8d37-0a3bb65f089a New RevisionGUID=260073B8-E94A-476F-95AB-6D6E0379048B
Change Managed Component Library Link : Designator=U101 Old VaultGUID=082481D6-5331-4BED-BC73-1EE54992B059 New VaultGUID=082481D6-5331-4BED-BC73-1EE54992B059 Old ItemGUID=f7a5a47b-af20-4cff-8635-b3e67989570d New ItemGUID=e666be7e-4f5c-414a-8a9b-92eaf90f5a16 Old RevisionGUID=a3af79eb-0744-439b-8578-279212feccc5 New RevisionGUID=5657cbd3-e739-4f3f-ac89-6a13015e7771
Change Managed Component Library Link : Designator=U201 Old VaultGUID=082481D6-5331-4BED-BC73-1EE54992B059 New VaultGUID=082481D6-5331-4BED-BC73-1EE54992B059 Old ItemGUID=b888be62-c81c-4e5a-ab47-3f2feb59390d New ItemGUID=c7812b1b-1cae-4ce1-83f9-53419d2a4344 Old RevisionGUID=61b8bf4d-71e7-46cd-95e6-f0c5593cf685 New RevisionGUID=ddfe0dbc-f95c-4f79-9be6-c6c5a7d2ab95
Change component parameters: Designator = "D2" ("D2"); Footprint = "DSC-SOD123"; UniqueID = "\PILTTKXB" ("\PILTTKXB")
Change component parameters (AddParameter): Name = ".Creator"; Value = "GP"; VariantName = "[No Variations]"
Change component parameters (AddParameter): Name = ".PCBcheck"; Value = ""; VariantName = "[No Variations]"
Change component parameters (AddParameter): Name = ".SCHcheck"; Value = ""; VariantName = "[No Variations]"
Change component parameters (AddParameter): Name = "Approvals"; Value = ""; VariantName = "[No Variations]"
Change component parameters (AddParameter): Name = "Average Rectified Current"; Value = "500mA"; VariantName = "[No Variations]"
Change component parameters (AddParameter): Name = "Body Material"; Value = ""; VariantName = "[No Variations]"
Change component parameters (AddParameter): Name = "Case Code (Imperial)"; Value = ""; VariantName = "[No Variations]"
Change component parameters (AddParameter): Name = "Case Code (Metric)"; Value = ""; VariantName = "[No Variations]"
Change component parameters (AddParameter): Name = "Case/Package"; Value = ""; VariantName = "[No Variations]"
Change component parameters (AddParameter): Name = "Category"; Value = "Diode"; VariantName = "[No Variations]"
Change component parameters (AddParameter): Name = "ComponentLink1Description"; Value = "Datasheet"; VariantName = "[No Variations]"
Change component parameters (AddParameter): Name = "ComponentLink1URL"; Value = ""; VariantName = "[No Variations]"
Change component parameters (AddParameter): Name = "ComponentLink2Description"; Value = "Where buy it"; VariantName = "[No Variations]"
Change component parameters (AddParameter): Name = "ComponentLink2URL"; Value = ""; VariantName = "[No Variations]"
Change component parameters (AddParameter): Name = "ComponentLink3Description"; Value = "https://datasheet.ciiva.com/30479/0900766b810e2512-30479401.pdf?src-supplier=RSComponents"; VariantName = "[No Variations]"
Change component parameters (AddParameter): Name = "ComponentLink3URL"; Value = "https://datasheet.ciiva.com/30479/0900766b810e2512-30479401.pdf?src-supplier=RSComponents"; VariantName = "[No Variations]"
Change component parameters (AddParameter): Name = "ComponentLink4Description"; Value = "https://datasheet.ciiva.com/34301/974753-34301826.pdf?src-supplier=Jameco"; VariantName = "[No Variations]"
Change component parameters (AddParameter): Name = "ComponentLink4URL"; Value = "https://datasheet.ciiva.com/34301/974753-34301826.pdf?src-supplier=Jameco"; VariantName = "[No Variations]"
Change component parameters (AddParameter): Name = "ComponentLink5Description"; Value = "https://datasheet.ciiva.com/910/mbr0530-910516.pdf?src-supplier=Digi-Key"; VariantName = "[No Variations]"
Change component parameters (AddParameter): Name = "ComponentLink5URL"; Value = "https://datasheet.ciiva.com/910/mbr0530-910516.pdf?src-supplier=Digi-Key"; VariantName = "[No Variations]"
Change component parameters (AddParameter): Name = "ComponentLink6Description"; Value = "https://datasheet.ciiva.com/25931/mbr0530-25931989.pdf?src-supplier=Avnet+Europe"; VariantName = "[No Variations]"
Change component parameters (AddParameter): Name = "ComponentLink6URL"; Value = "https://datasheet.ciiva.com/25931/mbr0530-25931989.pdf?src-supplier=Avnet+Europe"; VariantName = "[No Variations]"
Change component parameters (AddParameter): Name = "ComponentLink7Description"; Value = "https://datasheet.ciiva.com/8300/mbr0530-8300905.pdf?src-supplier=Avnet"; VariantName = "[No Variations]"
Change component parameters (AddParameter): Name = "ComponentLink7URL"; Value = "https://datasheet.ciiva.com/8300/mbr0530-8300905.pdf?src-supplier=Avnet"; VariantName = "[No Variations]"
Change component parameters (AddParameter): Name = "ComponentLink8Description"; Value = "https://datasheet.ciiva.com/17318/mbr0530-17318568.pdf?src-supplier=Future+Electronics"; VariantName = "[No Variations]"
Change component parameters (AddParameter): Name = "ComponentLink8URL"; Value = "https://datasheet.ciiva.com/17318/mbr0530-17318568.pdf?src-supplier=Future+Electronics"; VariantName = "[No Variations]"
Change component parameters (AddParameter): Name = "ComponentLink9Description"; Value = "https://datasheet.ciiva.com/15144/getdatasheetpartid-86760-15144598.pdf?src-supplier=Verical"; VariantName = "[No Variations]"
Change component parameters (AddParameter): Name = "ComponentLink9URL"; Value = "https://datasheet.ciiva.com/15144/getdatasheetpartid-86760-15144598.pdf?src-supplier=Verical"; VariantName = "[No Variations]"
Change component parameters (AddParameter): Name = "ComponentLink10Description"; Value = "https://datasheet.ciiva.com/910/mbr0530-910518.pdf?src-supplier=Digi-Key"; VariantName = "[No Variations]"
Change component parameters (AddParameter): Name = "ComponentLink10URL"; Value = "https://datasheet.ciiva.com/910/mbr0530-910518.pdf?src-supplier=Digi-Key"; VariantName = "[No Variations]"
Change component parameters (AddParameter): Name = "Contact Plating"; Value = "Tin,Matte"; VariantName = "[No Variations]"
Change component parameters (AddParameter): Name = "Core Material"; Value = ""; VariantName = "[No Variations]"
Change component parameters (AddParameter): Name = "Current"; Value = ""; VariantName = "[No Variations]"
Change component parameters (AddParameter): Name = "Current Rating"; Value = "500mA"; VariantName = "[No Variations]"
Change component parameters (AddParameter): Name = "DC Cold Resistance"; Value = ""; VariantName = "[No Variations]"
Change component parameters (AddParameter): Name = "DC Current"; Value = ""; VariantName = "[No Variations]"
Change component parameters (AddParameter): Name = "DC Resistance (DCR)"; Value = ""; VariantName = "[No Variations]"
Change component parameters (AddParameter): Name = "Depth"; Value = ""; VariantName = "[No Variations]"
Change component parameters (AddParameter): Name = "Design Item ID"; Value = "DSC-0.5/30-SOD123"; VariantName = "[No Variations]"
Change component parameters (AddParameter): Name = "Element Configuration"; Value = "Single"; VariantName = "[No Variations]"
Change component parameters (AddParameter): Name = "Forward Current"; Value = "500mA"; VariantName = "[No Variations]"
Change component parameters (AddParameter): Name = "Forward Voltage"; Value = "430mV"; VariantName = "[No Variations]"
Change component parameters (AddParameter): Name = "Fuse Current"; Value = ""; VariantName = "[No Variations]"
Change component parameters (AddParameter): Name = "Fuse Type"; Value = ""; VariantName = "[No Variations]"
Change component parameters (AddParameter): Name = "Height"; Value = "1.03mm"; VariantName = "[No Variations]"
Change component parameters (AddParameter): Name = "Housing Material"; Value = ""; VariantName = "[No Variations]"
Change component parameters (AddParameter): Name = "Impedance"; Value = ""; VariantName = "[No Variations]"
Change component parameters (AddParameter): Name = "Inductance"; Value = ""; VariantName = "[No Variations]"
Change component parameters (AddParameter): Name = "Inductance Tolerance"; Value = ""; VariantName = "[No Variations]"
Change component parameters (AddParameter): Name = "Lead Diameter"; Value = ""; VariantName = "[No Variations]"
Change component parameters (AddParameter): Name = "Lead Free"; Value = "Lead Free"; VariantName = "[No Variations]"
Change component parameters (AddParameter): Name = "Lead Pitch"; Value = ""; VariantName = "[No Variations]"
Change component parameters (AddParameter): Name = "Length"; Value = "2.7mm"; VariantName = "[No Variations]"
Change component parameters (AddParameter): Name = "Manufacturer"; Value = ""; VariantName = "[No Variations]"
Change component parameters (AddParameter): Name = "Manufacturer 1"; Value = ""; VariantName = "[No Variations]"
Change component parameters (AddParameter): Name = "Manufacturer Part Number"; Value = ""; VariantName = "[No Variations]"
Change component parameters (AddParameter): Name = "Manufacturer Part Number 1"; Value = ""; VariantName = "[No Variations]"
Change component parameters (AddParameter): Name = "Material"; Value = ""; VariantName = "[No Variations]"
Change component parameters (AddParameter): Name = "Max Current Rating"; Value = ""; VariantName = "[No Variations]"
Change component parameters (AddParameter): Name = "Max DC Current"; Value = ""; VariantName = "[No Variations]"
Change component parameters (AddParameter): Name = "Max Forward Surge Current (Ifsm)"; Value = "5.5A"; VariantName = "[No Variations]"
Change component parameters (AddParameter): Name = "Max Operating Temperature"; Value = ""; VariantName = "[No Variations]"
Change component parameters (AddParameter): Name = "Max Repetitive Reverse Voltage (Vrrm)"; Value = "30V"; VariantName = "[No Variations]"
Change component parameters (AddParameter): Name = "Max Reverse Current"; Value = "130uA"; VariantName = "[No Variations]"
Change component parameters (AddParameter): Name = "Max Reverse Leakage Current"; Value = "130uA"; VariantName = "[No Variations]"
Change component parameters (AddParameter): Name = "Max Reverse Voltage (DC)"; Value = "30V"; VariantName = "[No Variations]"
Change component parameters (AddParameter): Name = "Max Surge Current"; Value = "5.5A"; VariantName = "[No Variations]"
Change component parameters (AddParameter): Name = "Min Operating Temperature"; Value = ""; VariantName = "[No Variations]"
Change component parameters (AddParameter): Name = "Mount"; Value = "Surface Mount"; VariantName = "[No Variations]"
Change component parameters (AddParameter): Name = "Number of Circuits"; Value = ""; VariantName = "[No Variations]"
Change component parameters (AddParameter): Name = "Number of Lines"; Value = ""; VariantName = "[No Variations]"
Change component parameters (AddParameter): Name = "Number of Pins"; Value = ""; VariantName = "[No Variations]"
Change component parameters (AddParameter): Name = "Output Current"; Value = "500mA"; VariantName = "[No Variations]"
Change component parameters (AddParameter): Name = "Package Quantity"; Value = "1"; VariantName = "[No Variations]"
Change component parameters (AddParameter): Name = "Packaging"; Value = ""; VariantName = "[No Variations]"
Change component parameters (AddParameter): Name = "Peak Non-Repetitive Surge Current"; Value = "5.5A"; VariantName = "[No Variations]"
Change component parameters (AddParameter): Name = "Polarity"; Value = "Standard"; VariantName = "[No Variations]"
Change component parameters (AddParameter): Name = "Pricing 1"; Value = "1=0,34400, 10=0,23900, 100=0,12200, 500=0,10000 (USD)"; VariantName = "[No Variations]"
Change component parameters (AddParameter): Name = "Radiation Hardening"; Value = "No"; VariantName = "[No Variations]"
Change component parameters (AddParameter): Name = "REACH SVHC"; Value = "No SVHC"; VariantName = "[No Variations]"
Change component parameters (AddParameter): Name = "Resistance"; Value = ""; VariantName = "[No Variations]"
Change component parameters (AddParameter): Name = "RoHS"; Value = ""; VariantName = "[No Variations]"
Change component parameters (AddParameter): Name = "RoHS Compliant"; Value = "Yes"; VariantName = "[No Variations]"
Change component parameters (AddParameter): Name = "Series"; Value = "-"; VariantName = "[No Variations]"
Change component parameters (AddParameter): Name = "Source"; Value = "Filter components.SchLib"; VariantName = "[No Variations]"
Change component parameters (AddParameter): Name = "Stock 1"; Value = "9"; VariantName = "[No Variations]"
Change component parameters (AddParameter): Name = "Termination"; Value = ""; VariantName = "[No Variations]"
Change component parameters (AddParameter): Name = "Test Frequency"; Value = ""; VariantName = "[No Variations]"
Change component parameters (AddParameter): Name = "Tolerance"; Value = ""; VariantName = "[No Variations]"
Change component parameters (AddParameter): Name = "Voltage Rating"; Value = ""; VariantName = "[No Variations]"
Change component parameters (AddParameter): Name = "Voltage Rating (AC)"; Value = ""; VariantName = "[No Variations]"
Change component parameters (AddParameter): Name = "Voltage Rating (DC)"; Value = "30V"; VariantName = "[No Variations]"
Change component parameters (AddParameter): Name = "Weight"; Value = "0.03g"; VariantName = "[No Variations]"
Change component parameters (AddParameter): Name = "Width"; Value = "1.6mm"; VariantName = "[No Variations]"
Change component parameters: Designator = "R703" ("R703"); Footprint = "R0805FTK"; UniqueID = "\EOUVXMZI\SORBYGFG" ("\EOUVXMZI\SORBYGFG")
Change component parameters (AddParameter): Name = ".Creator"; Value = "DR"; VariantName = "[No Variations]"
Change component parameters (AddParameter): Name = ".PCBcheck"; Value = ""; VariantName = "[No Variations]"
Change component parameters (AddParameter): Name = ".SCHcheck"; Value = ""; VariantName = "[No Variations]"
Change component parameters (AddParameter): Name = "Case Code (Metric)"; Value = "2012"; VariantName = "[No Variations]"
Change component parameters (AddParameter): Name = "Case/Package"; Value = "0805"; VariantName = "[No Variations]"
Change component parameters (AddParameter): Name = "Category"; Value = "Chip SMD Resistors"; VariantName = "[No Variations]"
Change component parameters (AddParameter): Name = "Circuit Type"; Value = ""; VariantName = "[No Variations]"
Change component parameters (AddParameter): Name = "Color"; Value = ""; VariantName = "[No Variations]"
Change component parameters (AddParameter): Name = "ComponentLink1Description"; Value = "https://datasheet.ciiva.com/11821/0900766b80fcdb72-11821135.pdf?src-supplier=RSComponents"; VariantName = "[No Variations]"
Change component parameters (AddParameter): Name = "ComponentLink1URL"; Value = "https://datasheet.ciiva.com/11821/0900766b80fcdb72-11821135.pdf?src-supplier=RSComponents"; VariantName = "[No Variations]"
Change component parameters (AddParameter): Name = "ComponentLink2Description"; Value = "https://datasheet.ciiva.com/9122/chpreztr-9122374.pdf?src-supplier=Avnet"; VariantName = "[No Variations]"
Change component parameters (AddParameter): Name = "ComponentLink2URL"; Value = "https://datasheet.ciiva.com/9122/chpreztr-9122374.pdf?src-supplier=Avnet"; VariantName = "[No Variations]"
Change component parameters (AddParameter): Name = "ComponentLink3Description"; Value = "https://datasheet.ciiva.com/22693/1902866-22693254.pdf?src-supplier=Element14"; VariantName = "[No Variations]"
Change component parameters (AddParameter): Name = "ComponentLink3URL"; Value = "https://datasheet.ciiva.com/22693/1902866-22693254.pdf?src-supplier=Element14"; VariantName = "[No Variations]"
Change component parameters (AddParameter): Name = "ComponentLink4Description"; Value = "https://datasheet.ciiva.com/7986/691949-7986187.pdf?src-supplier=Element14"; VariantName = "[No Variations]"
Change component parameters (AddParameter): Name = "ComponentLink4URL"; Value = "https://datasheet.ciiva.com/7986/691949-7986187.pdf?src-supplier=Element14"; VariantName = "[No Variations]"
Change component parameters (AddParameter): Name = "ComponentLink5Description"; Value = "https://datasheet.ciiva.com/30065/159chpreztr-30065976.pdf?src-supplier=Onlinecomponents.com"; VariantName = "[No Variations]"
Change component parameters (AddParameter): Name = "ComponentLink5URL"; Value = "https://datasheet.ciiva.com/30065/159chpreztr-30065976.pdf?src-supplier=Onlinecomponents.com"; VariantName = "[No Variations]"
Change component parameters (AddParameter): Name = "ComponentLink6Description"; Value = "https://datasheet.ciiva.com/16783/70154685-16783482.pdf?src-supplier=Allied+Electronics"; VariantName = "[No Variations]"
Change component parameters (AddParameter): Name = "ComponentLink6URL"; Value = "https://datasheet.ciiva.com/16783/70154685-16783482.pdf?src-supplier=Allied+Electronics"; VariantName = "[No Variations]"
Change component parameters (AddParameter): Name = "ComponentLink7Description"; Value = "https://datasheet.ciiva.com/5548/chpreztr-5548491.pdf?src-supplier=Mouser"; VariantName = "[No Variations]"
Change component parameters (AddParameter): Name = "ComponentLink7URL"; Value = "https://datasheet.ciiva.com/5548/chpreztr-5548491.pdf?src-supplier=Mouser"; VariantName = "[No Variations]"
Change component parameters (AddParameter): Name = "ComponentLink8Description"; Value = "https://datasheet.ciiva.com/6559/chpreztr-6559900.pdf?src-supplier=Digi-Key"; VariantName = "[No Variations]"
Change component parameters (AddParameter): Name = "ComponentLink8URL"; Value = "https://datasheet.ciiva.com/6559/chpreztr-6559900.pdf?src-supplier=Digi-Key"; VariantName = "[No Variations]"
Change component parameters (AddParameter): Name = "ComponentLink9Description"; Value = "https://datasheet.ciiva.com/6559/chpreztr-6559901.pdf?src-supplier=Digi-Key"; VariantName = "[No Variations]"
Change component parameters (AddParameter): Name = "ComponentLink9URL"; Value = "https://datasheet.ciiva.com/6559/chpreztr-6559901.pdf?src-supplier=Digi-Key"; VariantName = "[No Variations]"
Change component parameters (AddParameter): Name = "ComponentLink10Description"; Value = "https://datasheet.ciiva.com/7985/1856384-7985869.pdf?src-supplier=Element14"; VariantName = "[No Variations]"
Change component parameters (AddParameter): Name = "ComponentLink10URL"; Value = "https://datasheet.ciiva.com/7985/1856384-7985869.pdf?src-supplier=Element14"; VariantName = "[No Variations]"
Change component parameters (AddParameter): Name = "ComponentLink11Description"; Value = "https://datasheet.ciiva.com/48692/001055517-da-01-en-smd-wid-cr0805-jw-103elf-10k-ohm-1-8w-48692118.pdf?src-supplier=Conrad"; VariantName = "[No Variations]"
Change component parameters (AddParameter): Name = "ComponentLink11URL"; Value = "https://datasheet.ciiva.com/48692/001055517-da-01-en-smd-wid-cr0805-jw-103elf-10k-ohm-1-8w-48692118.pdf?src-supplier=Conrad"; VariantName = "[No Variations]"
Change component parameters (AddParameter): Name = "Construction"; Value = "Rectangular"; VariantName = "[No Variations]"
Change component parameters (AddParameter): Name = "Contact Plating"; Value = "Tin"; VariantName = "[No Variations]"
Change component parameters (AddParameter): Name = "Current Rating"; Value = ""; VariantName = "[No Variations]"
Change component parameters (AddParameter): Name = "Depth"; Value = "1.25mm"; VariantName = "[No Variations]"
Change component parameters (AddParameter): Name = "Design Item ID"; Value = "R10k-0805FTK"; VariantName = "[No Variations]"
Change component parameters (AddParameter): Name = "ELV"; Value = ""; VariantName = "[No Variations]"
Change component parameters (AddParameter): Name = "Features"; Value = "Moisture Resistant"; VariantName = "[No Variations]"
Change component parameters (AddParameter): Name = "Height"; Value = "0.5mm"; VariantName = "[No Variations]"
Change component parameters (AddParameter): Name = "Insulation Resistance"; Value = ""; VariantName = "[No Variations]"
Change component parameters (AddParameter): Name = "Lead Free"; Value = ""; VariantName = "[No Variations]"
Change component parameters (AddParameter): Name = "Lead Length"; Value = ""; VariantName = "[No Variations]"
Change component parameters (AddParameter): Name = "Length"; Value = "2mm"; VariantName = "[No Variations]"
Change component parameters (AddParameter): Name = "Manufacturer"; Value = ""; VariantName = "[No Variations]"
Change component parameters (AddParameter): Name = "Manufacturer 1"; Value = "Bourns"; VariantName = "[No Variations]"
Change component parameters (AddParameter): Name = "Manufacturer Part Number"; Value = ""; VariantName = "[No Variations]"
Change component parameters (AddParameter): Name = "Manufacturer Part Number 1"; Value = "CR0805-JW-103ELF"; VariantName = "[No Variations]"
Change component parameters (AddParameter): Name = "Max Operating Temperature"; Value = "155°C"; VariantName = "[No Variations]"
Change component parameters (AddParameter): Name = "Max Power Dissipation"; Value = "125mW"; VariantName = "[No Variations]"
Change component parameters (AddParameter): Name = "Military Standard"; Value = "Not"; VariantName = "[No Variations]"
Change component parameters (AddParameter): Name = "Min Operating Temperature"; Value = "-55°C"; VariantName = "[No Variations]"
Change component parameters (AddParameter): Name = "Mount"; Value = "Surface Mount"; VariantName = "[No Variations]"
Change component parameters (AddParameter): Name = "Mounting Technology"; Value = ""; VariantName = "[No Variations]"
Change component parameters (AddParameter): Name = "Number of Contacts"; Value = ""; VariantName = "[No Variations]"
Change component parameters (AddParameter): Name = "Number of Elements"; Value = ""; VariantName = "[No Variations]"
Change component parameters (AddParameter): Name = "Number of Resistors"; Value = ""; VariantName = "[No Variations]"
Change component parameters (AddParameter): Name = "Number of Terminals/Pins"; Value = ""; VariantName = "[No Variations]"
Change component parameters (AddParameter): Name = "Number of Terminations"; Value = "2"; VariantName = "[No Variations]"
Change component parameters (AddParameter): Name = "Number of Turns"; Value = ""; VariantName = "[No Variations]"
Change component parameters (AddParameter): Name = "Package Quantity"; Value = "1"; VariantName = "[No Variations]"
Change component parameters (AddParameter): Name = "Package Shape"; Value = ""; VariantName = "[No Variations]"
Change component parameters (AddParameter): Name = "Packaging"; Value = "Tape and Reel"; VariantName = "[No Variations]"
Change component parameters (AddParameter): Name = "Pins"; Value = "2"; VariantName = "[No Variations]"
Change component parameters (AddParameter): Name = "Power"; Value = ""; VariantName = "[No Variations]"
Change component parameters (AddParameter): Name = "Power Per Element"; Value = ""; VariantName = "[No Variations]"
Change component parameters (AddParameter): Name = "Power Rating"; Value = "125mW"; VariantName = "[No Variations]"
Change component parameters (AddParameter): Name = "Pricing 1"; Value = "1=0,05790, 10=0,01540, 25=0,01340, 100=0,00340 (USD)"; VariantName = "[No Variations]"
Change component parameters (AddParameter): Name = "Radiation Hardening"; Value = "No"; VariantName = "[No Variations]"
Change component parameters (AddParameter): Name = "REACH SVHC"; Value = "No SVHC"; VariantName = "[No Variations]"
Change component parameters (AddParameter): Name = "Resistance"; Value = ""; VariantName = "[No Variations]"
Change component parameters (AddParameter): Name = "Resistance Tolerance"; Value = "5%"; VariantName = "[No Variations]"
Change component parameters (AddParameter): Name = "Resistence"; Value = ""; VariantName = "[No Variations]"
Change component parameters (AddParameter): Name = "Resistor Type"; Value = "Thick Film"; VariantName = "[No Variations]"
Change component parameters (AddParameter): Name = "RoHS"; Value = "Yes"; VariantName = "[No Variations]"
Change component parameters (AddParameter): Name = "RoHS Compliant"; Value = "Yes"; VariantName = "[No Variations]"
Change component parameters (AddParameter): Name = "Series"; Value = "CR0805"; VariantName = "[No Variations]"
Change component parameters (AddParameter): Name = "Size Code"; Value = ""; VariantName = "[No Variations]"
Change component parameters (AddParameter): Name = "Source"; Value = "Passives.SchLib"; VariantName = "[No Variations]"
Change component parameters (AddParameter): Name = "Stock 1"; Value = "57566"; VariantName = "[No Variations]"
Change component parameters (AddParameter): Name = "Taper"; Value = ""; VariantName = "[No Variations]"
Change component parameters (AddParameter): Name = "Technology"; Value = "THICK FILM"; VariantName = "[No Variations]"
Change component parameters (AddParameter): Name = "Temperature Coefficient"; Value = "200ppm/°C"; VariantName = "[No Variations]"
Change component parameters (AddParameter): Name = "Terminal Finish"; Value = ""; VariantName = "[No Variations]"
Change component parameters (AddParameter): Name = "Terminal Pitch"; Value = ""; VariantName = "[No Variations]"
Change component parameters (AddParameter): Name = "Termination"; Value = "SMD/SMT"; VariantName = "[No Variations]"
Change component parameters (AddParameter): Name = "Thickness"; Value = "508um"; VariantName = "[No Variations]"
Change component parameters (AddParameter): Name = "Tolerance"; Value = "5%"; VariantName = "[No Variations]"
Change component parameters (AddParameter): Name = "Value"; Value = "10k"; VariantName = "[No Variations]"
Change component parameters (AddParameter): Name = "Voltage Rating"; Value = "150V"; VariantName = "[No Variations]"
Change component parameters (AddParameter): Name = "Voltage Rating (DC)"; Value = "100V"; VariantName = "[No Variations]"
Change component parameters (AddParameter): Name = "Weight"; Value = ""; VariantName = "[No Variations]"
Change component parameters (AddParameter): Name = "Width"; Value = "1.25mm"; VariantName = "[No Variations]"
Change component parameters (AddParameter): Name = "Working Voltage"; Value = ""; VariantName = "[No Variations]"
Change component parameters: Designator = "R705" ("R705"); Footprint = "R0805FTK"; UniqueID = "\EOUVXMZI\FBFOOXCA" ("\EOUVXMZI\FBFOOXCA")
Change component parameters (AddParameter): Name = ".Creator"; Value = "DR"; VariantName = "[No Variations]"
Change component parameters (AddParameter): Name = ".PCBcheck"; Value = ""; VariantName = "[No Variations]"
Change component parameters (AddParameter): Name = ".SCHcheck"; Value = ""; VariantName = "[No Variations]"
Change component parameters (AddParameter): Name = "Case Code (Metric)"; Value = "2012"; VariantName = "[No Variations]"
Change component parameters (AddParameter): Name = "Case/Package"; Value = "0805"; VariantName = "[No Variations]"
Change component parameters (AddParameter): Name = "Category"; Value = "Chip SMD Resistors"; VariantName = "[No Variations]"
Change component parameters (AddParameter): Name = "Circuit Type"; Value = ""; VariantName = "[No Variations]"
Change component parameters (AddParameter): Name = "Color"; Value = ""; VariantName = "[No Variations]"
Change component parameters (AddParameter): Name = "ComponentLink1Description"; Value = "https://datasheet.ciiva.com/11821/0900766b80fcdb72-11821135.pdf?src-supplier=RSComponents"; VariantName = "[No Variations]"
Change component parameters (AddParameter): Name = "ComponentLink1URL"; Value = "https://datasheet.ciiva.com/11821/0900766b80fcdb72-11821135.pdf?src-supplier=RSComponents"; VariantName = "[No Variations]"
Change component parameters (AddParameter): Name = "ComponentLink2Description"; Value = "https://datasheet.ciiva.com/9122/chpreztr-9122374.pdf?src-supplier=Avnet"; VariantName = "[No Variations]"
Change component parameters (AddParameter): Name = "ComponentLink2URL"; Value = "https://datasheet.ciiva.com/9122/chpreztr-9122374.pdf?src-supplier=Avnet"; VariantName = "[No Variations]"
Change component parameters (AddParameter): Name = "ComponentLink3Description"; Value = "https://datasheet.ciiva.com/22693/1902866-22693254.pdf?src-supplier=Element14"; VariantName = "[No Variations]"
Change component parameters (AddParameter): Name = "ComponentLink3URL"; Value = "https://datasheet.ciiva.com/22693/1902866-22693254.pdf?src-supplier=Element14"; VariantName = "[No Variations]"
Change component parameters (AddParameter): Name = "ComponentLink4Description"; Value = "https://datasheet.ciiva.com/7986/691949-7986187.pdf?src-supplier=Element14"; VariantName = "[No Variations]"
Change component parameters (AddParameter): Name = "ComponentLink4URL"; Value = "https://datasheet.ciiva.com/7986/691949-7986187.pdf?src-supplier=Element14"; VariantName = "[No Variations]"
Change component parameters (AddParameter): Name = "ComponentLink5Description"; Value = "https://datasheet.ciiva.com/30065/159chpreztr-30065976.pdf?src-supplier=Onlinecomponents.com"; VariantName = "[No Variations]"
Change component parameters (AddParameter): Name = "ComponentLink5URL"; Value = "https://datasheet.ciiva.com/30065/159chpreztr-30065976.pdf?src-supplier=Onlinecomponents.com"; VariantName = "[No Variations]"
Change component parameters (AddParameter): Name = "ComponentLink6Description"; Value = "https://datasheet.ciiva.com/16783/70154685-16783482.pdf?src-supplier=Allied+Electronics"; VariantName = "[No Variations]"
Change component parameters (AddParameter): Name = "ComponentLink6URL"; Value = "https://datasheet.ciiva.com/16783/70154685-16783482.pdf?src-supplier=Allied+Electronics"; VariantName = "[No Variations]"
Change component parameters (AddParameter): Name = "ComponentLink7Description"; Value = "https://datasheet.ciiva.com/5548/chpreztr-5548491.pdf?src-supplier=Mouser"; VariantName = "[No Variations]"
Change component parameters (AddParameter): Name = "ComponentLink7URL"; Value = "https://datasheet.ciiva.com/5548/chpreztr-5548491.pdf?src-supplier=Mouser"; VariantName = "[No Variations]"
Change component parameters (AddParameter): Name = "ComponentLink8Description"; Value = "https://datasheet.ciiva.com/6559/chpreztr-6559900.pdf?src-supplier=Digi-Key"; VariantName = "[No Variations]"
Change component parameters (AddParameter): Name = "ComponentLink8URL"; Value = "https://datasheet.ciiva.com/6559/chpreztr-6559900.pdf?src-supplier=Digi-Key"; VariantName = "[No Variations]"
Change component parameters (AddParameter): Name = "ComponentLink9Description"; Value = "https://datasheet.ciiva.com/6559/chpreztr-6559901.pdf?src-supplier=Digi-Key"; VariantName = "[No Variations]"
Change component parameters (AddParameter): Name = "ComponentLink9URL"; Value = "https://datasheet.ciiva.com/6559/chpreztr-6559901.pdf?src-supplier=Digi-Key"; VariantName = "[No Variations]"
Change component parameters (AddParameter): Name = "ComponentLink10Description"; Value = "https://datasheet.ciiva.com/7985/1856384-7985869.pdf?src-supplier=Element14"; VariantName = "[No Variations]"
Change component parameters (AddParameter): Name = "ComponentLink10URL"; Value = "https://datasheet.ciiva.com/7985/1856384-7985869.pdf?src-supplier=Element14"; VariantName = "[No Variations]"
Change component parameters (AddParameter): Name = "ComponentLink11Description"; Value = "https://datasheet.ciiva.com/48692/001055517-da-01-en-smd-wid-cr0805-jw-103elf-10k-ohm-1-8w-48692118.pdf?src-supplier=Conrad"; VariantName = "[No Variations]"
Change component parameters (AddParameter): Name = "ComponentLink11URL"; Value = "https://datasheet.ciiva.com/48692/001055517-da-01-en-smd-wid-cr0805-jw-103elf-10k-ohm-1-8w-48692118.pdf?src-supplier=Conrad"; VariantName = "[No Variations]"
Change component parameters (AddParameter): Name = "Construction"; Value = "Rectangular"; VariantName = "[No Variations]"
Change component parameters (AddParameter): Name = "Contact Plating"; Value = "Tin"; VariantName = "[No Variations]"
Change component parameters (AddParameter): Name = "Current Rating"; Value = ""; VariantName = "[No Variations]"
Change component parameters (AddParameter): Name = "Depth"; Value = "1.25mm"; VariantName = "[No Variations]"
Change component parameters (AddParameter): Name = "Design Item ID"; Value = "R10k-0805FTK"; VariantName = "[No Variations]"
Change component parameters (AddParameter): Name = "ELV"; Value = ""; VariantName = "[No Variations]"
Change component parameters (AddParameter): Name = "Features"; Value = "Moisture Resistant"; VariantName = "[No Variations]"
Change component parameters (AddParameter): Name = "Height"; Value = "0.5mm"; VariantName = "[No Variations]"
Change component parameters (AddParameter): Name = "Insulation Resistance"; Value = ""; VariantName = "[No Variations]"
Change component parameters (AddParameter): Name = "Lead Free"; Value = ""; VariantName = "[No Variations]"
Change component parameters (AddParameter): Name = "Lead Length"; Value = ""; VariantName = "[No Variations]"
Change component parameters (AddParameter): Name = "Length"; Value = "2mm"; VariantName = "[No Variations]"
Change component parameters (AddParameter): Name = "Manufacturer"; Value = ""; VariantName = "[No Variations]"
Change component parameters (AddParameter): Name = "Manufacturer 1"; Value = "Bourns"; VariantName = "[No Variations]"
Change component parameters (AddParameter): Name = "Manufacturer Part Number"; Value = ""; VariantName = "[No Variations]"
Change component parameters (AddParameter): Name = "Manufacturer Part Number 1"; Value = "CR0805-JW-103ELF"; VariantName = "[No Variations]"
Change component parameters (AddParameter): Name = "Max Operating Temperature"; Value = "155°C"; VariantName = "[No Variations]"
Change component parameters (AddParameter): Name = "Max Power Dissipation"; Value = "125mW"; VariantName = "[No Variations]"
Change component parameters (AddParameter): Name = "Military Standard"; Value = "Not"; VariantName = "[No Variations]"
Change component parameters (AddParameter): Name = "Min Operating Temperature"; Value = "-55°C"; VariantName = "[No Variations]"
Change component parameters (AddParameter): Name = "Mount"; Value = "Surface Mount"; VariantName = "[No Variations]"
Change component parameters (AddParameter): Name = "Mounting Technology"; Value = ""; VariantName = "[No Variations]"
Change component parameters (AddParameter): Name = "Number of Contacts"; Value = ""; VariantName = "[No Variations]"
Change component parameters (AddParameter): Name = "Number of Elements"; Value = ""; VariantName = "[No Variations]"
Change component parameters (AddParameter): Name = "Number of Resistors"; Value = ""; VariantName = "[No Variations]"
Change component parameters (AddParameter): Name = "Number of Terminals/Pins"; Value = ""; VariantName = "[No Variations]"
Change component parameters (AddParameter): Name = "Number of Terminations"; Value = "2"; VariantName = "[No Variations]"
Change component parameters (AddParameter): Name = "Number of Turns"; Value = ""; VariantName = "[No Variations]"
Change component parameters (AddParameter): Name = "Package Quantity"; Value = "1"; VariantName = "[No Variations]"
Change component parameters (AddParameter): Name = "Package Shape"; Value = ""; VariantName = "[No Variations]"
Change component parameters (AddParameter): Name = "Packaging"; Value = "Tape and Reel"; VariantName = "[No Variations]"
Change component parameters (AddParameter): Name = "Pins"; Value = "2"; VariantName = "[No Variations]"
Change component parameters (AddParameter): Name = "Power"; Value = ""; VariantName = "[No Variations]"
Change component parameters (AddParameter): Name = "Power Per Element"; Value = ""; VariantName = "[No Variations]"
Change component parameters (AddParameter): Name = "Power Rating"; Value = "125mW"; VariantName = "[No Variations]"
Change component parameters (AddParameter): Name = "Pricing 1"; Value = "1=0,05790, 10=0,01540, 25=0,01340, 100=0,00340 (USD)"; VariantName = "[No Variations]"
Change component parameters (AddParameter): Name = "Radiation Hardening"; Value = "No"; VariantName = "[No Variations]"
Change component parameters (AddParameter): Name = "REACH SVHC"; Value = "No SVHC"; VariantName = "[No Variations]"
Change component parameters (AddParameter): Name = "Resistance"; Value = ""; VariantName = "[No Variations]"
Change component parameters (AddParameter): Name = "Resistance Tolerance"; Value = "5%"; VariantName = "[No Variations]"
Change component parameters (AddParameter): Name = "Resistence"; Value = ""; VariantName = "[No Variations]"
Change component parameters (AddParameter): Name = "Resistor Type"; Value = "Thick Film"; VariantName = "[No Variations]"
Change component parameters (AddParameter): Name = "RoHS"; Value = "Yes"; VariantName = "[No Variations]"
Change component parameters (AddParameter): Name = "RoHS Compliant"; Value = "Yes"; VariantName = "[No Variations]"
Change component parameters (AddParameter): Name = "Series"; Value = "CR0805"; VariantName = "[No Variations]"
Change component parameters (AddParameter): Name = "Size Code"; Value = ""; VariantName = "[No Variations]"
Change component parameters (AddParameter): Name = "Source"; Value = "Passives.SchLib"; VariantName = "[No Variations]"
Change component parameters (AddParameter): Name = "Stock 1"; Value = "57566"; VariantName = "[No Variations]"
Change component parameters (AddParameter): Name = "Taper"; Value = ""; VariantName = "[No Variations]"
Change component parameters (AddParameter): Name = "Technology"; Value = "THICK FILM"; VariantName = "[No Variations]"
Change component parameters (AddParameter): Name = "Temperature Coefficient"; Value = "200ppm/°C"; VariantName = "[No Variations]"
Change component parameters (AddParameter): Name = "Terminal Finish"; Value = ""; VariantName = "[No Variations]"
Change component parameters (AddParameter): Name = "Terminal Pitch"; Value = ""; VariantName = "[No Variations]"
Change component parameters (AddParameter): Name = "Termination"; Value = "SMD/SMT"; VariantName = "[No Variations]"
Change component parameters (AddParameter): Name = "Thickness"; Value = "508um"; VariantName = "[No Variations]"
Change component parameters (AddParameter): Name = "Tolerance"; Value = "5%"; VariantName = "[No Variations]"
Change component parameters (AddParameter): Name = "Value"; Value = "10k"; VariantName = "[No Variations]"
Change component parameters (AddParameter): Name = "Voltage Rating"; Value = "150V"; VariantName = "[No Variations]"
Change component parameters (AddParameter): Name = "Voltage Rating (DC)"; Value = "100V"; VariantName = "[No Variations]"
Change component parameters (AddParameter): Name = "Weight"; Value = ""; VariantName = "[No Variations]"
Change component parameters (AddParameter): Name = "Width"; Value = "1.25mm"; VariantName = "[No Variations]"
Change component parameters (AddParameter): Name = "Working Voltage"; Value = ""; VariantName = "[No Variations]"
Change component parameters: Designator = "R706" ("R706"); Footprint = "R0805FTK"; UniqueID = "\EOUVXMZI\GTXPHDRN" ("\EOUVXMZI\GTXPHDRN")
Change component parameters (AddParameter): Name = ".Creator"; Value = "DR"; VariantName = "[No Variations]"
Change component parameters (AddParameter): Name = ".PCBcheck"; Value = ""; VariantName = "[No Variations]"
Change component parameters (AddParameter): Name = ".SCHcheck"; Value = ""; VariantName = "[No Variations]"
Change component parameters (AddParameter): Name = "Case Code (Metric)"; Value = "2012"; VariantName = "[No Variations]"
Change component parameters (AddParameter): Name = "Case/Package"; Value = "0805"; VariantName = "[No Variations]"
Change component parameters (AddParameter): Name = "Category"; Value = "Chip SMD Resistors"; VariantName = "[No Variations]"
Change component parameters (AddParameter): Name = "Circuit Type"; Value = ""; VariantName = "[No Variations]"
Change component parameters (AddParameter): Name = "Color"; Value = ""; VariantName = "[No Variations]"
Change component parameters (AddParameter): Name = "ComponentLink1Description"; Value = "https://datasheet.ciiva.com/11821/0900766b80fcdb72-11821135.pdf?src-supplier=RSComponents"; VariantName = "[No Variations]"
Change component parameters (AddParameter): Name = "ComponentLink1URL"; Value = "https://datasheet.ciiva.com/11821/0900766b80fcdb72-11821135.pdf?src-supplier=RSComponents"; VariantName = "[No Variations]"
Change component parameters (AddParameter): Name = "ComponentLink2Description"; Value = "https://datasheet.ciiva.com/9122/chpreztr-9122374.pdf?src-supplier=Avnet"; VariantName = "[No Variations]"
Change component parameters (AddParameter): Name = "ComponentLink2URL"; Value = "https://datasheet.ciiva.com/9122/chpreztr-9122374.pdf?src-supplier=Avnet"; VariantName = "[No Variations]"
Change component parameters (AddParameter): Name = "ComponentLink3Description"; Value = "https://datasheet.ciiva.com/22693/1902866-22693254.pdf?src-supplier=Element14"; VariantName = "[No Variations]"
Change component parameters (AddParameter): Name = "ComponentLink3URL"; Value = "https://datasheet.ciiva.com/22693/1902866-22693254.pdf?src-supplier=Element14"; VariantName = "[No Variations]"
Change component parameters (AddParameter): Name = "ComponentLink4Description"; Value = "https://datasheet.ciiva.com/7986/691949-7986187.pdf?src-supplier=Element14"; VariantName = "[No Variations]"
Change component parameters (AddParameter): Name = "ComponentLink4URL"; Value = "https://datasheet.ciiva.com/7986/691949-7986187.pdf?src-supplier=Element14"; VariantName = "[No Variations]"
Change component parameters (AddParameter): Name = "ComponentLink5Description"; Value = "https://datasheet.ciiva.com/30065/159chpreztr-30065976.pdf?src-supplier=Onlinecomponents.com"; VariantName = "[No Variations]"
Change component parameters (AddParameter): Name = "ComponentLink5URL"; Value = "https://datasheet.ciiva.com/30065/159chpreztr-30065976.pdf?src-supplier=Onlinecomponents.com"; VariantName = "[No Variations]"
Change component parameters (AddParameter): Name = "ComponentLink6Description"; Value = "https://datasheet.ciiva.com/16783/70154685-16783482.pdf?src-supplier=Allied+Electronics"; VariantName = "[No Variations]"
Change component parameters (AddParameter): Name = "ComponentLink6URL"; Value = "https://datasheet.ciiva.com/16783/70154685-16783482.pdf?src-supplier=Allied+Electronics"; VariantName = "[No Variations]"
Change component parameters (AddParameter): Name = "ComponentLink7Description"; Value = "https://datasheet.ciiva.com/5548/chpreztr-5548491.pdf?src-supplier=Mouser"; VariantName = "[No Variations]"
Change component parameters (AddParameter): Name = "ComponentLink7URL"; Value = "https://datasheet.ciiva.com/5548/chpreztr-5548491.pdf?src-supplier=Mouser"; VariantName = "[No Variations]"
Change component parameters (AddParameter): Name = "ComponentLink8Description"; Value = "https://datasheet.ciiva.com/6559/chpreztr-6559900.pdf?src-supplier=Digi-Key"; VariantName = "[No Variations]"
Change component parameters (AddParameter): Name = "ComponentLink8URL"; Value = "https://datasheet.ciiva.com/6559/chpreztr-6559900.pdf?src-supplier=Digi-Key"; VariantName = "[No Variations]"
Change component parameters (AddParameter): Name = "ComponentLink9Description"; Value = "https://datasheet.ciiva.com/6559/chpreztr-6559901.pdf?src-supplier=Digi-Key"; VariantName = "[No Variations]"
Change component parameters (AddParameter): Name = "ComponentLink9URL"; Value = "https://datasheet.ciiva.com/6559/chpreztr-6559901.pdf?src-supplier=Digi-Key"; VariantName = "[No Variations]"
Change component parameters (AddParameter): Name = "ComponentLink10Description"; Value = "https://datasheet.ciiva.com/7985/1856384-7985869.pdf?src-supplier=Element14"; VariantName = "[No Variations]"
Change component parameters (AddParameter): Name = "ComponentLink10URL"; Value = "https://datasheet.ciiva.com/7985/1856384-7985869.pdf?src-supplier=Element14"; VariantName = "[No Variations]"
Change component parameters (AddParameter): Name = "ComponentLink11Description"; Value = "https://datasheet.ciiva.com/48692/001055517-da-01-en-smd-wid-cr0805-jw-103elf-10k-ohm-1-8w-48692118.pdf?src-supplier=Conrad"; VariantName = "[No Variations]"
Change component parameters (AddParameter): Name = "ComponentLink11URL"; Value = "https://datasheet.ciiva.com/48692/001055517-da-01-en-smd-wid-cr0805-jw-103elf-10k-ohm-1-8w-48692118.pdf?src-supplier=Conrad"; VariantName = "[No Variations]"
Change component parameters (AddParameter): Name = "Construction"; Value = "Rectangular"; VariantName = "[No Variations]"
Change component parameters (AddParameter): Name = "Contact Plating"; Value = "Tin"; VariantName = "[No Variations]"
Change component parameters (AddParameter): Name = "Current Rating"; Value = ""; VariantName = "[No Variations]"
Change component parameters (AddParameter): Name = "Depth"; Value = "1.25mm"; VariantName = "[No Variations]"
Change component parameters (AddParameter): Name = "Design Item ID"; Value = "R10k-0805FTK"; VariantName = "[No Variations]"
Change component parameters (AddParameter): Name = "ELV"; Value = ""; VariantName = "[No Variations]"
Change component parameters (AddParameter): Name = "Features"; Value = "Moisture Resistant"; VariantName = "[No Variations]"
Change component parameters (AddParameter): Name = "Height"; Value = "0.5mm"; VariantName = "[No Variations]"
Change component parameters (AddParameter): Name = "Insulation Resistance"; Value = ""; VariantName = "[No Variations]"
Change component parameters (AddParameter): Name = "Lead Free"; Value = ""; VariantName = "[No Variations]"
Change component parameters (AddParameter): Name = "Lead Length"; Value = ""; VariantName = "[No Variations]"
Change component parameters (AddParameter): Name = "Length"; Value = "2mm"; VariantName = "[No Variations]"
Change component parameters (AddParameter): Name = "Manufacturer"; Value = ""; VariantName = "[No Variations]"
Change component parameters (AddParameter): Name = "Manufacturer 1"; Value = "Bourns"; VariantName = "[No Variations]"
Change component parameters (AddParameter): Name = "Manufacturer Part Number"; Value = ""; VariantName = "[No Variations]"
Change component parameters (AddParameter): Name = "Manufacturer Part Number 1"; Value = "CR0805-JW-103ELF"; VariantName = "[No Variations]"
Change component parameters (AddParameter): Name = "Max Operating Temperature"; Value = "155°C"; VariantName = "[No Variations]"
Change component parameters (AddParameter): Name = "Max Power Dissipation"; Value = "125mW"; VariantName = "[No Variations]"
Change component parameters (AddParameter): Name = "Military Standard"; Value = "Not"; VariantName = "[No Variations]"
Change component parameters (AddParameter): Name = "Min Operating Temperature"; Value = "-55°C"; VariantName = "[No Variations]"
Change component parameters (AddParameter): Name = "Mount"; Value = "Surface Mount"; VariantName = "[No Variations]"
Change component parameters (AddParameter): Name = "Mounting Technology"; Value = ""; VariantName = "[No Variations]"
Change component parameters (AddParameter): Name = "Number of Contacts"; Value = ""; VariantName = "[No Variations]"
Change component parameters (AddParameter): Name = "Number of Elements"; Value = ""; VariantName = "[No Variations]"
Change component parameters (AddParameter): Name = "Number of Resistors"; Value = ""; VariantName = "[No Variations]"
Change component parameters (AddParameter): Name = "Number of Terminals/Pins"; Value = ""; VariantName = "[No Variations]"
Change component parameters (AddParameter): Name = "Number of Terminations"; Value = "2"; VariantName = "[No Variations]"
Change component parameters (AddParameter): Name = "Number of Turns"; Value = ""; VariantName = "[No Variations]"
Change component parameters (AddParameter): Name = "Package Quantity"; Value = "1"; VariantName = "[No Variations]"
Change component parameters (AddParameter): Name = "Package Shape"; Value = ""; VariantName = "[No Variations]"
Change component parameters (AddParameter): Name = "Packaging"; Value = "Tape and Reel"; VariantName = "[No Variations]"
Change component parameters (AddParameter): Name = "Pins"; Value = "2"; VariantName = "[No Variations]"
Change component parameters (AddParameter): Name = "Power"; Value = ""; VariantName = "[No Variations]"
Change component parameters (AddParameter): Name = "Power Per Element"; Value = ""; VariantName = "[No Variations]"
Change component parameters (AddParameter): Name = "Power Rating"; Value = "125mW"; VariantName = "[No Variations]"
Change component parameters (AddParameter): Name = "Pricing 1"; Value = "1=0,05790, 10=0,01540, 25=0,01340, 100=0,00340 (USD)"; VariantName = "[No Variations]"
Change component parameters (AddParameter): Name = "Radiation Hardening"; Value = "No"; VariantName = "[No Variations]"
Change component parameters (AddParameter): Name = "REACH SVHC"; Value = "No SVHC"; VariantName = "[No Variations]"
Change component parameters (AddParameter): Name = "Resistance"; Value = ""; VariantName = "[No Variations]"
Change component parameters (AddParameter): Name = "Resistance Tolerance"; Value = "5%"; VariantName = "[No Variations]"
Change component parameters (AddParameter): Name = "Resistence"; Value = ""; VariantName = "[No Variations]"
Change component parameters (AddParameter): Name = "Resistor Type"; Value = "Thick Film"; VariantName = "[No Variations]"
Change component parameters (AddParameter): Name = "RoHS"; Value = "Yes"; VariantName = "[No Variations]"
Change component parameters (AddParameter): Name = "RoHS Compliant"; Value = "Yes"; VariantName = "[No Variations]"
Change component parameters (AddParameter): Name = "Series"; Value = "CR0805"; VariantName = "[No Variations]"
Change component parameters (AddParameter): Name = "Size Code"; Value = ""; VariantName = "[No Variations]"
Change component parameters (AddParameter): Name = "Source"; Value = "Passives.SchLib"; VariantName = "[No Variations]"
Change component parameters (AddParameter): Name = "Stock 1"; Value = "57566"; VariantName = "[No Variations]"
Change component parameters (AddParameter): Name = "Taper"; Value = ""; VariantName = "[No Variations]"
Change component parameters (AddParameter): Name = "Technology"; Value = "THICK FILM"; VariantName = "[No Variations]"
Change component parameters (AddParameter): Name = "Temperature Coefficient"; Value = "200ppm/°C"; VariantName = "[No Variations]"
Change component parameters (AddParameter): Name = "Terminal Finish"; Value = ""; VariantName = "[No Variations]"
Change component parameters (AddParameter): Name = "Terminal Pitch"; Value = ""; VariantName = "[No Variations]"
Change component parameters (AddParameter): Name = "Termination"; Value = "SMD/SMT"; VariantName = "[No Variations]"
Change component parameters (AddParameter): Name = "Thickness"; Value = "508um"; VariantName = "[No Variations]"
Change component parameters (AddParameter): Name = "Tolerance"; Value = "5%"; VariantName = "[No Variations]"
Change component parameters (AddParameter): Name = "Value"; Value = "10k"; VariantName = "[No Variations]"
Change component parameters (AddParameter): Name = "Voltage Rating"; Value = "150V"; VariantName = "[No Variations]"
Change component parameters (AddParameter): Name = "Voltage Rating (DC)"; Value = "100V"; VariantName = "[No Variations]"
Change component parameters (AddParameter): Name = "Weight"; Value = ""; VariantName = "[No Variations]"
Change component parameters (AddParameter): Name = "Width"; Value = "1.25mm"; VariantName = "[No Variations]"
Change component parameters (AddParameter): Name = "Working Voltage"; Value = ""; VariantName = "[No Variations]"
Change component parameters: Designator = "R707" ("R707"); Footprint = "R0805FTK"; UniqueID = "\EOUVXMZI\KPXRGFTD" ("\EOUVXMZI\KPXRGFTD")
Change component parameters (AddParameter): Name = ".Creator"; Value = "DR"; VariantName = "[No Variations]"
Change component parameters (AddParameter): Name = ".PCBcheck"; Value = ""; VariantName = "[No Variations]"
Change component parameters (AddParameter): Name = ".SCHcheck"; Value = ""; VariantName = "[No Variations]"
Change component parameters (AddParameter): Name = "Case Code (Metric)"; Value = "2012"; VariantName = "[No Variations]"
Change component parameters (AddParameter): Name = "Case/Package"; Value = "0805"; VariantName = "[No Variations]"
Change component parameters (AddParameter): Name = "Category"; Value = "Chip SMD Resistors"; VariantName = "[No Variations]"
Change component parameters (AddParameter): Name = "Circuit Type"; Value = ""; VariantName = "[No Variations]"
Change component parameters (AddParameter): Name = "Color"; Value = ""; VariantName = "[No Variations]"
Change component parameters (AddParameter): Name = "ComponentLink1Description"; Value = "https://datasheet.ciiva.com/11821/0900766b80fcdb72-11821135.pdf?src-supplier=RSComponents"; VariantName = "[No Variations]"
Change component parameters (AddParameter): Name = "ComponentLink1URL"; Value = "https://datasheet.ciiva.com/11821/0900766b80fcdb72-11821135.pdf?src-supplier=RSComponents"; VariantName = "[No Variations]"
Change component parameters (AddParameter): Name = "ComponentLink2Description"; Value = "https://datasheet.ciiva.com/9122/chpreztr-9122374.pdf?src-supplier=Avnet"; VariantName = "[No Variations]"
Change component parameters (AddParameter): Name = "ComponentLink2URL"; Value = "https://datasheet.ciiva.com/9122/chpreztr-9122374.pdf?src-supplier=Avnet"; VariantName = "[No Variations]"
Change component parameters (AddParameter): Name = "ComponentLink3Description"; Value = "https://datasheet.ciiva.com/22693/1902866-22693254.pdf?src-supplier=Element14"; VariantName = "[No Variations]"
Change component parameters (AddParameter): Name = "ComponentLink3URL"; Value = "https://datasheet.ciiva.com/22693/1902866-22693254.pdf?src-supplier=Element14"; VariantName = "[No Variations]"
Change component parameters (AddParameter): Name = "ComponentLink4Description"; Value = "https://datasheet.ciiva.com/7986/691949-7986187.pdf?src-supplier=Element14"; VariantName = "[No Variations]"
Change component parameters (AddParameter): Name = "ComponentLink4URL"; Value = "https://datasheet.ciiva.com/7986/691949-7986187.pdf?src-supplier=Element14"; VariantName = "[No Variations]"
Change component parameters (AddParameter): Name = "ComponentLink5Description"; Value = "https://datasheet.ciiva.com/30065/159chpreztr-30065976.pdf?src-supplier=Onlinecomponents.com"; VariantName = "[No Variations]"
Change component parameters (AddParameter): Name = "ComponentLink5URL"; Value = "https://datasheet.ciiva.com/30065/159chpreztr-30065976.pdf?src-supplier=Onlinecomponents.com"; VariantName = "[No Variations]"
Change component parameters (AddParameter): Name = "ComponentLink6Description"; Value = "https://datasheet.ciiva.com/16783/70154685-16783482.pdf?src-supplier=Allied+Electronics"; VariantName = "[No Variations]"
Change component parameters (AddParameter): Name = "ComponentLink6URL"; Value = "https://datasheet.ciiva.com/16783/70154685-16783482.pdf?src-supplier=Allied+Electronics"; VariantName = "[No Variations]"
Change component parameters (AddParameter): Name = "ComponentLink7Description"; Value = "https://datasheet.ciiva.com/5548/chpreztr-5548491.pdf?src-supplier=Mouser"; VariantName = "[No Variations]"
Change component parameters (AddParameter): Name = "ComponentLink7URL"; Value = "https://datasheet.ciiva.com/5548/chpreztr-5548491.pdf?src-supplier=Mouser"; VariantName = "[No Variations]"
Change component parameters (AddParameter): Name = "ComponentLink8Description"; Value = "https://datasheet.ciiva.com/6559/chpreztr-6559900.pdf?src-supplier=Digi-Key"; VariantName = "[No Variations]"
Change component parameters (AddParameter): Name = "ComponentLink8URL"; Value = "https://datasheet.ciiva.com/6559/chpreztr-6559900.pdf?src-supplier=Digi-Key"; VariantName = "[No Variations]"
Change component parameters (AddParameter): Name = "ComponentLink9Description"; Value = "https://datasheet.ciiva.com/6559/chpreztr-6559901.pdf?src-supplier=Digi-Key"; VariantName = "[No Variations]"
Change component parameters (AddParameter): Name = "ComponentLink9URL"; Value = "https://datasheet.ciiva.com/6559/chpreztr-6559901.pdf?src-supplier=Digi-Key"; VariantName = "[No Variations]"
Change component parameters (AddParameter): Name = "ComponentLink10Description"; Value = "https://datasheet.ciiva.com/7985/1856384-7985869.pdf?src-supplier=Element14"; VariantName = "[No Variations]"
Change component parameters (AddParameter): Name = "ComponentLink10URL"; Value = "https://datasheet.ciiva.com/7985/1856384-7985869.pdf?src-supplier=Element14"; VariantName = "[No Variations]"
Change component parameters (AddParameter): Name = "ComponentLink11Description"; Value = "https://datasheet.ciiva.com/48692/001055517-da-01-en-smd-wid-cr0805-jw-103elf-10k-ohm-1-8w-48692118.pdf?src-supplier=Conrad"; VariantName = "[No Variations]"
Change component parameters (AddParameter): Name = "ComponentLink11URL"; Value = "https://datasheet.ciiva.com/48692/001055517-da-01-en-smd-wid-cr0805-jw-103elf-10k-ohm-1-8w-48692118.pdf?src-supplier=Conrad"; VariantName = "[No Variations]"
Change component parameters (AddParameter): Name = "Construction"; Value = "Rectangular"; VariantName = "[No Variations]"
Change component parameters (AddParameter): Name = "Contact Plating"; Value = "Tin"; VariantName = "[No Variations]"
Change component parameters (AddParameter): Name = "Current Rating"; Value = ""; VariantName = "[No Variations]"
Change component parameters (AddParameter): Name = "Depth"; Value = "1.25mm"; VariantName = "[No Variations]"
Change component parameters (AddParameter): Name = "Design Item ID"; Value = "R10k-0805FTK"; VariantName = "[No Variations]"
Change component parameters (AddParameter): Name = "ELV"; Value = ""; VariantName = "[No Variations]"
Change component parameters (AddParameter): Name = "Features"; Value = "Moisture Resistant"; VariantName = "[No Variations]"
Change component parameters (AddParameter): Name = "Height"; Value = "0.5mm"; VariantName = "[No Variations]"
Change component parameters (AddParameter): Name = "Insulation Resistance"; Value = ""; VariantName = "[No Variations]"
Change component parameters (AddParameter): Name = "Lead Free"; Value = ""; VariantName = "[No Variations]"
Change component parameters (AddParameter): Name = "Lead Length"; Value = ""; VariantName = "[No Variations]"
Change component parameters (AddParameter): Name = "Length"; Value = "2mm"; VariantName = "[No Variations]"
Change component parameters (AddParameter): Name = "Manufacturer"; Value = ""; VariantName = "[No Variations]"
Change component parameters (AddParameter): Name = "Manufacturer 1"; Value = "Bourns"; VariantName = "[No Variations]"
Change component parameters (AddParameter): Name = "Manufacturer Part Number"; Value = ""; VariantName = "[No Variations]"
Change component parameters (AddParameter): Name = "Manufacturer Part Number 1"; Value = "CR0805-JW-103ELF"; VariantName = "[No Variations]"
Change component parameters (AddParameter): Name = "Max Operating Temperature"; Value = "155°C"; VariantName = "[No Variations]"
Change component parameters (AddParameter): Name = "Max Power Dissipation"; Value = "125mW"; VariantName = "[No Variations]"
Change component parameters (AddParameter): Name = "Military Standard"; Value = "Not"; VariantName = "[No Variations]"
Change component parameters (AddParameter): Name = "Min Operating Temperature"; Value = "-55°C"; VariantName = "[No Variations]"
Change component parameters (AddParameter): Name = "Mount"; Value = "Surface Mount"; VariantName = "[No Variations]"
Change component parameters (AddParameter): Name = "Mounting Technology"; Value = ""; VariantName = "[No Variations]"
Change component parameters (AddParameter): Name = "Number of Contacts"; Value = ""; VariantName = "[No Variations]"
Change component parameters (AddParameter): Name = "Number of Elements"; Value = ""; VariantName = "[No Variations]"
Change component parameters (AddParameter): Name = "Number of Resistors"; Value = ""; VariantName = "[No Variations]"
Change component parameters (AddParameter): Name = "Number of Terminals/Pins"; Value = ""; VariantName = "[No Variations]"
Change component parameters (AddParameter): Name = "Number of Terminations"; Value = "2"; VariantName = "[No Variations]"
Change component parameters (AddParameter): Name = "Number of Turns"; Value = ""; VariantName = "[No Variations]"
Change component parameters (AddParameter): Name = "Package Quantity"; Value = "1"; VariantName = "[No Variations]"
Change component parameters (AddParameter): Name = "Package Shape"; Value = ""; VariantName = "[No Variations]"
Change component parameters (AddParameter): Name = "Packaging"; Value = "Tape and Reel"; VariantName = "[No Variations]"
Change component parameters (AddParameter): Name = "Pins"; Value = "2"; VariantName = "[No Variations]"
Change component parameters (AddParameter): Name = "Power"; Value = ""; VariantName = "[No Variations]"
Change component parameters (AddParameter): Name = "Power Per Element"; Value = ""; VariantName = "[No Variations]"
Change component parameters (AddParameter): Name = "Power Rating"; Value = "125mW"; VariantName = "[No Variations]"
Change component parameters (AddParameter): Name = "Pricing 1"; Value = "1=0,05790, 10=0,01540, 25=0,01340, 100=0,00340 (USD)"; VariantName = "[No Variations]"
Change component parameters (AddParameter): Name = "Radiation Hardening"; Value = "No"; VariantName = "[No Variations]"
Change component parameters (AddParameter): Name = "REACH SVHC"; Value = "No SVHC"; VariantName = "[No Variations]"
Change component parameters (AddParameter): Name = "Resistance"; Value = ""; VariantName = "[No Variations]"
Change component parameters (AddParameter): Name = "Resistance Tolerance"; Value = "5%"; VariantName = "[No Variations]"
Change component parameters (AddParameter): Name = "Resistence"; Value = ""; VariantName = "[No Variations]"
Change component parameters (AddParameter): Name = "Resistor Type"; Value = "Thick Film"; VariantName = "[No Variations]"
Change component parameters (AddParameter): Name = "RoHS"; Value = "Yes"; VariantName = "[No Variations]"
Change component parameters (AddParameter): Name = "RoHS Compliant"; Value = "Yes"; VariantName = "[No Variations]"
Change component parameters (AddParameter): Name = "Series"; Value = "CR0805"; VariantName = "[No Variations]"
Change component parameters (AddParameter): Name = "Size Code"; Value = ""; VariantName = "[No Variations]"
Change component parameters (AddParameter): Name = "Source"; Value = "Passives.SchLib"; VariantName = "[No Variations]"
Change component parameters (AddParameter): Name = "Stock 1"; Value = "57566"; VariantName = "[No Variations]"
Change component parameters (AddParameter): Name = "Taper"; Value = ""; VariantName = "[No Variations]"
Change component parameters (AddParameter): Name = "Technology"; Value = "THICK FILM"; VariantName = "[No Variations]"
Change component parameters (AddParameter): Name = "Temperature Coefficient"; Value = "200ppm/°C"; VariantName = "[No Variations]"
Change component parameters (AddParameter): Name = "Terminal Finish"; Value = ""; VariantName = "[No Variations]"
Change component parameters (AddParameter): Name = "Terminal Pitch"; Value = ""; VariantName = "[No Variations]"
Change component parameters (AddParameter): Name = "Termination"; Value = "SMD/SMT"; VariantName = "[No Variations]"
Change component parameters (AddParameter): Name = "Thickness"; Value = "508um"; VariantName = "[No Variations]"
Change component parameters (AddParameter): Name = "Tolerance"; Value = "5%"; VariantName = "[No Variations]"
Change component parameters (AddParameter): Name = "Value"; Value = "10k"; VariantName = "[No Variations]"
Change component parameters (AddParameter): Name = "Voltage Rating"; Value = "150V"; VariantName = "[No Variations]"
Change component parameters (AddParameter): Name = "Voltage Rating (DC)"; Value = "100V"; VariantName = "[No Variations]"
Change component parameters (AddParameter): Name = "Weight"; Value = ""; VariantName = "[No Variations]"
Change component parameters (AddParameter): Name = "Width"; Value = "1.25mm"; VariantName = "[No Variations]"
Change component parameters (AddParameter): Name = "Working Voltage"; Value = ""; VariantName = "[No Variations]"
Change component parameters: Designator = "U101" ("U101"); Footprint = "D0014A_N"; UniqueID = "\BOWZFPIR\DSSMUXDH" ("\BOWZFPIR\DSSMUXDH")
Change component parameters (AddParameter): Name = "Case/Package"; Value = "SOP"; VariantName = "[No Variations]"
Change component parameters (AddParameter): Name = "Channels"; Value = "3"; VariantName = "[No Variations]"
Change component parameters (AddParameter): Name = "Connector Type"; Value = ""; VariantName = "[No Variations]"
Change component parameters (AddParameter): Name = "Gender"; Value = ""; VariantName = "[No Variations]"
Change component parameters (AddParameter): Name = "Height - Seated (Max)"; Value = "1.75mm"; VariantName = "[No Variations]"
Change component parameters (AddParameter): Name = "JESD-30 Code"; Value = "R-PDSO-G14"; VariantName = "[No Variations]"
Change component parameters (AddParameter): Name = "JESD-609 Code"; Value = "e4"; VariantName = "[No Variations]"
Change component parameters (AddParameter): Name = "Length"; Value = "8.65mm"; VariantName = "[No Variations]"
Change component parameters (AddParameter): Name = "Load Capacitance (CL)"; Value = "50pF"; VariantName = "[No Variations]"
Change component parameters (AddParameter): Name = "Load/Preset Input"; Value = "Yes"; VariantName = "[No Variations]"
Change component parameters (AddParameter): Name = "Logic Type"; Value = "AND GATE"; VariantName = "[No Variations]"
Change component parameters (AddParameter): Name = "Max Current Rating"; Value = ""; VariantName = "[No Variations]"
Change component parameters (AddParameter): Name = "Max Operating Temperature"; Value = "125°C"; VariantName = "[No Variations]"
Change component parameters (AddParameter): Name = "Max Supply Voltage"; Value = "18V"; VariantName = "[No Variations]"
Change component parameters (AddParameter): Name = "Min Operating Temperature"; Value = "-55°C"; VariantName = "[No Variations]"
Change component parameters (AddParameter): Name = "Min Supply Voltage"; Value = "3V"; VariantName = "[No Variations]"
Change component parameters (AddParameter): Name = "Moisture Sensitivity Level"; Value = "1"; VariantName = "[No Variations]"
Change component parameters (AddParameter): Name = "Mounting Technology"; Value = ""; VariantName = "[No Variations]"
Change component parameters (AddParameter): Name = "Nominal Supply Voltage"; Value = "5V"; VariantName = "[No Variations]"
Change component parameters (AddParameter): Name = "Number of Inputs"; Value = "3"; VariantName = "[No Variations]"
Change component parameters (AddParameter): Name = "Package Body Material"; Value = "Plastic"; VariantName = "[No Variations]"
Change component parameters (AddParameter): Name = "Package Equivalence Code"; Value = "SOP14,.25"; VariantName = "[No Variations]"
Change component parameters (AddParameter): Name = "Package Shape"; Value = "Rectangular"; VariantName = "[No Variations]"
Change component parameters (AddParameter): Name = "Package Style"; Value = "SMALL OUTLINEMeter"; VariantName = "[No Variations]"
Change component parameters (AddParameter): Name = "Packaging"; Value = "Rail/Tube"; VariantName = "[No Variations]"
Change component parameters (AddParameter): Name = "Peak Reflow Temperature (Cel)"; Value = "260°C"; VariantName = "[No Variations]"
Change component parameters (AddParameter): Name = "Pins"; Value = "14"; VariantName = "[No Variations]"
Change component parameters (AddParameter): Name = "Power Supplies"; Value = "5/15V"; VariantName = "[No Variations]"
Change component parameters (AddParameter): Name = "Prop. Delay@Nom-Sup"; Value = "250ns"; VariantName = "[No Variations]"
Change component parameters (AddParameter): Name = "Propagation Delay (tpd)"; Value = "250ns"; VariantName = "[No Variations]"
Change component parameters (AddParameter): Name = "Qualification Status"; Value = "Not Qualified"; VariantName = "[No Variations]"
Change component parameters (AddParameter): Name = "Reach SVHC Compliant"; Value = "Yes"; VariantName = "[No Variations]"
Change component parameters (AddParameter): Name = "RoHS Compliant"; Value = "Yes"; VariantName = "[No Variations]"
Change component parameters (AddParameter): Name = "Schmitt Trigger"; Value = "No"; VariantName = "[No Variations]"
Change component parameters (AddParameter): Name = "Surface Mount"; Value = "Yes"; VariantName = "[No Variations]"
Change component parameters (AddParameter): Name = "Technology"; Value = "CMOS"; VariantName = "[No Variations]"
Change component parameters (AddParameter): Name = "Temperature Grade"; Value = "MILITARY"; VariantName = "[No Variations]"
Change component parameters (AddParameter): Name = "Terminal Finish"; Value = "Nickel"; VariantName = "[No Variations]"
Change component parameters (AddParameter): Name = "Terminal Form"; Value = "Gull Wing"; VariantName = "[No Variations]"
Change component parameters (AddParameter): Name = "Terminal Pitch"; Value = "1.27mm"; VariantName = "[No Variations]"
Change component parameters (AddParameter): Name = "Terminal Position"; Value = "DUAL"; VariantName = "[No Variations]"
Change component parameters (AddParameter): Name = "Voltage Rating"; Value = ""; VariantName = "[No Variations]"
Change component parameters (AddParameter): Name = "Width"; Value = "3.9mm"; VariantName = "[No Variations]"
Change component parameters: Designator = "U201" ("U201"); Footprint = "D0014A_N"; UniqueID = "\BOWZFPIR\MUJMYNSK\VVWOZPVM" ("\BOWZFPIR\MUJMYNSK\VVWOZPVM")
Change component parameters (AddParameter): Name = "Case/Package"; Value = "SOP"; VariantName = "[No Variations]"
Change component parameters (AddParameter): Name = "Channels"; Value = "2"; VariantName = "[No Variations]"
Change component parameters (AddParameter): Name = "Connector Type"; Value = ""; VariantName = "[No Variations]"
Change component parameters (AddParameter): Name = "Gender"; Value = ""; VariantName = "[No Variations]"
Change component parameters (AddParameter): Name = "Height - Seated (Max)"; Value = "1.75mm"; VariantName = "[No Variations]"
Change component parameters (AddParameter): Name = "JESD-30 Code"; Value = "R-PDSO-G14"; VariantName = "[No Variations]"
Change component parameters (AddParameter): Name = "JESD-609 Code"; Value = "e4"; VariantName = "[No Variations]"
Change component parameters (AddParameter): Name = "Length"; Value = "8.65mm"; VariantName = "[No Variations]"
Change component parameters (AddParameter): Name = "Load Capacitance (CL)"; Value = "50pF"; VariantName = "[No Variations]"
Change component parameters (AddParameter): Name = "Logic Type"; Value = "OR GATE"; VariantName = "[No Variations]"
Change component parameters (AddParameter): Name = "Max Current Rating"; Value = ""; VariantName = "[No Variations]"
Change component parameters (AddParameter): Name = "Max Operating Temperature"; Value = "125°C"; VariantName = "[No Variations]"
Change component parameters (AddParameter): Name = "Max Supply Voltage"; Value = "18V"; VariantName = "[No Variations]"
Change component parameters (AddParameter): Name = "Min Operating Temperature"; Value = "-55°C"; VariantName = "[No Variations]"
Change component parameters (AddParameter): Name = "Min Supply Voltage"; Value = "3V"; VariantName = "[No Variations]"
Change component parameters (AddParameter): Name = "Moisture Sensitivity Level"; Value = "1"; VariantName = "[No Variations]"
Change component parameters (AddParameter): Name = "Mounting Technology"; Value = ""; VariantName = "[No Variations]"
Change component parameters (AddParameter): Name = "Nominal Supply Voltage"; Value = "5V"; VariantName = "[No Variations]"
Change component parameters (AddParameter): Name = "Number of Inputs"; Value = "4"; VariantName = "[No Variations]"
Change component parameters (AddParameter): Name = "Output Characteristics"; Value = "OPEN-COLLECTOR"; VariantName = "[No Variations]"
Change component parameters (AddParameter): Name = "Package Body Material"; Value = "Plastic"; VariantName = "[No Variations]"
Change component parameters (AddParameter): Name = "Package Equivalence Code"; Value = "SOP14,.25"; VariantName = "[No Variations]"
Change component parameters (AddParameter): Name = "Package Shape"; Value = "Rectangular"; VariantName = "[No Variations]"
Change component parameters (AddParameter): Name = "Package Style"; Value = "SMALL OUTLINEMeter"; VariantName = "[No Variations]"
Change component parameters (AddParameter): Name = "Packaging"; Value = "Rail/Tube"; VariantName = "[No Variations]"
Change component parameters (AddParameter): Name = "Peak Reflow Temperature (Cel)"; Value = "260°C"; VariantName = "[No Variations]"
Change component parameters (AddParameter): Name = "Pins"; Value = "14"; VariantName = "[No Variations]"
Change component parameters (AddParameter): Name = "Power Supplies"; Value = "5/15V"; VariantName = "[No Variations]"
Change component parameters (AddParameter): Name = "Prop. Delay@Nom-Sup"; Value = "250ns"; VariantName = "[No Variations]"
Change component parameters (AddParameter): Name = "Propagation Delay (tpd)"; Value = "250ns"; VariantName = "[No Variations]"
Change component parameters (AddParameter): Name = "Qualification Status"; Value = "Not Qualified"; VariantName = "[No Variations]"
Change component parameters (AddParameter): Name = "Reach SVHC Compliant"; Value = "Yes"; VariantName = "[No Variations]"
Change component parameters (AddParameter): Name = "RoHS Compliant"; Value = "Yes"; VariantName = "[No Variations]"
Change component parameters (AddParameter): Name = "Schmitt Trigger"; Value = "No"; VariantName = "[No Variations]"
Change component parameters (AddParameter): Name = "Surface Mount"; Value = "Yes"; VariantName = "[No Variations]"
Change component parameters (AddParameter): Name = "Technology"; Value = "CMOS"; VariantName = "[No Variations]"
Change component parameters (AddParameter): Name = "Temperature Grade"; Value = "MILITARY"; VariantName = "[No Variations]"
Change component parameters (AddParameter): Name = "Terminal Finish"; Value = "Nickel"; VariantName = "[No Variations]"
Change component parameters (AddParameter): Name = "Terminal Form"; Value = "Gull Wing"; VariantName = "[No Variations]"
Change component parameters (AddParameter): Name = "Terminal Pitch"; Value = "1.27mm"; VariantName = "[No Variations]"
Change component parameters (AddParameter): Name = "Terminal Position"; Value = "DUAL"; VariantName = "[No Variations]"
Change component parameters (AddParameter): Name = "Voltage Rating"; Value = ""; VariantName = "[No Variations]"
Change component parameters (AddParameter): Name = "Width"; Value = "3.9mm"; VariantName = "[No Variations]"
Added Component: Designator=J901(FP-105309-1102-MFG)
Add component (AddParameter): Name = "Case/Package"; Value = ""; VariantName = "[No Variations]"
Add component (AddParameter): Name = "Connector Type"; Value = ""; VariantName = "[No Variations]"
Add component (AddParameter): Name = "Gender"; Value = ""; VariantName = "[No Variations]"
Add component (AddParameter): Name = "Max Current Rating"; Value = ""; VariantName = "[No Variations]"
Add component (AddParameter): Name = "Max Operating Temperature"; Value = ""; VariantName = "[No Variations]"
Add component (AddParameter): Name = "Min Operating Temperature"; Value = ""; VariantName = "[No Variations]"
Add component (AddParameter): Name = "Mounting Technology"; Value = ""; VariantName = "[No Variations]"
Add component (AddParameter): Name = "Pins"; Value = ""; VariantName = "[No Variations]"
Add component (AddParameter): Name = "RoHS Compliant"; Value = ""; VariantName = "[No Variations]"
Add component (AddParameter): Name = "Voltage Rating"; Value = ""; VariantName = "[No Variations]"
Added Component: Designator=J902(FP-105309-1102-MFG)
Add component (AddParameter): Name = "Case/Package"; Value = ""; VariantName = "[No Variations]"
Add component (AddParameter): Name = "Connector Type"; Value = ""; VariantName = "[No Variations]"
Add component (AddParameter): Name = "Gender"; Value = ""; VariantName = "[No Variations]"
Add component (AddParameter): Name = "Max Current Rating"; Value = ""; VariantName = "[No Variations]"
Add component (AddParameter): Name = "Max Operating Temperature"; Value = ""; VariantName = "[No Variations]"
Add component (AddParameter): Name = "Min Operating Temperature"; Value = ""; VariantName = "[No Variations]"
Add component (AddParameter): Name = "Mounting Technology"; Value = ""; VariantName = "[No Variations]"
Add component (AddParameter): Name = "Pins"; Value = ""; VariantName = "[No Variations]"
Add component (AddParameter): Name = "RoHS Compliant"; Value = ""; VariantName = "[No Variations]"
Add component (AddParameter): Name = "Voltage Rating"; Value = ""; VariantName = "[No Variations]"
Added Component: Designator=Q201(TRT-PCH-2/30-BSS)
Add component (AddParameter): Name = ".Creator"; Value = "DO"; VariantName = "[No Variations]"
Add component (AddParameter): Name = ".PCBcheck"; Value = ""; VariantName = "[No Variations]"
Add component (AddParameter): Name = ".SCHcheck"; Value = ""; VariantName = "[No Variations]"
Add component (AddParameter): Name = "Accuracy"; Value = ""; VariantName = "[No Variations]"
Add component (AddParameter): Name = "Case Code (Imperial)"; Value = ""; VariantName = "[No Variations]"
Add component (AddParameter): Name = "Case Code (Metric)"; Value = ""; VariantName = "[No Variations]"
Add component (AddParameter): Name = "Case/Package"; Value = "TO-236-3"; VariantName = "[No Variations]"
Add component (AddParameter): Name = "Category"; Value = "MOSFETs"; VariantName = "[No Variations]"
Add component (AddParameter): Name = "Collector Base Voltage (VCBO)"; Value = ""; VariantName = "[No Variations]"
Add component (AddParameter): Name = "Collector Emitter Breakdown Voltage"; Value = ""; VariantName = "[No Variations]"
Add component (AddParameter): Name = "Collector Emitter Saturation Voltage"; Value = ""; VariantName = "[No Variations]"
Add component (AddParameter): Name = "Collector Emitter Voltage (VCEO)"; Value = ""; VariantName = "[No Variations]"
Add component (AddParameter): Name = "Collector-emitter Voltage-Max"; Value = ""; VariantName = "[No Variations]"
Add component (AddParameter): Name = "Color"; Value = ""; VariantName = "[No Variations]"
Add component (AddParameter): Name = "ComponentLink1Description"; Value = "datasheet"; VariantName = "[No Variations]"
Add component (AddParameter): Name = "ComponentLink1URL"; Value = "https://datasheet.ciiva.com/6379/infineon-bss308pe-ds-v02-03-en-6379920.pdf?src-supplier=Digi-Key"; VariantName = "[No Variations]"
Add component (AddParameter): Name = "ComponentLink2Description"; Value = "https://datasheet.ciiva.com/11171/infineon-bss308pe-ds-v02-03-en-11171385.pdf?src-supplier=Avnet"; VariantName = "[No Variations]"
Add component (AddParameter): Name = "ComponentLink2URL"; Value = "https://datasheet.ciiva.com/11171/infineon-bss308pe-ds-v02-03-en-11171385.pdf?src-supplier=Avnet"; VariantName = "[No Variations]"
Add component (AddParameter): Name = "Contact Plating"; Value = ""; VariantName = "[No Variations]"
Add component (AddParameter): Name = "Continuous Collector Current"; Value = ""; VariantName = "[No Variations]"
Add component (AddParameter): Name = "Continuous Drain Current (ID)"; Value = "2A"; VariantName = "[No Variations]"
Add component (AddParameter): Name = "Current Rating"; Value = ""; VariantName = "[No Variations]"
Add component (AddParameter): Name = "Design Item ID"; Value = "TRT-PCH-2/30-BSS"; VariantName = "[No Variations]"
Add component (AddParameter): Name = "Dominant Wavelength"; Value = ""; VariantName = "[No Variations]"
Add component (AddParameter): Name = "Drain to Source Breakdown Voltage"; Value = ""; VariantName = "[No Variations]"
Add component (AddParameter): Name = "Drain to Source Resistance"; Value = ""; VariantName = "[No Variations]"
Add component (AddParameter): Name = "Drain to Source Voltage (Vdss)"; Value = "30V"; VariantName = "[No Variations]"
Add component (AddParameter): Name = "Dropout Voltage"; Value = ""; VariantName = "[No Variations]"
Add component (AddParameter): Name = "Element Configuration"; Value = ""; VariantName = "[No Variations]"
Add component (AddParameter): Name = "Emitter Base Voltage (VEBO)"; Value = ""; VariantName = "[No Variations]"
Add component (AddParameter): Name = "Fall Time"; Value = "2.8ns"; VariantName = "[No Variations]"
Add component (AddParameter): Name = "Forward Current"; Value = ""; VariantName = "[No Variations]"
Add component (AddParameter): Name = "Forward Voltage"; Value = ""; VariantName = "[No Variations]"
Add component (AddParameter): Name = "Frequency"; Value = ""; VariantName = "[No Variations]"
Add component (AddParameter): Name = "Gain"; Value = ""; VariantName = "[No Variations]"
Add component (AddParameter): Name = "Gain Bandwidth Product"; Value = ""; VariantName = "[No Variations]"
Add component (AddParameter): Name = "Gate to Source Voltage (Vgs)"; Value = "20V"; VariantName = "[No Variations]"
Add component (AddParameter): Name = "Halogen Free"; Value = ""; VariantName = "[No Variations]"
Add component (AddParameter): Name = "Height"; Value = ""; VariantName = "[No Variations]"
Add component (AddParameter): Name = "hFE Min"; Value = ""; VariantName = "[No Variations]"
Add component (AddParameter): Name = "Ic max"; Value = ""; VariantName = "[No Variations]"
Add component (AddParameter): Name = "Input Capacitance"; Value = "500pF"; VariantName = "[No Variations]"
Add component (AddParameter): Name = "Lead Free"; Value = ""; VariantName = "[No Variations]"
Add component (AddParameter): Name = "Length"; Value = ""; VariantName = "[No Variations]"
Add component (AddParameter): Name = "Lens Color"; Value = ""; VariantName = "[No Variations]"
Add component (AddParameter): Name = "Lens Style"; Value = ""; VariantName = "[No Variations]"
Add component (AddParameter): Name = "Lens Transparency"; Value = ""; VariantName = "[No Variations]"
Add component (AddParameter): Name = "Luminous Flux"; Value = ""; VariantName = "[No Variations]"
Add component (AddParameter): Name = "Luminous Intensity"; Value = ""; VariantName = "[No Variations]"
Add component (AddParameter): Name = "Manufacturer"; Value = "Infineon"; VariantName = "[No Variations]"
Add component (AddParameter): Name = "Manufacturer 1"; Value = ""; VariantName = "[No Variations]"
Add component (AddParameter): Name = "Manufacturer Part Number"; Value = "BSS308PEH6327"; VariantName = "[No Variations]"
Add component (AddParameter): Name = "Manufacturer Part Number 1"; Value = ""; VariantName = "[No Variations]"
Add component (AddParameter): Name = "Max Breakdown Voltage"; Value = ""; VariantName = "[No Variations]"
Add component (AddParameter): Name = "Max Collector Current"; Value = ""; VariantName = "[No Variations]"
Add component (AddParameter): Name = "Max Current Rating"; Value = ""; VariantName = "[No Variations]"
Add component (AddParameter): Name = "Max Dual Supply Voltage"; Value = ""; VariantName = "[No Variations]"
Add component (AddParameter): Name = "Max Frequency"; Value = ""; VariantName = "[No Variations]"
Add component (AddParameter): Name = "Max Gain"; Value = ""; VariantName = "[No Variations]"
Add component (AddParameter): Name = "Max Input Voltage"; Value = ""; VariantName = "[No Variations]"
Add component (AddParameter): Name = "Max Operating Temperature"; Value = "150°C"; VariantName = "[No Variations]"
Add component (AddParameter): Name = "Max Output Current"; Value = ""; VariantName = "[No Variations]"
Add component (AddParameter): Name = "Max Power Dissipation"; Value = "500mW"; VariantName = "[No Variations]"
Add component (AddParameter): Name = "Max Supply Voltage"; Value = ""; VariantName = "[No Variations]"
Add component (AddParameter): Name = "Maximum current collector"; Value = ""; VariantName = "[No Variations]"
Add component (AddParameter): Name = "Min Current Limit"; Value = ""; VariantName = "[No Variations]"
Add component (AddParameter): Name = "Min Input Voltage"; Value = ""; VariantName = "[No Variations]"
Add component (AddParameter): Name = "Min Operating Temperature"; Value = "-55°C"; VariantName = "[No Variations]"
Add component (AddParameter): Name = "Min Supply Voltage"; Value = ""; VariantName = "[No Variations]"
Add component (AddParameter): Name = "Mount"; Value = "Surface Mount"; VariantName = "[No Variations]"
Add component (AddParameter): Name = "Nominal Output Voltage"; Value = ""; VariantName = "[No Variations]"
Add component (AddParameter): Name = "Number of Elements"; Value = ""; VariantName = "[No Variations]"
Add component (AddParameter): Name = "Number of Outputs"; Value = ""; VariantName = "[No Variations]"
Add component (AddParameter): Name = "Number of Pins"; Value = "3"; VariantName = "[No Variations]"
Add component (AddParameter): Name = "Number of Regulators"; Value = ""; VariantName = "[No Variations]"
Add component (AddParameter): Name = "Operating voltage BE sat"; Value = ""; VariantName = "[No Variations]"
Add component (AddParameter): Name = "Output Current"; Value = ""; VariantName = "[No Variations]"
Add component (AddParameter): Name = "Output Type"; Value = ""; VariantName = "[No Variations]"
Add component (AddParameter): Name = "Output Voltage"; Value = ""; VariantName = "[No Variations]"
Add component (AddParameter): Name = "Output Voltage Accuracy"; Value = ""; VariantName = "[No Variations]"
Add component (AddParameter): Name = "Package"; Value = ""; VariantName = "[No Variations]"
Add component (AddParameter): Name = "Package Quantity"; Value = "1"; VariantName = "[No Variations]"
Add component (AddParameter): Name = "Packaging"; Value = "Tape and Reel"; VariantName = "[No Variations]"
Add component (AddParameter): Name = "Polarity"; Value = ""; VariantName = "[No Variations]"
Add component (AddParameter): Name = "Polarization"; Value = ""; VariantName = "[No Variations]"
Add component (AddParameter): Name = "Power Dissipation"; Value = ""; VariantName = "[No Variations]"
Add component (AddParameter): Name = "Power rating"; Value = ""; VariantName = "[No Variations]"
Add component (AddParameter): Name = "Pricing 1"; Value = "50=0,50300, 100=0,26400, 250=0,25900, 500=0,25200, 1000=0,24700 (USD)"; VariantName = "[No Variations]"
Add component (AddParameter): Name = "Quiescent Current"; Value = ""; VariantName = "[No Variations]"
Add component (AddParameter): Name = "Radiation Hardening"; Value = ""; VariantName = "[No Variations]"
Add component (AddParameter): Name = "Rds On Max"; Value = "80mR"; VariantName = "[No Variations]"
Add component (AddParameter): Name = "REACH SVHC"; Value = "No SVHC"; VariantName = "[No Variations]"
Add component (AddParameter): Name = "Reach SVHC Compliant"; Value = ""; VariantName = "[No Variations]"
Add component (AddParameter): Name = "Rise Time"; Value = "7.7ns"; VariantName = "[No Variations]"
Add component (AddParameter): Name = "RoHS"; Value = "Yes"; VariantName = "[No Variations]"
Add component (AddParameter): Name = "RoHS Compliant"; Value = ""; VariantName = "[No Variations]"
Add component (AddParameter): Name = "Series"; Value = "OptiMOS™"; VariantName = "[No Variations]"
Add component (AddParameter): Name = "Source"; Value = "Semiconductor.SchLib"; VariantName = "[No Variations]"
Add component (AddParameter): Name = "Stock 1"; Value = "4000"; VariantName = "[No Variations]"
Add component (AddParameter): Name = "Termination"; Value = ""; VariantName = "[No Variations]"
Add component (AddParameter): Name = "Test Current"; Value = ""; VariantName = "[No Variations]"
Add component (AddParameter): Name = "Test Temperature"; Value = ""; VariantName = "[No Variations]"
Add component (AddParameter): Name = "Thermal Resistance of Package"; Value = ""; VariantName = "[No Variations]"
Add component (AddParameter): Name = "Threshold Voltage"; Value = "-1.5V"; VariantName = "[No Variations]"
Add component (AddParameter): Name = "Transition Frequency"; Value = ""; VariantName = "[No Variations]"
Add component (AddParameter): Name = "Turn-Off Delay Time"; Value = "15.3ns"; VariantName = "[No Variations]"
Add component (AddParameter): Name = "Turn-On Delay Time"; Value = "5.6ns"; VariantName = "[No Variations]"
Add component (AddParameter): Name = "Type"; Value = ""; VariantName = "[No Variations]"
Add component (AddParameter): Name = "Vce max"; Value = ""; VariantName = "[No Variations]"
Add component (AddParameter): Name = "Vds"; Value = ""; VariantName = "[No Variations]"
Add component (AddParameter): Name = "Viewing Angle"; Value = ""; VariantName = "[No Variations]"
Add component (AddParameter): Name = "Voltage"; Value = ""; VariantName = "[No Variations]"
Add component (AddParameter): Name = "Voltage Rating (DC)"; Value = ""; VariantName = "[No Variations]"
Add component (AddParameter): Name = "Wavelength"; Value = ""; VariantName = "[No Variations]"
Add component (AddParameter): Name = "Weight"; Value = ""; VariantName = "[No Variations]"
Add component (AddParameter): Name = "Width"; Value = ""; VariantName = "[No Variations]"
Added Component: Designator=Q202(TRT-PCH-2/30-BSS)
Add component (AddParameter): Name = ".Creator"; Value = "DO"; VariantName = "[No Variations]"
Add component (AddParameter): Name = ".PCBcheck"; Value = ""; VariantName = "[No Variations]"
Add component (AddParameter): Name = ".SCHcheck"; Value = ""; VariantName = "[No Variations]"
Add component (AddParameter): Name = "Accuracy"; Value = ""; VariantName = "[No Variations]"
Add component (AddParameter): Name = "Case Code (Imperial)"; Value = ""; VariantName = "[No Variations]"
Add component (AddParameter): Name = "Case Code (Metric)"; Value = ""; VariantName = "[No Variations]"
Add component (AddParameter): Name = "Case/Package"; Value = "TO-236-3"; VariantName = "[No Variations]"
Add component (AddParameter): Name = "Category"; Value = "MOSFETs"; VariantName = "[No Variations]"
Add component (AddParameter): Name = "Collector Base Voltage (VCBO)"; Value = ""; VariantName = "[No Variations]"
Add component (AddParameter): Name = "Collector Emitter Breakdown Voltage"; Value = ""; VariantName = "[No Variations]"
Add component (AddParameter): Name = "Collector Emitter Saturation Voltage"; Value = ""; VariantName = "[No Variations]"
Add component (AddParameter): Name = "Collector Emitter Voltage (VCEO)"; Value = ""; VariantName = "[No Variations]"
Add component (AddParameter): Name = "Collector-emitter Voltage-Max"; Value = ""; VariantName = "[No Variations]"
Add component (AddParameter): Name = "Color"; Value = ""; VariantName = "[No Variations]"
Add component (AddParameter): Name = "ComponentLink1Description"; Value = "datasheet"; VariantName = "[No Variations]"
Add component (AddParameter): Name = "ComponentLink1URL"; Value = "https://datasheet.ciiva.com/6379/infineon-bss308pe-ds-v02-03-en-6379920.pdf?src-supplier=Digi-Key"; VariantName = "[No Variations]"
Add component (AddParameter): Name = "ComponentLink2Description"; Value = "https://datasheet.ciiva.com/11171/infineon-bss308pe-ds-v02-03-en-11171385.pdf?src-supplier=Avnet"; VariantName = "[No Variations]"
Add component (AddParameter): Name = "ComponentLink2URL"; Value = "https://datasheet.ciiva.com/11171/infineon-bss308pe-ds-v02-03-en-11171385.pdf?src-supplier=Avnet"; VariantName = "[No Variations]"
Add component (AddParameter): Name = "Contact Plating"; Value = ""; VariantName = "[No Variations]"
Add component (AddParameter): Name = "Continuous Collector Current"; Value = ""; VariantName = "[No Variations]"
Add component (AddParameter): Name = "Continuous Drain Current (ID)"; Value = "2A"; VariantName = "[No Variations]"
Add component (AddParameter): Name = "Current Rating"; Value = ""; VariantName = "[No Variations]"
Add component (AddParameter): Name = "Design Item ID"; Value = "TRT-PCH-2/30-BSS"; VariantName = "[No Variations]"
Add component (AddParameter): Name = "Dominant Wavelength"; Value = ""; VariantName = "[No Variations]"
Add component (AddParameter): Name = "Drain to Source Breakdown Voltage"; Value = ""; VariantName = "[No Variations]"
Add component (AddParameter): Name = "Drain to Source Resistance"; Value = ""; VariantName = "[No Variations]"
Add component (AddParameter): Name = "Drain to Source Voltage (Vdss)"; Value = "30V"; VariantName = "[No Variations]"
Add component (AddParameter): Name = "Dropout Voltage"; Value = ""; VariantName = "[No Variations]"
Add component (AddParameter): Name = "Element Configuration"; Value = ""; VariantName = "[No Variations]"
Add component (AddParameter): Name = "Emitter Base Voltage (VEBO)"; Value = ""; VariantName = "[No Variations]"
Add component (AddParameter): Name = "Fall Time"; Value = "2.8ns"; VariantName = "[No Variations]"
Add component (AddParameter): Name = "Forward Current"; Value = ""; VariantName = "[No Variations]"
Add component (AddParameter): Name = "Forward Voltage"; Value = ""; VariantName = "[No Variations]"
Add component (AddParameter): Name = "Frequency"; Value = ""; VariantName = "[No Variations]"
Add component (AddParameter): Name = "Gain"; Value = ""; VariantName = "[No Variations]"
Add component (AddParameter): Name = "Gain Bandwidth Product"; Value = ""; VariantName = "[No Variations]"
Add component (AddParameter): Name = "Gate to Source Voltage (Vgs)"; Value = "20V"; VariantName = "[No Variations]"
Add component (AddParameter): Name = "Halogen Free"; Value = ""; VariantName = "[No Variations]"
Add component (AddParameter): Name = "Height"; Value = ""; VariantName = "[No Variations]"
Add component (AddParameter): Name = "hFE Min"; Value = ""; VariantName = "[No Variations]"
Add component (AddParameter): Name = "Ic max"; Value = ""; VariantName = "[No Variations]"
Add component (AddParameter): Name = "Input Capacitance"; Value = "500pF"; VariantName = "[No Variations]"
Add component (AddParameter): Name = "Lead Free"; Value = ""; VariantName = "[No Variations]"
Add component (AddParameter): Name = "Length"; Value = ""; VariantName = "[No Variations]"
Add component (AddParameter): Name = "Lens Color"; Value = ""; VariantName = "[No Variations]"
Add component (AddParameter): Name = "Lens Style"; Value = ""; VariantName = "[No Variations]"
Add component (AddParameter): Name = "Lens Transparency"; Value = ""; VariantName = "[No Variations]"
Add component (AddParameter): Name = "Luminous Flux"; Value = ""; VariantName = "[No Variations]"
Add component (AddParameter): Name = "Luminous Intensity"; Value = ""; VariantName = "[No Variations]"
Add component (AddParameter): Name = "Manufacturer"; Value = "Infineon"; VariantName = "[No Variations]"
Add component (AddParameter): Name = "Manufacturer 1"; Value = ""; VariantName = "[No Variations]"
Add component (AddParameter): Name = "Manufacturer Part Number"; Value = "BSS308PEH6327"; VariantName = "[No Variations]"
Add component (AddParameter): Name = "Manufacturer Part Number 1"; Value = ""; VariantName = "[No Variations]"
Add component (AddParameter): Name = "Max Breakdown Voltage"; Value = ""; VariantName = "[No Variations]"
Add component (AddParameter): Name = "Max Collector Current"; Value = ""; VariantName = "[No Variations]"
Add component (AddParameter): Name = "Max Current Rating"; Value = ""; VariantName = "[No Variations]"
Add component (AddParameter): Name = "Max Dual Supply Voltage"; Value = ""; VariantName = "[No Variations]"
Add component (AddParameter): Name = "Max Frequency"; Value = ""; VariantName = "[No Variations]"
Add component (AddParameter): Name = "Max Gain"; Value = ""; VariantName = "[No Variations]"
Add component (AddParameter): Name = "Max Input Voltage"; Value = ""; VariantName = "[No Variations]"
Add component (AddParameter): Name = "Max Operating Temperature"; Value = "150°C"; VariantName = "[No Variations]"
Add component (AddParameter): Name = "Max Output Current"; Value = ""; VariantName = "[No Variations]"
Add component (AddParameter): Name = "Max Power Dissipation"; Value = "500mW"; VariantName = "[No Variations]"
Add component (AddParameter): Name = "Max Supply Voltage"; Value = ""; VariantName = "[No Variations]"
Add component (AddParameter): Name = "Maximum current collector"; Value = ""; VariantName = "[No Variations]"
Add component (AddParameter): Name = "Min Current Limit"; Value = ""; VariantName = "[No Variations]"
Add component (AddParameter): Name = "Min Input Voltage"; Value = ""; VariantName = "[No Variations]"
Add component (AddParameter): Name = "Min Operating Temperature"; Value = "-55°C"; VariantName = "[No Variations]"
Add component (AddParameter): Name = "Min Supply Voltage"; Value = ""; VariantName = "[No Variations]"
Add component (AddParameter): Name = "Mount"; Value = "Surface Mount"; VariantName = "[No Variations]"
Add component (AddParameter): Name = "Nominal Output Voltage"; Value = ""; VariantName = "[No Variations]"
Add component (AddParameter): Name = "Number of Elements"; Value = ""; VariantName = "[No Variations]"
Add component (AddParameter): Name = "Number of Outputs"; Value = ""; VariantName = "[No Variations]"
Add component (AddParameter): Name = "Number of Pins"; Value = "3"; VariantName = "[No Variations]"
Add component (AddParameter): Name = "Number of Regulators"; Value = ""; VariantName = "[No Variations]"
Add component (AddParameter): Name = "Operating voltage BE sat"; Value = ""; VariantName = "[No Variations]"
Add component (AddParameter): Name = "Output Current"; Value = ""; VariantName = "[No Variations]"
Add component (AddParameter): Name = "Output Type"; Value = ""; VariantName = "[No Variations]"
Add component (AddParameter): Name = "Output Voltage"; Value = ""; VariantName = "[No Variations]"
Add component (AddParameter): Name = "Output Voltage Accuracy"; Value = ""; VariantName = "[No Variations]"
Add component (AddParameter): Name = "Package"; Value = ""; VariantName = "[No Variations]"
Add component (AddParameter): Name = "Package Quantity"; Value = "1"; VariantName = "[No Variations]"
Add component (AddParameter): Name = "Packaging"; Value = "Tape and Reel"; VariantName = "[No Variations]"
Add component (AddParameter): Name = "Polarity"; Value = ""; VariantName = "[No Variations]"
Add component (AddParameter): Name = "Polarization"; Value = ""; VariantName = "[No Variations]"
Add component (AddParameter): Name = "Power Dissipation"; Value = ""; VariantName = "[No Variations]"
Add component (AddParameter): Name = "Power rating"; Value = ""; VariantName = "[No Variations]"
Add component (AddParameter): Name = "Pricing 1"; Value = "50=0,50300, 100=0,26400, 250=0,25900, 500=0,25200, 1000=0,24700 (USD)"; VariantName = "[No Variations]"
Add component (AddParameter): Name = "Quiescent Current"; Value = ""; VariantName = "[No Variations]"
Add component (AddParameter): Name = "Radiation Hardening"; Value = ""; VariantName = "[No Variations]"
Add component (AddParameter): Name = "Rds On Max"; Value = "80mR"; VariantName = "[No Variations]"
Add component (AddParameter): Name = "REACH SVHC"; Value = "No SVHC"; VariantName = "[No Variations]"
Add component (AddParameter): Name = "Reach SVHC Compliant"; Value = ""; VariantName = "[No Variations]"
Add component (AddParameter): Name = "Rise Time"; Value = "7.7ns"; VariantName = "[No Variations]"
Add component (AddParameter): Name = "RoHS"; Value = "Yes"; VariantName = "[No Variations]"
Add component (AddParameter): Name = "RoHS Compliant"; Value = ""; VariantName = "[No Variations]"
Add component (AddParameter): Name = "Series"; Value = "OptiMOS™"; VariantName = "[No Variations]"
Add component (AddParameter): Name = "Source"; Value = "Semiconductor.SchLib"; VariantName = "[No Variations]"
Add component (AddParameter): Name = "Stock 1"; Value = "4000"; VariantName = "[No Variations]"
Add component (AddParameter): Name = "Termination"; Value = ""; VariantName = "[No Variations]"
Add component (AddParameter): Name = "Test Current"; Value = ""; VariantName = "[No Variations]"
Add component (AddParameter): Name = "Test Temperature"; Value = ""; VariantName = "[No Variations]"
Add component (AddParameter): Name = "Thermal Resistance of Package"; Value = ""; VariantName = "[No Variations]"
Add component (AddParameter): Name = "Threshold Voltage"; Value = "-1.5V"; VariantName = "[No Variations]"
Add component (AddParameter): Name = "Transition Frequency"; Value = ""; VariantName = "[No Variations]"
Add component (AddParameter): Name = "Turn-Off Delay Time"; Value = "15.3ns"; VariantName = "[No Variations]"
Add component (AddParameter): Name = "Turn-On Delay Time"; Value = "5.6ns"; VariantName = "[No Variations]"
Add component (AddParameter): Name = "Type"; Value = ""; VariantName = "[No Variations]"
Add component (AddParameter): Name = "Vce max"; Value = ""; VariantName = "[No Variations]"
Add component (AddParameter): Name = "Vds"; Value = ""; VariantName = "[No Variations]"
Add component (AddParameter): Name = "Viewing Angle"; Value = ""; VariantName = "[No Variations]"
Add component (AddParameter): Name = "Voltage"; Value = ""; VariantName = "[No Variations]"
Add component (AddParameter): Name = "Voltage Rating (DC)"; Value = ""; VariantName = "[No Variations]"
Add component (AddParameter): Name = "Wavelength"; Value = ""; VariantName = "[No Variations]"
Add component (AddParameter): Name = "Weight"; Value = ""; VariantName = "[No Variations]"
Add component (AddParameter): Name = "Width"; Value = ""; VariantName = "[No Variations]"
Added Component: Designator=Q901(WL-OCPT_LSOP4)
Add component (AddParameter): Name = "RoHS Compliant"; Value = "Yes"; VariantName = "[No Variations]"
Added Component: Designator=Q902(SiHB12N60E-GE3-Footprint-1)
Add component (AddParameter): Name = "Case/Package"; Value = ""; VariantName = "[No Variations]"
Add component (AddParameter): Name = "Frequency"; Value = ""; VariantName = "[No Variations]"
Add component (AddParameter): Name = "Max Operating Temperature"; Value = "150°C"; VariantName = "[No Variations]"
Add component (AddParameter): Name = "Min Operating Temperature"; Value = ""; VariantName = "[No Variations]"
Add component (AddParameter): Name = "Mounting Technology"; Value = ""; VariantName = "[No Variations]"
Add component (AddParameter): Name = "Nominal Dual Supply"; Value = ""; VariantName = "[No Variations]"
Add component (AddParameter): Name = "Nominal Vgs"; Value = ""; VariantName = "[No Variations]"
Add component (AddParameter): Name = "Pins"; Value = "2"; VariantName = "[No Variations]"
Add component (AddParameter): Name = "Power"; Value = ""; VariantName = "[No Variations]"
Add component (AddParameter): Name = "RoHS Compliant"; Value = "Yes"; VariantName = "[No Variations]"
Add component (AddParameter): Name = "Transistor Type"; Value = ""; VariantName = "[No Variations]"
Add component (AddParameter): Name = "Vgs (Max)"; Value = ""; VariantName = "[No Variations]"
Add component (AddParameter): Name = "Vgs(th) (Max) @ Id"; Value = ""; VariantName = "[No Variations]"
Added Component: Designator=Q903(WL-OCPT_LSOP4)
Add component (AddParameter): Name = "RoHS Compliant"; Value = "Yes"; VariantName = "[No Variations]"
Added Component: Designator=Q904(SiHB12N60E-GE3-Footprint-1)
Add component (AddParameter): Name = "Case/Package"; Value = ""; VariantName = "[No Variations]"
Add component (AddParameter): Name = "Frequency"; Value = ""; VariantName = "[No Variations]"
Add component (AddParameter): Name = "Max Operating Temperature"; Value = "150°C"; VariantName = "[No Variations]"
Add component (AddParameter): Name = "Min Operating Temperature"; Value = ""; VariantName = "[No Variations]"
Add component (AddParameter): Name = "Mounting Technology"; Value = ""; VariantName = "[No Variations]"
Add component (AddParameter): Name = "Nominal Dual Supply"; Value = ""; VariantName = "[No Variations]"
Add component (AddParameter): Name = "Nominal Vgs"; Value = ""; VariantName = "[No Variations]"
Add component (AddParameter): Name = "Pins"; Value = "2"; VariantName = "[No Variations]"
Add component (AddParameter): Name = "Power"; Value = ""; VariantName = "[No Variations]"
Add component (AddParameter): Name = "RoHS Compliant"; Value = "Yes"; VariantName = "[No Variations]"
Add component (AddParameter): Name = "Transistor Type"; Value = ""; VariantName = "[No Variations]"
Add component (AddParameter): Name = "Vgs (Max)"; Value = ""; VariantName = "[No Variations]"
Add component (AddParameter): Name = "Vgs(th) (Max) @ Id"; Value = ""; VariantName = "[No Variations]"
Added Component: Designator=R603(R_3521)
Add component (AddParameter): Name = ".Creator"; Value = "DR"; VariantName = "[No Variations]"
Add component (AddParameter): Name = ".PCBcheck"; Value = ""; VariantName = "[No Variations]"
Add component (AddParameter): Name = ".SCHcheck"; Value = ""; VariantName = "[No Variations]"
Add component (AddParameter): Name = "Case Code (Metric)"; Value = "6432"; VariantName = "[No Variations]"
Add component (AddParameter): Name = "Case/Package"; Value = "2512"; VariantName = "[No Variations]"
Add component (AddParameter): Name = "Category"; Value = "Chip SMD Resistors"; VariantName = "[No Variations]"
Add component (AddParameter): Name = "Circuit Type"; Value = ""; VariantName = "[No Variations]"
Add component (AddParameter): Name = "Color"; Value = ""; VariantName = "[No Variations]"
Add component (AddParameter): Name = "ComponentLink1Description"; Value = "Datasheet"; VariantName = "[No Variations]"
Add component (AddParameter): Name = "ComponentLink1URL"; Value = "https://docs.rs-online.com/8bc1/0900766b81096b90.pdf"; VariantName = "[No Variations]"
Add component (AddParameter): Name = "ComponentLink2Description"; Value = "Where buy it"; VariantName = "[No Variations]"
Add component (AddParameter): Name = "ComponentLink2URL"; Value = "https://es.rs-online.com/web/p/resistencias-de-montaje-en-superficie/7551110"; VariantName = "[No Variations]"
Add component (AddParameter): Name = "ComponentLink3Description"; Value = "https://datasheet.ciiva.com/25610/0900766b81096b90-25610033.pdf?src-supplier=RSComponents"; VariantName = "[No Variations]"
Add component (AddParameter): Name = "ComponentLink3URL"; Value = "https://datasheet.ciiva.com/25610/0900766b81096b90-25610033.pdf?src-supplier=RSComponents"; VariantName = "[No Variations]"
Add component (AddParameter): Name = "ComponentLink4Description"; Value = "https://datasheet.ciiva.com/46391/1610601-46391493.pdf?src-supplier=Element14"; VariantName = "[No Variations]"
Add component (AddParameter): Name = "ComponentLink4URL"; Value = "https://datasheet.ciiva.com/46391/1610601-46391493.pdf?src-supplier=Element14"; VariantName = "[No Variations]"
Add component (AddParameter): Name = "ComponentLink5Description"; Value = "https://datasheet.ciiva.com/7657/1610601-7657542.pdf?src-supplier=Element14"; VariantName = "[No Variations]"
Add component (AddParameter): Name = "ComponentLink5URL"; Value = "https://datasheet.ciiva.com/7657/1610601-7657542.pdf?src-supplier=Element14"; VariantName = "[No Variations]"
Add component (AddParameter): Name = "Construction"; Value = ""; VariantName = "[No Variations]"
Add component (AddParameter): Name = "Contact Plating"; Value = ""; VariantName = "[No Variations]"
Add component (AddParameter): Name = "Current Rating"; Value = ""; VariantName = "[No Variations]"
Add component (AddParameter): Name = "Depth"; Value = "3.2mm"; VariantName = "[No Variations]"
Add component (AddParameter): Name = "Design Item ID"; Value = "R15-2512FTK"; VariantName = "[No Variations]"
Add component (AddParameter): Name = "ELV"; Value = "Compliant"; VariantName = "[No Variations]"
Add component (AddParameter): Name = "Features"; Value = "Automotive AEC-Q200"; VariantName = "[No Variations]"
Add component (AddParameter): Name = "Height"; Value = "0.55mm"; VariantName = "[No Variations]"
Add component (AddParameter): Name = "Insulation Resistance"; Value = ""; VariantName = "[No Variations]"
Add component (AddParameter): Name = "Lead Free"; Value = ""; VariantName = "[No Variations]"
Add component (AddParameter): Name = "Lead Length"; Value = ""; VariantName = "[No Variations]"
Add component (AddParameter): Name = "Length"; Value = "6.3mm"; VariantName = "[No Variations]"
Add component (AddParameter): Name = "Manufacturer"; Value = ""; VariantName = "[No Variations]"
Add component (AddParameter): Name = "Manufacturer 1"; Value = "TE Connectivity"; VariantName = "[No Variations]"
Add component (AddParameter): Name = "Manufacturer Part Number"; Value = ""; VariantName = "[No Variations]"
Add component (AddParameter): Name = "Manufacturer Part Number 1"; Value = "352115RFT"; VariantName = "[No Variations]"
Add component (AddParameter): Name = "Max Operating Temperature"; Value = "155°C"; VariantName = "[No Variations]"
Add component (AddParameter): Name = "Max Power Dissipation"; Value = "2W"; VariantName = "[No Variations]"
Add component (AddParameter): Name = "Military Standard"; Value = ""; VariantName = "[No Variations]"
Add component (AddParameter): Name = "Min Operating Temperature"; Value = "-55°C"; VariantName = "[No Variations]"
Add component (AddParameter): Name = "Mount"; Value = "Surface Mount"; VariantName = "[No Variations]"
Add component (AddParameter): Name = "Mounting Technology"; Value = ""; VariantName = "[No Variations]"
Add component (AddParameter): Name = "Number of Contacts"; Value = ""; VariantName = "[No Variations]"
Add component (AddParameter): Name = "Number of Elements"; Value = ""; VariantName = "[No Variations]"
Add component (AddParameter): Name = "Number of Resistors"; Value = "1"; VariantName = "[No Variations]"
Add component (AddParameter): Name = "Number of Terminals/Pins"; Value = ""; VariantName = "[No Variations]"
Add component (AddParameter): Name = "Number of Terminations"; Value = "2"; VariantName = "[No Variations]"
Add component (AddParameter): Name = "Number of Turns"; Value = ""; VariantName = "[No Variations]"
Add component (AddParameter): Name = "Package Quantity"; Value = ""; VariantName = "[No Variations]"
Add component (AddParameter): Name = "Package Shape"; Value = ""; VariantName = "[No Variations]"
Add component (AddParameter): Name = "Packaging"; Value = "Tape and Reel"; VariantName = "[No Variations]"
Add component (AddParameter): Name = "Pins"; Value = ""; VariantName = "[No Variations]"
Add component (AddParameter): Name = "Power"; Value = ""; VariantName = "[No Variations]"
Add component (AddParameter): Name = "Power Per Element"; Value = ""; VariantName = "[No Variations]"
Add component (AddParameter): Name = "Power Rating"; Value = ""; VariantName = "[No Variations]"
Add component (AddParameter): Name = "Pricing 1"; Value = "10=0,64300, 250=0,62200, 1000=0,60000, 2000=0,55400, 2500=0,52100 (USD)"; VariantName = "[No Variations]"
Add component (AddParameter): Name = "Radiation Hardening"; Value = ""; VariantName = "[No Variations]"
Add component (AddParameter): Name = "REACH SVHC"; Value = "No SVHC"; VariantName = "[No Variations]"
Add component (AddParameter): Name = "Resistance"; Value = ""; VariantName = "[No Variations]"
Add component (AddParameter): Name = "Resistance Tolerance"; Value = "1%"; VariantName = "[No Variations]"
Add component (AddParameter): Name = "Resistence"; Value = ""; VariantName = "[No Variations]"
Add component (AddParameter): Name = "Resistor Type"; Value = "Thick Film,Power resistor"; VariantName = "[No Variations]"
Add component (AddParameter): Name = "RoHS"; Value = "Yes"; VariantName = "[No Variations]"
Add component (AddParameter): Name = "RoHS Compliant"; Value = "Yes"; VariantName = "[No Variations]"
Add component (AddParameter): Name = "Series"; Value = "3521, CGS"; VariantName = "[No Variations]"
Add component (AddParameter): Name = "Size Code"; Value = ""; VariantName = "[No Variations]"
Add component (AddParameter): Name = "Source"; Value = "Passives.SchLib"; VariantName = "[No Variations]"
Add component (AddParameter): Name = "Stock 1"; Value = "1"; VariantName = "[No Variations]"
Add component (AddParameter): Name = "Taper"; Value = ""; VariantName = "[No Variations]"
Add component (AddParameter): Name = "Technology"; Value = "THICK FILM"; VariantName = "[No Variations]"
Add component (AddParameter): Name = "Temperature Coefficient"; Value = "100ppm/°C"; VariantName = "[No Variations]"
Add component (AddParameter): Name = "Terminal Finish"; Value = ""; VariantName = "[No Variations]"
Add component (AddParameter): Name = "Terminal Pitch"; Value = ""; VariantName = "[No Variations]"
Add component (AddParameter): Name = "Termination"; Value = "Solder"; VariantName = "[No Variations]"
Add component (AddParameter): Name = "Thickness"; Value = ""; VariantName = "[No Variations]"
Add component (AddParameter): Name = "Tolerance"; Value = "1%"; VariantName = "[No Variations]"
Add component (AddParameter): Name = "Value"; Value = "15"; VariantName = "[No Variations]"
Add component (AddParameter): Name = "Voltage Rating"; Value = "250V"; VariantName = "[No Variations]"
Add component (AddParameter): Name = "Voltage Rating (DC)"; Value = "250V"; VariantName = "[No Variations]"
Add component (AddParameter): Name = "Weight"; Value = ""; VariantName = "[No Variations]"
Add component (AddParameter): Name = "Width"; Value = ""; VariantName = "[No Variations]"
Add component (AddParameter): Name = "Working Voltage"; Value = ""; VariantName = "[No Variations]"
Added Component: Designator=R604(R_3521)
Add component (AddParameter): Name = ".Creator"; Value = "DR"; VariantName = "[No Variations]"
Add component (AddParameter): Name = ".PCBcheck"; Value = ""; VariantName = "[No Variations]"
Add component (AddParameter): Name = ".SCHcheck"; Value = ""; VariantName = "[No Variations]"
Add component (AddParameter): Name = "Case Code (Metric)"; Value = "6432"; VariantName = "[No Variations]"
Add component (AddParameter): Name = "Case/Package"; Value = "2512"; VariantName = "[No Variations]"
Add component (AddParameter): Name = "Category"; Value = "Chip SMD Resistors"; VariantName = "[No Variations]"
Add component (AddParameter): Name = "Circuit Type"; Value = ""; VariantName = "[No Variations]"
Add component (AddParameter): Name = "Color"; Value = ""; VariantName = "[No Variations]"
Add component (AddParameter): Name = "ComponentLink1Description"; Value = "Datasheet"; VariantName = "[No Variations]"
Add component (AddParameter): Name = "ComponentLink1URL"; Value = "https://docs.rs-online.com/8bc1/0900766b81096b90.pdf"; VariantName = "[No Variations]"
Add component (AddParameter): Name = "ComponentLink2Description"; Value = "Where buy it"; VariantName = "[No Variations]"
Add component (AddParameter): Name = "ComponentLink2URL"; Value = "https://es.rs-online.com/web/p/resistencias-de-montaje-en-superficie/7551110"; VariantName = "[No Variations]"
Add component (AddParameter): Name = "ComponentLink3Description"; Value = "https://datasheet.ciiva.com/25610/0900766b81096b90-25610033.pdf?src-supplier=RSComponents"; VariantName = "[No Variations]"
Add component (AddParameter): Name = "ComponentLink3URL"; Value = "https://datasheet.ciiva.com/25610/0900766b81096b90-25610033.pdf?src-supplier=RSComponents"; VariantName = "[No Variations]"
Add component (AddParameter): Name = "ComponentLink4Description"; Value = "https://datasheet.ciiva.com/46391/1610601-46391493.pdf?src-supplier=Element14"; VariantName = "[No Variations]"
Add component (AddParameter): Name = "ComponentLink4URL"; Value = "https://datasheet.ciiva.com/46391/1610601-46391493.pdf?src-supplier=Element14"; VariantName = "[No Variations]"
Add component (AddParameter): Name = "ComponentLink5Description"; Value = "https://datasheet.ciiva.com/7657/1610601-7657542.pdf?src-supplier=Element14"; VariantName = "[No Variations]"
Add component (AddParameter): Name = "ComponentLink5URL"; Value = "https://datasheet.ciiva.com/7657/1610601-7657542.pdf?src-supplier=Element14"; VariantName = "[No Variations]"
Add component (AddParameter): Name = "Construction"; Value = ""; VariantName = "[No Variations]"
Add component (AddParameter): Name = "Contact Plating"; Value = ""; VariantName = "[No Variations]"
Add component (AddParameter): Name = "Current Rating"; Value = ""; VariantName = "[No Variations]"
Add component (AddParameter): Name = "Depth"; Value = "3.2mm"; VariantName = "[No Variations]"
Add component (AddParameter): Name = "Design Item ID"; Value = "R15-2512FTK"; VariantName = "[No Variations]"
Add component (AddParameter): Name = "ELV"; Value = "Compliant"; VariantName = "[No Variations]"
Add component (AddParameter): Name = "Features"; Value = "Automotive AEC-Q200"; VariantName = "[No Variations]"
Add component (AddParameter): Name = "Height"; Value = "0.55mm"; VariantName = "[No Variations]"
Add component (AddParameter): Name = "Insulation Resistance"; Value = ""; VariantName = "[No Variations]"
Add component (AddParameter): Name = "Lead Free"; Value = ""; VariantName = "[No Variations]"
Add component (AddParameter): Name = "Lead Length"; Value = ""; VariantName = "[No Variations]"
Add component (AddParameter): Name = "Length"; Value = "6.3mm"; VariantName = "[No Variations]"
Add component (AddParameter): Name = "Manufacturer"; Value = ""; VariantName = "[No Variations]"
Add component (AddParameter): Name = "Manufacturer 1"; Value = "TE Connectivity"; VariantName = "[No Variations]"
Add component (AddParameter): Name = "Manufacturer Part Number"; Value = ""; VariantName = "[No Variations]"
Add component (AddParameter): Name = "Manufacturer Part Number 1"; Value = "352115RFT"; VariantName = "[No Variations]"
Add component (AddParameter): Name = "Max Operating Temperature"; Value = "155°C"; VariantName = "[No Variations]"
Add component (AddParameter): Name = "Max Power Dissipation"; Value = "2W"; VariantName = "[No Variations]"
Add component (AddParameter): Name = "Military Standard"; Value = ""; VariantName = "[No Variations]"
Add component (AddParameter): Name = "Min Operating Temperature"; Value = "-55°C"; VariantName = "[No Variations]"
Add component (AddParameter): Name = "Mount"; Value = "Surface Mount"; VariantName = "[No Variations]"
Add component (AddParameter): Name = "Mounting Technology"; Value = ""; VariantName = "[No Variations]"
Add component (AddParameter): Name = "Number of Contacts"; Value = ""; VariantName = "[No Variations]"
Add component (AddParameter): Name = "Number of Elements"; Value = ""; VariantName = "[No Variations]"
Add component (AddParameter): Name = "Number of Resistors"; Value = "1"; VariantName = "[No Variations]"
Add component (AddParameter): Name = "Number of Terminals/Pins"; Value = ""; VariantName = "[No Variations]"
Add component (AddParameter): Name = "Number of Terminations"; Value = "2"; VariantName = "[No Variations]"
Add component (AddParameter): Name = "Number of Turns"; Value = ""; VariantName = "[No Variations]"
Add component (AddParameter): Name = "Package Quantity"; Value = ""; VariantName = "[No Variations]"
Add component (AddParameter): Name = "Package Shape"; Value = ""; VariantName = "[No Variations]"
Add component (AddParameter): Name = "Packaging"; Value = "Tape and Reel"; VariantName = "[No Variations]"
Add component (AddParameter): Name = "Pins"; Value = ""; VariantName = "[No Variations]"
Add component (AddParameter): Name = "Power"; Value = ""; VariantName = "[No Variations]"
Add component (AddParameter): Name = "Power Per Element"; Value = ""; VariantName = "[No Variations]"
Add component (AddParameter): Name = "Power Rating"; Value = ""; VariantName = "[No Variations]"
Add component (AddParameter): Name = "Pricing 1"; Value = "10=0,64300, 250=0,62200, 1000=0,60000, 2000=0,55400, 2500=0,52100 (USD)"; VariantName = "[No Variations]"
Add component (AddParameter): Name = "Radiation Hardening"; Value = ""; VariantName = "[No Variations]"
Add component (AddParameter): Name = "REACH SVHC"; Value = "No SVHC"; VariantName = "[No Variations]"
Add component (AddParameter): Name = "Resistance"; Value = ""; VariantName = "[No Variations]"
Add component (AddParameter): Name = "Resistance Tolerance"; Value = "1%"; VariantName = "[No Variations]"
Add component (AddParameter): Name = "Resistence"; Value = ""; VariantName = "[No Variations]"
Add component (AddParameter): Name = "Resistor Type"; Value = "Thick Film,Power resistor"; VariantName = "[No Variations]"
Add component (AddParameter): Name = "RoHS"; Value = "Yes"; VariantName = "[No Variations]"
Add component (AddParameter): Name = "RoHS Compliant"; Value = "Yes"; VariantName = "[No Variations]"
Add component (AddParameter): Name = "Series"; Value = "3521, CGS"; VariantName = "[No Variations]"
Add component (AddParameter): Name = "Size Code"; Value = ""; VariantName = "[No Variations]"
Add component (AddParameter): Name = "Source"; Value = "Passives.SchLib"; VariantName = "[No Variations]"
Add component (AddParameter): Name = "Stock 1"; Value = "1"; VariantName = "[No Variations]"
Add component (AddParameter): Name = "Taper"; Value = ""; VariantName = "[No Variations]"
Add component (AddParameter): Name = "Technology"; Value = "THICK FILM"; VariantName = "[No Variations]"
Add component (AddParameter): Name = "Temperature Coefficient"; Value = "100ppm/°C"; VariantName = "[No Variations]"
Add component (AddParameter): Name = "Terminal Finish"; Value = ""; VariantName = "[No Variations]"
Add component (AddParameter): Name = "Terminal Pitch"; Value = ""; VariantName = "[No Variations]"
Add component (AddParameter): Name = "Termination"; Value = "Solder"; VariantName = "[No Variations]"
Add component (AddParameter): Name = "Thickness"; Value = ""; VariantName = "[No Variations]"
Add component (AddParameter): Name = "Tolerance"; Value = "1%"; VariantName = "[No Variations]"
Add component (AddParameter): Name = "Value"; Value = "15"; VariantName = "[No Variations]"
Add component (AddParameter): Name = "Voltage Rating"; Value = "250V"; VariantName = "[No Variations]"
Add component (AddParameter): Name = "Voltage Rating (DC)"; Value = "250V"; VariantName = "[No Variations]"
Add component (AddParameter): Name = "Weight"; Value = ""; VariantName = "[No Variations]"
Add component (AddParameter): Name = "Width"; Value = ""; VariantName = "[No Variations]"
Add component (AddParameter): Name = "Working Voltage"; Value = ""; VariantName = "[No Variations]"
Added Component: Designator=R803(R_3521)
Add component (AddParameter): Name = ".Creator"; Value = "DR"; VariantName = "[No Variations]"
Add component (AddParameter): Name = ".PCBcheck"; Value = ""; VariantName = "[No Variations]"
Add component (AddParameter): Name = ".SCHcheck"; Value = ""; VariantName = "[No Variations]"
Add component (AddParameter): Name = "Case Code (Metric)"; Value = "6432"; VariantName = "[No Variations]"
Add component (AddParameter): Name = "Case/Package"; Value = "2512"; VariantName = "[No Variations]"
Add component (AddParameter): Name = "Category"; Value = "Chip SMD Resistors"; VariantName = "[No Variations]"
Add component (AddParameter): Name = "Circuit Type"; Value = ""; VariantName = "[No Variations]"
Add component (AddParameter): Name = "Color"; Value = ""; VariantName = "[No Variations]"
Add component (AddParameter): Name = "ComponentLink1Description"; Value = "Datasheet"; VariantName = "[No Variations]"
Add component (AddParameter): Name = "ComponentLink1URL"; Value = "https://docs.rs-online.com/8bc1/0900766b81096b90.pdf"; VariantName = "[No Variations]"
Add component (AddParameter): Name = "ComponentLink2Description"; Value = "Where buy it"; VariantName = "[No Variations]"
Add component (AddParameter): Name = "ComponentLink2URL"; Value = "https://es.rs-online.com/web/p/resistencias-de-montaje-en-superficie/7551110"; VariantName = "[No Variations]"
Add component (AddParameter): Name = "ComponentLink3Description"; Value = "https://datasheet.ciiva.com/25610/0900766b81096b90-25610033.pdf?src-supplier=RSComponents"; VariantName = "[No Variations]"
Add component (AddParameter): Name = "ComponentLink3URL"; Value = "https://datasheet.ciiva.com/25610/0900766b81096b90-25610033.pdf?src-supplier=RSComponents"; VariantName = "[No Variations]"
Add component (AddParameter): Name = "ComponentLink4Description"; Value = "https://datasheet.ciiva.com/46391/1610601-46391493.pdf?src-supplier=Element14"; VariantName = "[No Variations]"
Add component (AddParameter): Name = "ComponentLink4URL"; Value = "https://datasheet.ciiva.com/46391/1610601-46391493.pdf?src-supplier=Element14"; VariantName = "[No Variations]"
Add component (AddParameter): Name = "ComponentLink5Description"; Value = "https://datasheet.ciiva.com/7657/1610601-7657542.pdf?src-supplier=Element14"; VariantName = "[No Variations]"
Add component (AddParameter): Name = "ComponentLink5URL"; Value = "https://datasheet.ciiva.com/7657/1610601-7657542.pdf?src-supplier=Element14"; VariantName = "[No Variations]"
Add component (AddParameter): Name = "Construction"; Value = ""; VariantName = "[No Variations]"
Add component (AddParameter): Name = "Contact Plating"; Value = ""; VariantName = "[No Variations]"
Add component (AddParameter): Name = "Current Rating"; Value = ""; VariantName = "[No Variations]"
Add component (AddParameter): Name = "Depth"; Value = "3.2mm"; VariantName = "[No Variations]"
Add component (AddParameter): Name = "Design Item ID"; Value = "R15-2512FTK"; VariantName = "[No Variations]"
Add component (AddParameter): Name = "ELV"; Value = "Compliant"; VariantName = "[No Variations]"
Add component (AddParameter): Name = "Features"; Value = "Automotive AEC-Q200"; VariantName = "[No Variations]"
Add component (AddParameter): Name = "Height"; Value = "0.55mm"; VariantName = "[No Variations]"
Add component (AddParameter): Name = "Insulation Resistance"; Value = ""; VariantName = "[No Variations]"
Add component (AddParameter): Name = "Lead Free"; Value = ""; VariantName = "[No Variations]"
Add component (AddParameter): Name = "Lead Length"; Value = ""; VariantName = "[No Variations]"
Add component (AddParameter): Name = "Length"; Value = "6.3mm"; VariantName = "[No Variations]"
Add component (AddParameter): Name = "Manufacturer"; Value = ""; VariantName = "[No Variations]"
Add component (AddParameter): Name = "Manufacturer 1"; Value = "TE Connectivity"; VariantName = "[No Variations]"
Add component (AddParameter): Name = "Manufacturer Part Number"; Value = ""; VariantName = "[No Variations]"
Add component (AddParameter): Name = "Manufacturer Part Number 1"; Value = "352115RFT"; VariantName = "[No Variations]"
Add component (AddParameter): Name = "Max Operating Temperature"; Value = "155°C"; VariantName = "[No Variations]"
Add component (AddParameter): Name = "Max Power Dissipation"; Value = "2W"; VariantName = "[No Variations]"
Add component (AddParameter): Name = "Military Standard"; Value = ""; VariantName = "[No Variations]"
Add component (AddParameter): Name = "Min Operating Temperature"; Value = "-55°C"; VariantName = "[No Variations]"
Add component (AddParameter): Name = "Mount"; Value = "Surface Mount"; VariantName = "[No Variations]"
Add component (AddParameter): Name = "Mounting Technology"; Value = ""; VariantName = "[No Variations]"
Add component (AddParameter): Name = "Number of Contacts"; Value = ""; VariantName = "[No Variations]"
Add component (AddParameter): Name = "Number of Elements"; Value = ""; VariantName = "[No Variations]"
Add component (AddParameter): Name = "Number of Resistors"; Value = "1"; VariantName = "[No Variations]"
Add component (AddParameter): Name = "Number of Terminals/Pins"; Value = ""; VariantName = "[No Variations]"
Add component (AddParameter): Name = "Number of Terminations"; Value = "2"; VariantName = "[No Variations]"
Add component (AddParameter): Name = "Number of Turns"; Value = ""; VariantName = "[No Variations]"
Add component (AddParameter): Name = "Package Quantity"; Value = ""; VariantName = "[No Variations]"
Add component (AddParameter): Name = "Package Shape"; Value = ""; VariantName = "[No Variations]"
Add component (AddParameter): Name = "Packaging"; Value = "Tape and Reel"; VariantName = "[No Variations]"
Add component (AddParameter): Name = "Pins"; Value = ""; VariantName = "[No Variations]"
Add component (AddParameter): Name = "Power"; Value = ""; VariantName = "[No Variations]"
Add component (AddParameter): Name = "Power Per Element"; Value = ""; VariantName = "[No Variations]"
Add component (AddParameter): Name = "Power Rating"; Value = ""; VariantName = "[No Variations]"
Add component (AddParameter): Name = "Pricing 1"; Value = "10=0,64300, 250=0,62200, 1000=0,60000, 2000=0,55400, 2500=0,52100 (USD)"; VariantName = "[No Variations]"
Add component (AddParameter): Name = "Radiation Hardening"; Value = ""; VariantName = "[No Variations]"
Add component (AddParameter): Name = "REACH SVHC"; Value = "No SVHC"; VariantName = "[No Variations]"
Add component (AddParameter): Name = "Resistance"; Value = ""; VariantName = "[No Variations]"
Add component (AddParameter): Name = "Resistance Tolerance"; Value = "1%"; VariantName = "[No Variations]"
Add component (AddParameter): Name = "Resistence"; Value = ""; VariantName = "[No Variations]"
Add component (AddParameter): Name = "Resistor Type"; Value = "Thick Film,Power resistor"; VariantName = "[No Variations]"
Add component (AddParameter): Name = "RoHS"; Value = "Yes"; VariantName = "[No Variations]"
Add component (AddParameter): Name = "RoHS Compliant"; Value = "Yes"; VariantName = "[No Variations]"
Add component (AddParameter): Name = "Series"; Value = "3521, CGS"; VariantName = "[No Variations]"
Add component (AddParameter): Name = "Size Code"; Value = ""; VariantName = "[No Variations]"
Add component (AddParameter): Name = "Source"; Value = "Passives.SchLib"; VariantName = "[No Variations]"
Add component (AddParameter): Name = "Stock 1"; Value = "1"; VariantName = "[No Variations]"
Add component (AddParameter): Name = "Taper"; Value = ""; VariantName = "[No Variations]"
Add component (AddParameter): Name = "Technology"; Value = "THICK FILM"; VariantName = "[No Variations]"
Add component (AddParameter): Name = "Temperature Coefficient"; Value = "100ppm/°C"; VariantName = "[No Variations]"
Add component (AddParameter): Name = "Terminal Finish"; Value = ""; VariantName = "[No Variations]"
Add component (AddParameter): Name = "Terminal Pitch"; Value = ""; VariantName = "[No Variations]"
Add component (AddParameter): Name = "Termination"; Value = "Solder"; VariantName = "[No Variations]"
Add component (AddParameter): Name = "Thickness"; Value = ""; VariantName = "[No Variations]"
Add component (AddParameter): Name = "Tolerance"; Value = "1%"; VariantName = "[No Variations]"
Add component (AddParameter): Name = "Value"; Value = "15"; VariantName = "[No Variations]"
Add component (AddParameter): Name = "Voltage Rating"; Value = "250V"; VariantName = "[No Variations]"
Add component (AddParameter): Name = "Voltage Rating (DC)"; Value = "250V"; VariantName = "[No Variations]"
Add component (AddParameter): Name = "Weight"; Value = ""; VariantName = "[No Variations]"
Add component (AddParameter): Name = "Width"; Value = ""; VariantName = "[No Variations]"
Add component (AddParameter): Name = "Working Voltage"; Value = ""; VariantName = "[No Variations]"
Added Component: Designator=R804(R_3521)
Add component (AddParameter): Name = ".Creator"; Value = "DR"; VariantName = "[No Variations]"
Add component (AddParameter): Name = ".PCBcheck"; Value = ""; VariantName = "[No Variations]"
Add component (AddParameter): Name = ".SCHcheck"; Value = ""; VariantName = "[No Variations]"
Add component (AddParameter): Name = "Case Code (Metric)"; Value = "6432"; VariantName = "[No Variations]"
Add component (AddParameter): Name = "Case/Package"; Value = "2512"; VariantName = "[No Variations]"
Add component (AddParameter): Name = "Category"; Value = "Chip SMD Resistors"; VariantName = "[No Variations]"
Add component (AddParameter): Name = "Circuit Type"; Value = ""; VariantName = "[No Variations]"
Add component (AddParameter): Name = "Color"; Value = ""; VariantName = "[No Variations]"
Add component (AddParameter): Name = "ComponentLink1Description"; Value = "Datasheet"; VariantName = "[No Variations]"
Add component (AddParameter): Name = "ComponentLink1URL"; Value = "https://docs.rs-online.com/8bc1/0900766b81096b90.pdf"; VariantName = "[No Variations]"
Add component (AddParameter): Name = "ComponentLink2Description"; Value = "Where buy it"; VariantName = "[No Variations]"
Add component (AddParameter): Name = "ComponentLink2URL"; Value = "https://es.rs-online.com/web/p/resistencias-de-montaje-en-superficie/7551110"; VariantName = "[No Variations]"
Add component (AddParameter): Name = "ComponentLink3Description"; Value = "https://datasheet.ciiva.com/25610/0900766b81096b90-25610033.pdf?src-supplier=RSComponents"; VariantName = "[No Variations]"
Add component (AddParameter): Name = "ComponentLink3URL"; Value = "https://datasheet.ciiva.com/25610/0900766b81096b90-25610033.pdf?src-supplier=RSComponents"; VariantName = "[No Variations]"
Add component (AddParameter): Name = "ComponentLink4Description"; Value = "https://datasheet.ciiva.com/46391/1610601-46391493.pdf?src-supplier=Element14"; VariantName = "[No Variations]"
Add component (AddParameter): Name = "ComponentLink4URL"; Value = "https://datasheet.ciiva.com/46391/1610601-46391493.pdf?src-supplier=Element14"; VariantName = "[No Variations]"
Add component (AddParameter): Name = "ComponentLink5Description"; Value = "https://datasheet.ciiva.com/7657/1610601-7657542.pdf?src-supplier=Element14"; VariantName = "[No Variations]"
Add component (AddParameter): Name = "ComponentLink5URL"; Value = "https://datasheet.ciiva.com/7657/1610601-7657542.pdf?src-supplier=Element14"; VariantName = "[No Variations]"
Add component (AddParameter): Name = "Construction"; Value = ""; VariantName = "[No Variations]"
Add component (AddParameter): Name = "Contact Plating"; Value = ""; VariantName = "[No Variations]"
Add component (AddParameter): Name = "Current Rating"; Value = ""; VariantName = "[No Variations]"
Add component (AddParameter): Name = "Depth"; Value = "3.2mm"; VariantName = "[No Variations]"
Add component (AddParameter): Name = "Design Item ID"; Value = "R15-2512FTK"; VariantName = "[No Variations]"
Add component (AddParameter): Name = "ELV"; Value = "Compliant"; VariantName = "[No Variations]"
Add component (AddParameter): Name = "Features"; Value = "Automotive AEC-Q200"; VariantName = "[No Variations]"
Add component (AddParameter): Name = "Height"; Value = "0.55mm"; VariantName = "[No Variations]"
Add component (AddParameter): Name = "Insulation Resistance"; Value = ""; VariantName = "[No Variations]"
Add component (AddParameter): Name = "Lead Free"; Value = ""; VariantName = "[No Variations]"
Add component (AddParameter): Name = "Lead Length"; Value = ""; VariantName = "[No Variations]"
Add component (AddParameter): Name = "Length"; Value = "6.3mm"; VariantName = "[No Variations]"
Add component (AddParameter): Name = "Manufacturer"; Value = ""; VariantName = "[No Variations]"
Add component (AddParameter): Name = "Manufacturer 1"; Value = "TE Connectivity"; VariantName = "[No Variations]"
Add component (AddParameter): Name = "Manufacturer Part Number"; Value = ""; VariantName = "[No Variations]"
Add component (AddParameter): Name = "Manufacturer Part Number 1"; Value = "352115RFT"; VariantName = "[No Variations]"
Add component (AddParameter): Name = "Max Operating Temperature"; Value = "155°C"; VariantName = "[No Variations]"
Add component (AddParameter): Name = "Max Power Dissipation"; Value = "2W"; VariantName = "[No Variations]"
Add component (AddParameter): Name = "Military Standard"; Value = ""; VariantName = "[No Variations]"
Add component (AddParameter): Name = "Min Operating Temperature"; Value = "-55°C"; VariantName = "[No Variations]"
Add component (AddParameter): Name = "Mount"; Value = "Surface Mount"; VariantName = "[No Variations]"
Add component (AddParameter): Name = "Mounting Technology"; Value = ""; VariantName = "[No Variations]"
Add component (AddParameter): Name = "Number of Contacts"; Value = ""; VariantName = "[No Variations]"
Add component (AddParameter): Name = "Number of Elements"; Value = ""; VariantName = "[No Variations]"
Add component (AddParameter): Name = "Number of Resistors"; Value = "1"; VariantName = "[No Variations]"
Add component (AddParameter): Name = "Number of Terminals/Pins"; Value = ""; VariantName = "[No Variations]"
Add component (AddParameter): Name = "Number of Terminations"; Value = "2"; VariantName = "[No Variations]"
Add component (AddParameter): Name = "Number of Turns"; Value = ""; VariantName = "[No Variations]"
Add component (AddParameter): Name = "Package Quantity"; Value = ""; VariantName = "[No Variations]"
Add component (AddParameter): Name = "Package Shape"; Value = ""; VariantName = "[No Variations]"
Add component (AddParameter): Name = "Packaging"; Value = "Tape and Reel"; VariantName = "[No Variations]"
Add component (AddParameter): Name = "Pins"; Value = ""; VariantName = "[No Variations]"
Add component (AddParameter): Name = "Power"; Value = ""; VariantName = "[No Variations]"
Add component (AddParameter): Name = "Power Per Element"; Value = ""; VariantName = "[No Variations]"
Add component (AddParameter): Name = "Power Rating"; Value = ""; VariantName = "[No Variations]"
Add component (AddParameter): Name = "Pricing 1"; Value = "10=0,64300, 250=0,62200, 1000=0,60000, 2000=0,55400, 2500=0,52100 (USD)"; VariantName = "[No Variations]"
Add component (AddParameter): Name = "Radiation Hardening"; Value = ""; VariantName = "[No Variations]"
Add component (AddParameter): Name = "REACH SVHC"; Value = "No SVHC"; VariantName = "[No Variations]"
Add component (AddParameter): Name = "Resistance"; Value = ""; VariantName = "[No Variations]"
Add component (AddParameter): Name = "Resistance Tolerance"; Value = "1%"; VariantName = "[No Variations]"
Add component (AddParameter): Name = "Resistence"; Value = ""; VariantName = "[No Variations]"
Add component (AddParameter): Name = "Resistor Type"; Value = "Thick Film,Power resistor"; VariantName = "[No Variations]"
Add component (AddParameter): Name = "RoHS"; Value = "Yes"; VariantName = "[No Variations]"
Add component (AddParameter): Name = "RoHS Compliant"; Value = "Yes"; VariantName = "[No Variations]"
Add component (AddParameter): Name = "Series"; Value = "3521, CGS"; VariantName = "[No Variations]"
Add component (AddParameter): Name = "Size Code"; Value = ""; VariantName = "[No Variations]"
Add component (AddParameter): Name = "Source"; Value = "Passives.SchLib"; VariantName = "[No Variations]"
Add component (AddParameter): Name = "Stock 1"; Value = "1"; VariantName = "[No Variations]"
Add component (AddParameter): Name = "Taper"; Value = ""; VariantName = "[No Variations]"
Add component (AddParameter): Name = "Technology"; Value = "THICK FILM"; VariantName = "[No Variations]"
Add component (AddParameter): Name = "Temperature Coefficient"; Value = "100ppm/°C"; VariantName = "[No Variations]"
Add component (AddParameter): Name = "Terminal Finish"; Value = ""; VariantName = "[No Variations]"
Add component (AddParameter): Name = "Terminal Pitch"; Value = ""; VariantName = "[No Variations]"
Add component (AddParameter): Name = "Termination"; Value = "Solder"; VariantName = "[No Variations]"
Add component (AddParameter): Name = "Thickness"; Value = ""; VariantName = "[No Variations]"
Add component (AddParameter): Name = "Tolerance"; Value = "1%"; VariantName = "[No Variations]"
Add component (AddParameter): Name = "Value"; Value = "15"; VariantName = "[No Variations]"
Add component (AddParameter): Name = "Voltage Rating"; Value = "250V"; VariantName = "[No Variations]"
Add component (AddParameter): Name = "Voltage Rating (DC)"; Value = "250V"; VariantName = "[No Variations]"
Add component (AddParameter): Name = "Weight"; Value = ""; VariantName = "[No Variations]"
Add component (AddParameter): Name = "Width"; Value = ""; VariantName = "[No Variations]"
Add component (AddParameter): Name = "Working Voltage"; Value = ""; VariantName = "[No Variations]"
Added Component: Designator=R901(WRIS-RSKS_1206_Wave)
Add component (AddParameter): Name = "Case/Package"; Value = "1206"; VariantName = "[No Variations]"
Add component (AddParameter): Name = "Connector Type"; Value = ""; VariantName = "[No Variations]"
Add component (AddParameter): Name = "Gender"; Value = ""; VariantName = "[No Variations]"
Add component (AddParameter): Name = "Max Current Rating"; Value = ""; VariantName = "[No Variations]"
Add component (AddParameter): Name = "Max Operating Temperature"; Value = "155°C"; VariantName = "[No Variations]"
Add component (AddParameter): Name = "Min Operating Temperature"; Value = "-55°C"; VariantName = "[No Variations]"
Add component (AddParameter): Name = "Mounting Technology"; Value = "Surface Mount"; VariantName = "[No Variations]"
Add component (AddParameter): Name = "Parameter 1"; Value = ""; VariantName = "[No Variations]"
Add component (AddParameter): Name = "Pins"; Value = "2"; VariantName = "[No Variations]"
Add component (AddParameter): Name = "Power"; Value = "660mW"; VariantName = "[No Variations]"
Add component (AddParameter): Name = "Resistance"; Value = ""; VariantName = "[No Variations]"
Add component (AddParameter): Name = "RoHS Compliant"; Value = "Yes"; VariantName = "[No Variations]"
Add component (AddParameter): Name = "Tolerance"; Value = "1%"; VariantName = "[No Variations]"
Add component (AddParameter): Name = "Value"; Value = "4.3k"; VariantName = "[No Variations]"
Add component (AddParameter): Name = "Voltage Rating"; Value = ""; VariantName = "[No Variations]"
Added Component: Designator=R902(R1206FTK-W)
Add component (AddParameter): Name = ".Creator"; Value = "GP"; VariantName = "[No Variations]"
Add component (AddParameter): Name = ".PCBcheck"; Value = ""; VariantName = "[No Variations]"
Add component (AddParameter): Name = ".SCHcheck"; Value = ""; VariantName = "[No Variations]"
Add component (AddParameter): Name = "Case Code (Metric)"; Value = "3216"; VariantName = "[No Variations]"
Add component (AddParameter): Name = "Case/Package"; Value = "1206"; VariantName = "[No Variations]"
Add component (AddParameter): Name = "Category"; Value = "Resistor"; VariantName = "[No Variations]"
Add component (AddParameter): Name = "Circuit Type"; Value = ""; VariantName = "[No Variations]"
Add component (AddParameter): Name = "Color"; Value = ""; VariantName = "[No Variations]"
Add component (AddParameter): Name = "ComponentLink1Description"; Value = "Datasheet"; VariantName = "[No Variations]"
Add component (AddParameter): Name = "ComponentLink1URL"; Value = "https://docs.rs-online.com/bca8/A700000006404581.pdf"; VariantName = "[No Variations]"
Add component (AddParameter): Name = "ComponentLink2Description"; Value = "Where buy it"; VariantName = "[No Variations]"
Add component (AddParameter): Name = "ComponentLink2URL"; Value = "https://es.rs-online.com/web/p/resistencias-de-montaje-en-superficie/6791765"; VariantName = "[No Variations]"
Add component (AddParameter): Name = "Construction"; Value = "Rectangular"; VariantName = "[No Variations]"
Add component (AddParameter): Name = "Contact Plating"; Value = "Tin"; VariantName = "[No Variations]"
Add component (AddParameter): Name = "Current Rating"; Value = ""; VariantName = "[No Variations]"
Add component (AddParameter): Name = "Depth"; Value = "1.6mm"; VariantName = "[No Variations]"
Add component (AddParameter): Name = "Design Item ID"; Value = "R10k-1206FTK"; VariantName = "[No Variations]"
Add component (AddParameter): Name = "ELV"; Value = ""; VariantName = "[No Variations]"
Add component (AddParameter): Name = "Features"; Value = "Automotive AEC-Q200"; VariantName = "[No Variations]"
Add component (AddParameter): Name = "Height"; Value = "0.55mm"; VariantName = "[No Variations]"
Add component (AddParameter): Name = "Insulation Resistance"; Value = ""; VariantName = "[No Variations]"
Add component (AddParameter): Name = "Lead Free"; Value = "Lead Free"; VariantName = "[No Variations]"
Add component (AddParameter): Name = "Lead Length"; Value = ""; VariantName = "[No Variations]"
Add component (AddParameter): Name = "Length"; Value = "3.2mm"; VariantName = "[No Variations]"
Add component (AddParameter): Name = "Manufacturer"; Value = ""; VariantName = "[No Variations]"
Add component (AddParameter): Name = "Manufacturer 1"; Value = ""; VariantName = "[No Variations]"
Add component (AddParameter): Name = "Manufacturer Part Number"; Value = ""; VariantName = "[No Variations]"
Add component (AddParameter): Name = "Manufacturer Part Number 1"; Value = ""; VariantName = "[No Variations]"
Add component (AddParameter): Name = "Max Operating Temperature"; Value = ""; VariantName = "[No Variations]"
Add component (AddParameter): Name = "Max Power Dissipation"; Value = ""; VariantName = "[No Variations]"
Add component (AddParameter): Name = "Military Standard"; Value = "Not"; VariantName = "[No Variations]"
Add component (AddParameter): Name = "Min Operating Temperature"; Value = ""; VariantName = "[No Variations]"
Add component (AddParameter): Name = "Mount"; Value = ""; VariantName = "[No Variations]"
Add component (AddParameter): Name = "Number of Contacts"; Value = ""; VariantName = "[No Variations]"
Add component (AddParameter): Name = "Number of Elements"; Value = ""; VariantName = "[No Variations]"
Add component (AddParameter): Name = "Number of Resistors"; Value = ""; VariantName = "[No Variations]"
Add component (AddParameter): Name = "Number of Terminals/Pins"; Value = ""; VariantName = "[No Variations]"
Add component (AddParameter): Name = "Number of Terminations"; Value = "2"; VariantName = "[No Variations]"
Add component (AddParameter): Name = "Number of Turns"; Value = ""; VariantName = "[No Variations]"
Add component (AddParameter): Name = "Package Quantity"; Value = "10"; VariantName = "[No Variations]"
Add component (AddParameter): Name = "Package Shape"; Value = "Rectangular"; VariantName = "[No Variations]"
Add component (AddParameter): Name = "Packaging"; Value = ""; VariantName = "[No Variations]"
Add component (AddParameter): Name = "Pins"; Value = "2"; VariantName = "[No Variations]"
Add component (AddParameter): Name = "Power Per Element"; Value = ""; VariantName = "[No Variations]"
Add component (AddParameter): Name = "Power Rating"; Value = ""; VariantName = "[No Variations]"
Add component (AddParameter): Name = "Pricing 1"; Value = ""; VariantName = "[No Variations]"
Add component (AddParameter): Name = "Radiation Hardening"; Value = "No"; VariantName = "[No Variations]"
Add component (AddParameter): Name = "REACH SVHC"; Value = "Unknown"; VariantName = "[No Variations]"
Add component (AddParameter): Name = "Resistance"; Value = ""; VariantName = "[No Variations]"
Add component (AddParameter): Name = "Resistance Tolerance"; Value = "1%"; VariantName = "[No Variations]"
Add component (AddParameter): Name = "Resistence"; Value = ""; VariantName = "[No Variations]"
Add component (AddParameter): Name = "Resistor Type"; Value = "Thick Film"; VariantName = "[No Variations]"
Add component (AddParameter): Name = "RoHS"; Value = ""; VariantName = "[No Variations]"
Add component (AddParameter): Name = "RoHS Compliant"; Value = "Yes"; VariantName = "[No Variations]"
Add component (AddParameter): Name = "Series"; Value = "CRCW"; VariantName = "[No Variations]"
Add component (AddParameter): Name = "Size Code"; Value = "1206"; VariantName = "[No Variations]"
Add component (AddParameter): Name = "Source"; Value = "Passives.SchLib"; VariantName = "[No Variations]"
Add component (AddParameter): Name = "Stock 1"; Value = ""; VariantName = "[No Variations]"
Add component (AddParameter): Name = "Taper"; Value = ""; VariantName = "[No Variations]"
Add component (AddParameter): Name = "Technology"; Value = ""; VariantName = "[No Variations]"
Add component (AddParameter): Name = "Temperature Coefficient"; Value = "100ppm/°C"; VariantName = "[No Variations]"
Add component (AddParameter): Name = "Terminal Finish"; Value = "Tin"; VariantName = "[No Variations]"
Add component (AddParameter): Name = "Terminal Pitch"; Value = ""; VariantName = "[No Variations]"
Add component (AddParameter): Name = "Termination"; Value = "SMD/SMT"; VariantName = "[No Variations]"
Add component (AddParameter): Name = "Thickness"; Value = ""; VariantName = "[No Variations]"
Add component (AddParameter): Name = "Tolerance"; Value = ""; VariantName = "[No Variations]"
Add component (AddParameter): Name = "Value"; Value = "10k"; VariantName = "[No Variations]"
Add component (AddParameter): Name = "Voltage Rating"; Value = "200V"; VariantName = "[No Variations]"
Add component (AddParameter): Name = "Voltage Rating (DC)"; Value = "200V"; VariantName = "[No Variations]"
Add component (AddParameter): Name = "Weight"; Value = "0.000353oz"; VariantName = "[No Variations]"
Add component (AddParameter): Name = "Width"; Value = "0.063inch"; VariantName = "[No Variations]"
Add component (AddParameter): Name = "Working Voltage"; Value = "200V"; VariantName = "[No Variations]"
Added Component: Designator=R903(R1206FTK-W)
Add component (AddParameter): Name = ".Creator"; Value = "AC"; VariantName = "[No Variations]"
Add component (AddParameter): Name = ".PCBcheck"; Value = ""; VariantName = "[No Variations]"
Add component (AddParameter): Name = ".SCHcheck"; Value = ""; VariantName = "[No Variations]"
Add component (AddParameter): Name = "Case Code (Metric)"; Value = "3016"; VariantName = "[No Variations]"
Add component (AddParameter): Name = "Case/Package"; Value = "1206"; VariantName = "[No Variations]"
Add component (AddParameter): Name = "Category"; Value = "Chip SMD Resistors"; VariantName = "[No Variations]"
Add component (AddParameter): Name = "Circuit Type"; Value = ""; VariantName = "[No Variations]"
Add component (AddParameter): Name = "Color"; Value = ""; VariantName = "[No Variations]"
Add component (AddParameter): Name = "ComponentLink1Description"; Value = "https://datasheet.ciiva.com/48986/70483705-48986735.pdf?src-supplier=Allied+Electronics"; VariantName = "[No Variations]"
Add component (AddParameter): Name = "ComponentLink1URL"; Value = "https://datasheet.ciiva.com/48986/70483705-48986735.pdf?src-supplier=Allied+Electronics"; VariantName = "[No Variations]"
Add component (AddParameter): Name = "ComponentLink2Description"; Value = "RS"; VariantName = "[No Variations]"
Add component (AddParameter): Name = "ComponentLink2URL"; Value = "https://es.rs-online.com/web/p/resistencias-de-montaje-en-superficie/8672965"; VariantName = "[No Variations]"
Add component (AddParameter): Name = "Construction"; Value = ""; VariantName = "[No Variations]"
Add component (AddParameter): Name = "Contact Plating"; Value = ""; VariantName = "[No Variations]"
Add component (AddParameter): Name = "Current Rating"; Value = ""; VariantName = "[No Variations]"
Add component (AddParameter): Name = "Depth"; Value = ""; VariantName = "[No Variations]"
Add component (AddParameter): Name = "Design Item ID"; Value = "R4.7K-1206FTK"; VariantName = "[No Variations]"
Add component (AddParameter): Name = "ELV"; Value = ""; VariantName = "[No Variations]"
Add component (AddParameter): Name = "Features"; Value = ""; VariantName = "[No Variations]"
Add component (AddParameter): Name = "Height"; Value = "0.026inch"; VariantName = "[No Variations]"
Add component (AddParameter): Name = "Insulation Resistance"; Value = ""; VariantName = "[No Variations]"
Add component (AddParameter): Name = "Lead Free"; Value = ""; VariantName = "[No Variations]"
Add component (AddParameter): Name = "Lead Length"; Value = ""; VariantName = "[No Variations]"
Add component (AddParameter): Name = "Length"; Value = "0.122inch"; VariantName = "[No Variations]"
Add component (AddParameter): Name = "Manufacturer"; Value = ""; VariantName = "[No Variations]"
Add component (AddParameter): Name = "Manufacturer 1"; Value = "Bourns JW Miller"; VariantName = "[No Variations]"
Add component (AddParameter): Name = "Manufacturer Part Number"; Value = ""; VariantName = "[No Variations]"
Add component (AddParameter): Name = "Manufacturer Part Number 1"; Value = "CRS1206-FX-4701ELF"; VariantName = "[No Variations]"
Add component (AddParameter): Name = "Max Operating Temperature"; Value = "155°C"; VariantName = "[No Variations]"
Add component (AddParameter): Name = "Max Power Dissipation"; Value = "500mW"; VariantName = "[No Variations]"
Add component (AddParameter): Name = "Military Standard"; Value = ""; VariantName = "[No Variations]"
Add component (AddParameter): Name = "Min Operating Temperature"; Value = "-55°C"; VariantName = "[No Variations]"
Add component (AddParameter): Name = "Mount"; Value = "Surface Mount"; VariantName = "[No Variations]"
Add component (AddParameter): Name = "Number of Contacts"; Value = ""; VariantName = "[No Variations]"
Add component (AddParameter): Name = "Number of Elements"; Value = ""; VariantName = "[No Variations]"
Add component (AddParameter): Name = "Number of Resistors"; Value = ""; VariantName = "[No Variations]"
Add component (AddParameter): Name = "Number of Terminals/Pins"; Value = ""; VariantName = "[No Variations]"
Add component (AddParameter): Name = "Number of Terminations"; Value = "2"; VariantName = "[No Variations]"
Add component (AddParameter): Name = "Number of Turns"; Value = ""; VariantName = "[No Variations]"
Add component (AddParameter): Name = "Package Quantity"; Value = ""; VariantName = "[No Variations]"
Add component (AddParameter): Name = "Package Shape"; Value = ""; VariantName = "[No Variations]"
Add component (AddParameter): Name = "Packaging"; Value = "Cut Tape"; VariantName = "[No Variations]"
Add component (AddParameter): Name = "Pins"; Value = ""; VariantName = "[No Variations]"
Add component (AddParameter): Name = "Power Per Element"; Value = ""; VariantName = "[No Variations]"
Add component (AddParameter): Name = "Power Rating"; Value = "500mW"; VariantName = "[No Variations]"
Add component (AddParameter): Name = "Pricing 1"; Value = "1=0,42000, 10=0,35400, 100=0,13850, 1000=0,05796, 2500=0,05313 (USD)"; VariantName = "[No Variations]"
Add component (AddParameter): Name = "Radiation Hardening"; Value = ""; VariantName = "[No Variations]"
Add component (AddParameter): Name = "REACH SVHC"; Value = "No SVHC"; VariantName = "[No Variations]"
Add component (AddParameter): Name = "Resistance"; Value = ""; VariantName = "[No Variations]"
Add component (AddParameter): Name = "Resistance Tolerance"; Value = ""; VariantName = "[No Variations]"
Add component (AddParameter): Name = "Resistence"; Value = ""; VariantName = "[No Variations]"
Add component (AddParameter): Name = "Resistor Type"; Value = "Thick Film"; VariantName = "[No Variations]"
Add component (AddParameter): Name = "RoHS"; Value = "Yes"; VariantName = "[No Variations]"
Add component (AddParameter): Name = "RoHS Compliant"; Value = ""; VariantName = "[No Variations]"
Add component (AddParameter): Name = "Series"; Value = ""; VariantName = "[No Variations]"
Add component (AddParameter): Name = "Size Code"; Value = ""; VariantName = "[No Variations]"
Add component (AddParameter): Name = "Source"; Value = "Passives.SchLib"; VariantName = "[No Variations]"
Add component (AddParameter): Name = "Stock 1"; Value = ""; VariantName = "[No Variations]"
Add component (AddParameter): Name = "Taper"; Value = ""; VariantName = "[No Variations]"
Add component (AddParameter): Name = "Technology"; Value = ""; VariantName = "[No Variations]"
Add component (AddParameter): Name = "Temperature Coefficient"; Value = "100ppm/°C"; VariantName = "[No Variations]"
Add component (AddParameter): Name = "Terminal Finish"; Value = ""; VariantName = "[No Variations]"
Add component (AddParameter): Name = "Terminal Pitch"; Value = ""; VariantName = "[No Variations]"
Add component (AddParameter): Name = "Termination"; Value = "SMD/SMT"; VariantName = "[No Variations]"
Add component (AddParameter): Name = "Thickness"; Value = ""; VariantName = "[No Variations]"
Add component (AddParameter): Name = "Tolerance"; Value = "1%"; VariantName = "[No Variations]"
Add component (AddParameter): Name = "Value"; Value = "4.7k"; VariantName = "[No Variations]"
Add component (AddParameter): Name = "Voltage Rating"; Value = "400V"; VariantName = "[No Variations]"
Add component (AddParameter): Name = "Voltage Rating (DC)"; Value = "400V"; VariantName = "[No Variations]"
Add component (AddParameter): Name = "Weight"; Value = ""; VariantName = "[No Variations]"
Add component (AddParameter): Name = "Width"; Value = "0.063inch"; VariantName = "[No Variations]"
Add component (AddParameter): Name = "Working Voltage"; Value = "400V"; VariantName = "[No Variations]"
Added Component: Designator=R904(WRIS-RSKS_1206_Wave)
Add component (AddParameter): Name = "Case/Package"; Value = "1206"; VariantName = "[No Variations]"
Add component (AddParameter): Name = "Connector Type"; Value = ""; VariantName = "[No Variations]"
Add component (AddParameter): Name = "Gender"; Value = ""; VariantName = "[No Variations]"
Add component (AddParameter): Name = "Max Current Rating"; Value = ""; VariantName = "[No Variations]"
Add component (AddParameter): Name = "Max Operating Temperature"; Value = "155°C"; VariantName = "[No Variations]"
Add component (AddParameter): Name = "Min Operating Temperature"; Value = "-55°C"; VariantName = "[No Variations]"
Add component (AddParameter): Name = "Mounting Technology"; Value = "Surface Mount"; VariantName = "[No Variations]"
Add component (AddParameter): Name = "Parameter 1"; Value = ""; VariantName = "[No Variations]"
Add component (AddParameter): Name = "Pins"; Value = "2"; VariantName = "[No Variations]"
Add component (AddParameter): Name = "Power"; Value = "660mW"; VariantName = "[No Variations]"
Add component (AddParameter): Name = "Resistance"; Value = ""; VariantName = "[No Variations]"
Add component (AddParameter): Name = "RoHS Compliant"; Value = "Yes"; VariantName = "[No Variations]"
Add component (AddParameter): Name = "Tolerance"; Value = "1%"; VariantName = "[No Variations]"
Add component (AddParameter): Name = "Value"; Value = "4.3k"; VariantName = "[No Variations]"
Add component (AddParameter): Name = "Voltage Rating"; Value = ""; VariantName = "[No Variations]"
Added Component: Designator=R905(R1206FTK-W)
Add component (AddParameter): Name = ".Creator"; Value = "GP"; VariantName = "[No Variations]"
Add component (AddParameter): Name = ".PCBcheck"; Value = ""; VariantName = "[No Variations]"
Add component (AddParameter): Name = ".SCHcheck"; Value = ""; VariantName = "[No Variations]"
Add component (AddParameter): Name = "Case Code (Metric)"; Value = "3216"; VariantName = "[No Variations]"
Add component (AddParameter): Name = "Case/Package"; Value = "1206"; VariantName = "[No Variations]"
Add component (AddParameter): Name = "Category"; Value = "Resistor"; VariantName = "[No Variations]"
Add component (AddParameter): Name = "Circuit Type"; Value = ""; VariantName = "[No Variations]"
Add component (AddParameter): Name = "Color"; Value = ""; VariantName = "[No Variations]"
Add component (AddParameter): Name = "ComponentLink1Description"; Value = "Datasheet"; VariantName = "[No Variations]"
Add component (AddParameter): Name = "ComponentLink1URL"; Value = "https://docs.rs-online.com/bca8/A700000006404581.pdf"; VariantName = "[No Variations]"
Add component (AddParameter): Name = "ComponentLink2Description"; Value = "Where buy it"; VariantName = "[No Variations]"
Add component (AddParameter): Name = "ComponentLink2URL"; Value = "https://es.rs-online.com/web/p/resistencias-de-montaje-en-superficie/6791765"; VariantName = "[No Variations]"
Add component (AddParameter): Name = "Construction"; Value = "Rectangular"; VariantName = "[No Variations]"
Add component (AddParameter): Name = "Contact Plating"; Value = "Tin"; VariantName = "[No Variations]"
Add component (AddParameter): Name = "Current Rating"; Value = ""; VariantName = "[No Variations]"
Add component (AddParameter): Name = "Depth"; Value = "1.6mm"; VariantName = "[No Variations]"
Add component (AddParameter): Name = "Design Item ID"; Value = "R10k-1206FTK"; VariantName = "[No Variations]"
Add component (AddParameter): Name = "ELV"; Value = ""; VariantName = "[No Variations]"
Add component (AddParameter): Name = "Features"; Value = "Automotive AEC-Q200"; VariantName = "[No Variations]"
Add component (AddParameter): Name = "Height"; Value = "0.55mm"; VariantName = "[No Variations]"
Add component (AddParameter): Name = "Insulation Resistance"; Value = ""; VariantName = "[No Variations]"
Add component (AddParameter): Name = "Lead Free"; Value = "Lead Free"; VariantName = "[No Variations]"
Add component (AddParameter): Name = "Lead Length"; Value = ""; VariantName = "[No Variations]"
Add component (AddParameter): Name = "Length"; Value = "3.2mm"; VariantName = "[No Variations]"
Add component (AddParameter): Name = "Manufacturer"; Value = ""; VariantName = "[No Variations]"
Add component (AddParameter): Name = "Manufacturer 1"; Value = ""; VariantName = "[No Variations]"
Add component (AddParameter): Name = "Manufacturer Part Number"; Value = ""; VariantName = "[No Variations]"
Add component (AddParameter): Name = "Manufacturer Part Number 1"; Value = ""; VariantName = "[No Variations]"
Add component (AddParameter): Name = "Max Operating Temperature"; Value = ""; VariantName = "[No Variations]"
Add component (AddParameter): Name = "Max Power Dissipation"; Value = ""; VariantName = "[No Variations]"
Add component (AddParameter): Name = "Military Standard"; Value = "Not"; VariantName = "[No Variations]"
Add component (AddParameter): Name = "Min Operating Temperature"; Value = ""; VariantName = "[No Variations]"
Add component (AddParameter): Name = "Mount"; Value = ""; VariantName = "[No Variations]"
Add component (AddParameter): Name = "Number of Contacts"; Value = ""; VariantName = "[No Variations]"
Add component (AddParameter): Name = "Number of Elements"; Value = ""; VariantName = "[No Variations]"
Add component (AddParameter): Name = "Number of Resistors"; Value = ""; VariantName = "[No Variations]"
Add component (AddParameter): Name = "Number of Terminals/Pins"; Value = ""; VariantName = "[No Variations]"
Add component (AddParameter): Name = "Number of Terminations"; Value = "2"; VariantName = "[No Variations]"
Add component (AddParameter): Name = "Number of Turns"; Value = ""; VariantName = "[No Variations]"
Add component (AddParameter): Name = "Package Quantity"; Value = "10"; VariantName = "[No Variations]"
Add component (AddParameter): Name = "Package Shape"; Value = "Rectangular"; VariantName = "[No Variations]"
Add component (AddParameter): Name = "Packaging"; Value = ""; VariantName = "[No Variations]"
Add component (AddParameter): Name = "Pins"; Value = "2"; VariantName = "[No Variations]"
Add component (AddParameter): Name = "Power Per Element"; Value = ""; VariantName = "[No Variations]"
Add component (AddParameter): Name = "Power Rating"; Value = ""; VariantName = "[No Variations]"
Add component (AddParameter): Name = "Pricing 1"; Value = ""; VariantName = "[No Variations]"
Add component (AddParameter): Name = "Radiation Hardening"; Value = "No"; VariantName = "[No Variations]"
Add component (AddParameter): Name = "REACH SVHC"; Value = "Unknown"; VariantName = "[No Variations]"
Add component (AddParameter): Name = "Resistance"; Value = ""; VariantName = "[No Variations]"
Add component (AddParameter): Name = "Resistance Tolerance"; Value = "1%"; VariantName = "[No Variations]"
Add component (AddParameter): Name = "Resistence"; Value = ""; VariantName = "[No Variations]"
Add component (AddParameter): Name = "Resistor Type"; Value = "Thick Film"; VariantName = "[No Variations]"
Add component (AddParameter): Name = "RoHS"; Value = ""; VariantName = "[No Variations]"
Add component (AddParameter): Name = "RoHS Compliant"; Value = "Yes"; VariantName = "[No Variations]"
Add component (AddParameter): Name = "Series"; Value = "CRCW"; VariantName = "[No Variations]"
Add component (AddParameter): Name = "Size Code"; Value = "1206"; VariantName = "[No Variations]"
Add component (AddParameter): Name = "Source"; Value = "Passives.SchLib"; VariantName = "[No Variations]"
Add component (AddParameter): Name = "Stock 1"; Value = ""; VariantName = "[No Variations]"
Add component (AddParameter): Name = "Taper"; Value = ""; VariantName = "[No Variations]"
Add component (AddParameter): Name = "Technology"; Value = ""; VariantName = "[No Variations]"
Add component (AddParameter): Name = "Temperature Coefficient"; Value = "100ppm/°C"; VariantName = "[No Variations]"
Add component (AddParameter): Name = "Terminal Finish"; Value = "Tin"; VariantName = "[No Variations]"
Add component (AddParameter): Name = "Terminal Pitch"; Value = ""; VariantName = "[No Variations]"
Add component (AddParameter): Name = "Termination"; Value = "SMD/SMT"; VariantName = "[No Variations]"
Add component (AddParameter): Name = "Thickness"; Value = ""; VariantName = "[No Variations]"
Add component (AddParameter): Name = "Tolerance"; Value = ""; VariantName = "[No Variations]"
Add component (AddParameter): Name = "Value"; Value = "10k"; VariantName = "[No Variations]"
Add component (AddParameter): Name = "Voltage Rating"; Value = "200V"; VariantName = "[No Variations]"
Add component (AddParameter): Name = "Voltage Rating (DC)"; Value = "200V"; VariantName = "[No Variations]"
Add component (AddParameter): Name = "Weight"; Value = "0.000353oz"; VariantName = "[No Variations]"
Add component (AddParameter): Name = "Width"; Value = "0.063inch"; VariantName = "[No Variations]"
Add component (AddParameter): Name = "Working Voltage"; Value = "200V"; VariantName = "[No Variations]"
Added Component: Designator=R906(R1206FTK-W)
Add component (AddParameter): Name = ".Creator"; Value = "AC"; VariantName = "[No Variations]"
Add component (AddParameter): Name = ".PCBcheck"; Value = ""; VariantName = "[No Variations]"
Add component (AddParameter): Name = ".SCHcheck"; Value = ""; VariantName = "[No Variations]"
Add component (AddParameter): Name = "Case Code (Metric)"; Value = "3016"; VariantName = "[No Variations]"
Add component (AddParameter): Name = "Case/Package"; Value = "1206"; VariantName = "[No Variations]"
Add component (AddParameter): Name = "Category"; Value = "Chip SMD Resistors"; VariantName = "[No Variations]"
Add component (AddParameter): Name = "Circuit Type"; Value = ""; VariantName = "[No Variations]"
Add component (AddParameter): Name = "Color"; Value = ""; VariantName = "[No Variations]"
Add component (AddParameter): Name = "ComponentLink1Description"; Value = "https://datasheet.ciiva.com/48986/70483705-48986735.pdf?src-supplier=Allied+Electronics"; VariantName = "[No Variations]"
Add component (AddParameter): Name = "ComponentLink1URL"; Value = "https://datasheet.ciiva.com/48986/70483705-48986735.pdf?src-supplier=Allied+Electronics"; VariantName = "[No Variations]"
Add component (AddParameter): Name = "ComponentLink2Description"; Value = "RS"; VariantName = "[No Variations]"
Add component (AddParameter): Name = "ComponentLink2URL"; Value = "https://es.rs-online.com/web/p/resistencias-de-montaje-en-superficie/8672965"; VariantName = "[No Variations]"
Add component (AddParameter): Name = "Construction"; Value = ""; VariantName = "[No Variations]"
Add component (AddParameter): Name = "Contact Plating"; Value = ""; VariantName = "[No Variations]"
Add component (AddParameter): Name = "Current Rating"; Value = ""; VariantName = "[No Variations]"
Add component (AddParameter): Name = "Depth"; Value = ""; VariantName = "[No Variations]"
Add component (AddParameter): Name = "Design Item ID"; Value = "R4.7K-1206FTK"; VariantName = "[No Variations]"
Add component (AddParameter): Name = "ELV"; Value = ""; VariantName = "[No Variations]"
Add component (AddParameter): Name = "Features"; Value = ""; VariantName = "[No Variations]"
Add component (AddParameter): Name = "Height"; Value = "0.026inch"; VariantName = "[No Variations]"
Add component (AddParameter): Name = "Insulation Resistance"; Value = ""; VariantName = "[No Variations]"
Add component (AddParameter): Name = "Lead Free"; Value = ""; VariantName = "[No Variations]"
Add component (AddParameter): Name = "Lead Length"; Value = ""; VariantName = "[No Variations]"
Add component (AddParameter): Name = "Length"; Value = "0.122inch"; VariantName = "[No Variations]"
Add component (AddParameter): Name = "Manufacturer"; Value = ""; VariantName = "[No Variations]"
Add component (AddParameter): Name = "Manufacturer 1"; Value = "Bourns JW Miller"; VariantName = "[No Variations]"
Add component (AddParameter): Name = "Manufacturer Part Number"; Value = ""; VariantName = "[No Variations]"
Add component (AddParameter): Name = "Manufacturer Part Number 1"; Value = "CRS1206-FX-4701ELF"; VariantName = "[No Variations]"
Add component (AddParameter): Name = "Max Operating Temperature"; Value = "155°C"; VariantName = "[No Variations]"
Add component (AddParameter): Name = "Max Power Dissipation"; Value = "500mW"; VariantName = "[No Variations]"
Add component (AddParameter): Name = "Military Standard"; Value = ""; VariantName = "[No Variations]"
Add component (AddParameter): Name = "Min Operating Temperature"; Value = "-55°C"; VariantName = "[No Variations]"
Add component (AddParameter): Name = "Mount"; Value = "Surface Mount"; VariantName = "[No Variations]"
Add component (AddParameter): Name = "Number of Contacts"; Value = ""; VariantName = "[No Variations]"
Add component (AddParameter): Name = "Number of Elements"; Value = ""; VariantName = "[No Variations]"
Add component (AddParameter): Name = "Number of Resistors"; Value = ""; VariantName = "[No Variations]"
Add component (AddParameter): Name = "Number of Terminals/Pins"; Value = ""; VariantName = "[No Variations]"
Add component (AddParameter): Name = "Number of Terminations"; Value = "2"; VariantName = "[No Variations]"
Add component (AddParameter): Name = "Number of Turns"; Value = ""; VariantName = "[No Variations]"
Add component (AddParameter): Name = "Package Quantity"; Value = ""; VariantName = "[No Variations]"
Add component (AddParameter): Name = "Package Shape"; Value = ""; VariantName = "[No Variations]"
Add component (AddParameter): Name = "Packaging"; Value = "Cut Tape"; VariantName = "[No Variations]"
Add component (AddParameter): Name = "Pins"; Value = ""; VariantName = "[No Variations]"
Add component (AddParameter): Name = "Power Per Element"; Value = ""; VariantName = "[No Variations]"
Add component (AddParameter): Name = "Power Rating"; Value = "500mW"; VariantName = "[No Variations]"
Add component (AddParameter): Name = "Pricing 1"; Value = "1=0,42000, 10=0,35400, 100=0,13850, 1000=0,05796, 2500=0,05313 (USD)"; VariantName = "[No Variations]"
Add component (AddParameter): Name = "Radiation Hardening"; Value = ""; VariantName = "[No Variations]"
Add component (AddParameter): Name = "REACH SVHC"; Value = "No SVHC"; VariantName = "[No Variations]"
Add component (AddParameter): Name = "Resistance"; Value = ""; VariantName = "[No Variations]"
Add component (AddParameter): Name = "Resistance Tolerance"; Value = ""; VariantName = "[No Variations]"
Add component (AddParameter): Name = "Resistence"; Value = ""; VariantName = "[No Variations]"
Add component (AddParameter): Name = "Resistor Type"; Value = "Thick Film"; VariantName = "[No Variations]"
Add component (AddParameter): Name = "RoHS"; Value = "Yes"; VariantName = "[No Variations]"
Add component (AddParameter): Name = "RoHS Compliant"; Value = ""; VariantName = "[No Variations]"
Add component (AddParameter): Name = "Series"; Value = ""; VariantName = "[No Variations]"
Add component (AddParameter): Name = "Size Code"; Value = ""; VariantName = "[No Variations]"
Add component (AddParameter): Name = "Source"; Value = "Passives.SchLib"; VariantName = "[No Variations]"
Add component (AddParameter): Name = "Stock 1"; Value = ""; VariantName = "[No Variations]"
Add component (AddParameter): Name = "Taper"; Value = ""; VariantName = "[No Variations]"
Add component (AddParameter): Name = "Technology"; Value = ""; VariantName = "[No Variations]"
Add component (AddParameter): Name = "Temperature Coefficient"; Value = "100ppm/°C"; VariantName = "[No Variations]"
Add component (AddParameter): Name = "Terminal Finish"; Value = ""; VariantName = "[No Variations]"
Add component (AddParameter): Name = "Terminal Pitch"; Value = ""; VariantName = "[No Variations]"
Add component (AddParameter): Name = "Termination"; Value = "SMD/SMT"; VariantName = "[No Variations]"
Add component (AddParameter): Name = "Thickness"; Value = ""; VariantName = "[No Variations]"
Add component (AddParameter): Name = "Tolerance"; Value = "1%"; VariantName = "[No Variations]"
Add component (AddParameter): Name = "Value"; Value = "4.7k"; VariantName = "[No Variations]"
Add component (AddParameter): Name = "Voltage Rating"; Value = "400V"; VariantName = "[No Variations]"
Add component (AddParameter): Name = "Voltage Rating (DC)"; Value = "400V"; VariantName = "[No Variations]"
Add component (AddParameter): Name = "Weight"; Value = ""; VariantName = "[No Variations]"
Add component (AddParameter): Name = "Width"; Value = "0.063inch"; VariantName = "[No Variations]"
Add component (AddParameter): Name = "Working Voltage"; Value = "400V"; VariantName = "[No Variations]"
Added Component: Designator=R907(R200K-3522-3W)
Add component (AddParameter): Name = "Case/Package"; Value = ""; VariantName = "[No Variations]"
Add component (AddParameter): Name = "Connector Type"; Value = ""; VariantName = "[No Variations]"
Add component (AddParameter): Name = "Gender"; Value = ""; VariantName = "[No Variations]"
Add component (AddParameter): Name = "Max Current Rating"; Value = ""; VariantName = "[No Variations]"
Add component (AddParameter): Name = "Max Operating Temperature"; Value = ""; VariantName = "[No Variations]"
Add component (AddParameter): Name = "Min Operating Temperature"; Value = ""; VariantName = "[No Variations]"
Add component (AddParameter): Name = "Mounting Technology"; Value = ""; VariantName = "[No Variations]"
Add component (AddParameter): Name = "Pins"; Value = "2"; VariantName = "[No Variations]"
Add component (AddParameter): Name = "Power"; Value = ""; VariantName = "[No Variations]"
Add component (AddParameter): Name = "Resistance"; Value = "200k"; VariantName = "[No Variations]"
Add component (AddParameter): Name = "RoHS Compliant"; Value = "Yes"; VariantName = "[No Variations]"
Add component (AddParameter): Name = "Tolerance"; Value = ""; VariantName = "[No Variations]"
Add component (AddParameter): Name = "Value"; Value = ""; VariantName = "[No Variations]"
Add component (AddParameter): Name = "Voltage Rating"; Value = ""; VariantName = "[No Variations]"
Added Component: Designator=R908(R200K-3522-3W)
Add component (AddParameter): Name = "Case/Package"; Value = ""; VariantName = "[No Variations]"
Add component (AddParameter): Name = "Connector Type"; Value = ""; VariantName = "[No Variations]"
Add component (AddParameter): Name = "Gender"; Value = ""; VariantName = "[No Variations]"
Add component (AddParameter): Name = "Max Current Rating"; Value = ""; VariantName = "[No Variations]"
Add component (AddParameter): Name = "Max Operating Temperature"; Value = ""; VariantName = "[No Variations]"
Add component (AddParameter): Name = "Min Operating Temperature"; Value = ""; VariantName = "[No Variations]"
Add component (AddParameter): Name = "Mounting Technology"; Value = ""; VariantName = "[No Variations]"
Add component (AddParameter): Name = "Pins"; Value = "2"; VariantName = "[No Variations]"
Add component (AddParameter): Name = "Power"; Value = ""; VariantName = "[No Variations]"
Add component (AddParameter): Name = "Resistance"; Value = "200k"; VariantName = "[No Variations]"
Add component (AddParameter): Name = "RoHS Compliant"; Value = "Yes"; VariantName = "[No Variations]"
Add component (AddParameter): Name = "Tolerance"; Value = ""; VariantName = "[No Variations]"
Add component (AddParameter): Name = "Value"; Value = ""; VariantName = "[No Variations]"
Add component (AddParameter): Name = "Voltage Rating"; Value = ""; VariantName = "[No Variations]"
Added Component: Designator=R909(R200K-3522-3W)
Add component (AddParameter): Name = "Case/Package"; Value = ""; VariantName = "[No Variations]"
Add component (AddParameter): Name = "Connector Type"; Value = ""; VariantName = "[No Variations]"
Add component (AddParameter): Name = "Gender"; Value = ""; VariantName = "[No Variations]"
Add component (AddParameter): Name = "Max Current Rating"; Value = ""; VariantName = "[No Variations]"
Add component (AddParameter): Name = "Max Operating Temperature"; Value = ""; VariantName = "[No Variations]"
Add component (AddParameter): Name = "Min Operating Temperature"; Value = ""; VariantName = "[No Variations]"
Add component (AddParameter): Name = "Mounting Technology"; Value = ""; VariantName = "[No Variations]"
Add component (AddParameter): Name = "Pins"; Value = "2"; VariantName = "[No Variations]"
Add component (AddParameter): Name = "Power"; Value = ""; VariantName = "[No Variations]"
Add component (AddParameter): Name = "Resistance"; Value = "200k"; VariantName = "[No Variations]"
Add component (AddParameter): Name = "RoHS Compliant"; Value = "Yes"; VariantName = "[No Variations]"
Add component (AddParameter): Name = "Tolerance"; Value = ""; VariantName = "[No Variations]"
Add component (AddParameter): Name = "Value"; Value = ""; VariantName = "[No Variations]"
Add component (AddParameter): Name = "Voltage Rating"; Value = ""; VariantName = "[No Variations]"
Added Component: Designator=R910(R200K-3522-3W)
Add component (AddParameter): Name = "Case/Package"; Value = ""; VariantName = "[No Variations]"
Add component (AddParameter): Name = "Connector Type"; Value = ""; VariantName = "[No Variations]"
Add component (AddParameter): Name = "Gender"; Value = ""; VariantName = "[No Variations]"
Add component (AddParameter): Name = "Max Current Rating"; Value = ""; VariantName = "[No Variations]"
Add component (AddParameter): Name = "Max Operating Temperature"; Value = ""; VariantName = "[No Variations]"
Add component (AddParameter): Name = "Min Operating Temperature"; Value = ""; VariantName = "[No Variations]"
Add component (AddParameter): Name = "Mounting Technology"; Value = ""; VariantName = "[No Variations]"
Add component (AddParameter): Name = "Pins"; Value = "2"; VariantName = "[No Variations]"
Add component (AddParameter): Name = "Power"; Value = ""; VariantName = "[No Variations]"
Add component (AddParameter): Name = "Resistance"; Value = "200k"; VariantName = "[No Variations]"
Add component (AddParameter): Name = "RoHS Compliant"; Value = "Yes"; VariantName = "[No Variations]"
Add component (AddParameter): Name = "Tolerance"; Value = ""; VariantName = "[No Variations]"
Add component (AddParameter): Name = "Value"; Value = ""; VariantName = "[No Variations]"
Add component (AddParameter): Name = "Voltage Rating"; Value = ""; VariantName = "[No Variations]"
Added Component: Designator=R911(R200K-3522-3W)
Add component (AddParameter): Name = "Case/Package"; Value = ""; VariantName = "[No Variations]"
Add component (AddParameter): Name = "Connector Type"; Value = ""; VariantName = "[No Variations]"
Add component (AddParameter): Name = "Gender"; Value = ""; VariantName = "[No Variations]"
Add component (AddParameter): Name = "Max Current Rating"; Value = ""; VariantName = "[No Variations]"
Add component (AddParameter): Name = "Max Operating Temperature"; Value = ""; VariantName = "[No Variations]"
Add component (AddParameter): Name = "Min Operating Temperature"; Value = ""; VariantName = "[No Variations]"
Add component (AddParameter): Name = "Mounting Technology"; Value = ""; VariantName = "[No Variations]"
Add component (AddParameter): Name = "Pins"; Value = "2"; VariantName = "[No Variations]"
Add component (AddParameter): Name = "Power"; Value = ""; VariantName = "[No Variations]"
Add component (AddParameter): Name = "Resistance"; Value = "200k"; VariantName = "[No Variations]"
Add component (AddParameter): Name = "RoHS Compliant"; Value = "Yes"; VariantName = "[No Variations]"
Add component (AddParameter): Name = "Tolerance"; Value = ""; VariantName = "[No Variations]"
Add component (AddParameter): Name = "Value"; Value = ""; VariantName = "[No Variations]"
Add component (AddParameter): Name = "Voltage Rating"; Value = ""; VariantName = "[No Variations]"
Added Component: Designator=R912(R200K-3522-3W)
Add component (AddParameter): Name = "Case/Package"; Value = ""; VariantName = "[No Variations]"
Add component (AddParameter): Name = "Connector Type"; Value = ""; VariantName = "[No Variations]"
Add component (AddParameter): Name = "Gender"; Value = ""; VariantName = "[No Variations]"
Add component (AddParameter): Name = "Max Current Rating"; Value = ""; VariantName = "[No Variations]"
Add component (AddParameter): Name = "Max Operating Temperature"; Value = ""; VariantName = "[No Variations]"
Add component (AddParameter): Name = "Min Operating Temperature"; Value = ""; VariantName = "[No Variations]"
Add component (AddParameter): Name = "Mounting Technology"; Value = ""; VariantName = "[No Variations]"
Add component (AddParameter): Name = "Pins"; Value = "2"; VariantName = "[No Variations]"
Add component (AddParameter): Name = "Power"; Value = ""; VariantName = "[No Variations]"
Add component (AddParameter): Name = "Resistance"; Value = "200k"; VariantName = "[No Variations]"
Add component (AddParameter): Name = "RoHS Compliant"; Value = "Yes"; VariantName = "[No Variations]"
Add component (AddParameter): Name = "Tolerance"; Value = ""; VariantName = "[No Variations]"
Add component (AddParameter): Name = "Value"; Value = ""; VariantName = "[No Variations]"
Add component (AddParameter): Name = "Voltage Rating"; Value = ""; VariantName = "[No Variations]"
Added Component: Designator=R913(R200K-3522-3W)
Add component (AddParameter): Name = "Case/Package"; Value = ""; VariantName = "[No Variations]"
Add component (AddParameter): Name = "Connector Type"; Value = ""; VariantName = "[No Variations]"
Add component (AddParameter): Name = "Gender"; Value = ""; VariantName = "[No Variations]"
Add component (AddParameter): Name = "Max Current Rating"; Value = ""; VariantName = "[No Variations]"
Add component (AddParameter): Name = "Max Operating Temperature"; Value = ""; VariantName = "[No Variations]"
Add component (AddParameter): Name = "Min Operating Temperature"; Value = ""; VariantName = "[No Variations]"
Add component (AddParameter): Name = "Mounting Technology"; Value = ""; VariantName = "[No Variations]"
Add component (AddParameter): Name = "Pins"; Value = "2"; VariantName = "[No Variations]"
Add component (AddParameter): Name = "Power"; Value = ""; VariantName = "[No Variations]"
Add component (AddParameter): Name = "Resistance"; Value = "200k"; VariantName = "[No Variations]"
Add component (AddParameter): Name = "RoHS Compliant"; Value = "Yes"; VariantName = "[No Variations]"
Add component (AddParameter): Name = "Tolerance"; Value = ""; VariantName = "[No Variations]"
Add component (AddParameter): Name = "Value"; Value = ""; VariantName = "[No Variations]"
Add component (AddParameter): Name = "Voltage Rating"; Value = ""; VariantName = "[No Variations]"
Added Component: Designator=R914(R200K-3522-3W)
Add component (AddParameter): Name = "Case/Package"; Value = ""; VariantName = "[No Variations]"
Add component (AddParameter): Name = "Connector Type"; Value = ""; VariantName = "[No Variations]"
Add component (AddParameter): Name = "Gender"; Value = ""; VariantName = "[No Variations]"
Add component (AddParameter): Name = "Max Current Rating"; Value = ""; VariantName = "[No Variations]"
Add component (AddParameter): Name = "Max Operating Temperature"; Value = ""; VariantName = "[No Variations]"
Add component (AddParameter): Name = "Min Operating Temperature"; Value = ""; VariantName = "[No Variations]"
Add component (AddParameter): Name = "Mounting Technology"; Value = ""; VariantName = "[No Variations]"
Add component (AddParameter): Name = "Pins"; Value = "2"; VariantName = "[No Variations]"
Add component (AddParameter): Name = "Power"; Value = ""; VariantName = "[No Variations]"
Add component (AddParameter): Name = "Resistance"; Value = "200k"; VariantName = "[No Variations]"
Add component (AddParameter): Name = "RoHS Compliant"; Value = "Yes"; VariantName = "[No Variations]"
Add component (AddParameter): Name = "Tolerance"; Value = ""; VariantName = "[No Variations]"
Add component (AddParameter): Name = "Value"; Value = ""; VariantName = "[No Variations]"
Add component (AddParameter): Name = "Voltage Rating"; Value = ""; VariantName = "[No Variations]"
Added Component: Designator=Z901(DO-214AC)
Add component (AddParameter): Name = "Case/Package"; Value = ""; VariantName = "[No Variations]"
Add component (AddParameter): Name = "Connector Type"; Value = ""; VariantName = "[No Variations]"
Add component (AddParameter): Name = "Forward Current"; Value = ""; VariantName = "[No Variations]"
Add component (AddParameter): Name = "Forward Voltage"; Value = ""; VariantName = "[No Variations]"
Add component (AddParameter): Name = "Gender"; Value = ""; VariantName = "[No Variations]"
Add component (AddParameter): Name = "Max Current Rating"; Value = ""; VariantName = "[No Variations]"
Add component (AddParameter): Name = "Max Operating Temperature"; Value = ""; VariantName = "[No Variations]"
Add component (AddParameter): Name = "Max Surge Current"; Value = ""; VariantName = "[No Variations]"
Add component (AddParameter): Name = "Min Operating Temperature"; Value = ""; VariantName = "[No Variations]"
Add component (AddParameter): Name = "Mounting Technology"; Value = ""; VariantName = "[No Variations]"
Add component (AddParameter): Name = "Peak Inverse Voltage"; Value = ""; VariantName = "[No Variations]"
Add component (AddParameter): Name = "Pins"; Value = ""; VariantName = "[No Variations]"
Add component (AddParameter): Name = "RoHS Compliant"; Value = ""; VariantName = "[No Variations]"
Add component (AddParameter): Name = "Voltage Rating"; Value = ""; VariantName = "[No Variations]"
Add component (AddParameter): Name = "Voltage Zener"; Value = "24 V"; VariantName = "[No Variations]"
Added Component: Designator=Z902(DO-214AC)
Add component (AddParameter): Name = "Case/Package"; Value = ""; VariantName = "[No Variations]"
Add component (AddParameter): Name = "Connector Type"; Value = ""; VariantName = "[No Variations]"
Add component (AddParameter): Name = "Forward Current"; Value = ""; VariantName = "[No Variations]"
Add component (AddParameter): Name = "Forward Voltage"; Value = ""; VariantName = "[No Variations]"
Add component (AddParameter): Name = "Gender"; Value = ""; VariantName = "[No Variations]"
Add component (AddParameter): Name = "Max Current Rating"; Value = ""; VariantName = "[No Variations]"
Add component (AddParameter): Name = "Max Operating Temperature"; Value = ""; VariantName = "[No Variations]"
Add component (AddParameter): Name = "Max Surge Current"; Value = ""; VariantName = "[No Variations]"
Add component (AddParameter): Name = "Min Operating Temperature"; Value = ""; VariantName = "[No Variations]"
Add component (AddParameter): Name = "Mounting Technology"; Value = ""; VariantName = "[No Variations]"
Add component (AddParameter): Name = "Peak Inverse Voltage"; Value = ""; VariantName = "[No Variations]"
Add component (AddParameter): Name = "Pins"; Value = ""; VariantName = "[No Variations]"
Add component (AddParameter): Name = "RoHS Compliant"; Value = ""; VariantName = "[No Variations]"
Add component (AddParameter): Name = "Voltage Rating"; Value = ""; VariantName = "[No Variations]"
Add component (AddParameter): Name = "Voltage Zener"; Value = "24 V"; VariantName = "[No Variations]"
Added Pin To Net: NetName=GND Pin=Q201-D
Added Pin To Net: NetName=Implausibilities_Undelayed Pin=Q201-G
Added Pin To Net: NetName=Implausibilities Pin=Q201-S
Added Pin To Net: NetName=GND Pin=Q202-D
Added Pin To Net: NetName=+12 Pin=Q202-G
Added Pin To Net: NetName=Latch_Reset Pin=Q202-S
Added Pin To Net: NetName=GND Pin=Q901-2
Added Pin To Net: NetName=TS- Pin=Q901-3
Added Pin To Net: NetName=TS- Pin=Q902-S
Added Pin To Net: NetName=GND Pin=Q903-2
Added Pin To Net: NetName=TS- Pin=Q903-3
Added Pin To Net: NetName=TS- Pin=Q904-S
Added Pin To Net: NetName=TS_Off Pin=R603-1
Added Pin To Net: NetName=TS_On Pin=R803-1
Added Pin To Net: NetName=SC_End Pin=R901-1
Added Pin To Net: NetName=TS- Pin=R903-2
Added Pin To Net: NetName=SC_End Pin=R904-1
Added Pin To Net: NetName=TS- Pin=R906-2
Added Pin To Net: NetName=TS+_DCBus1 Pin=R907-1
Added Pin To Net: NetName=TS+_DCBus1 Pin=R908-1
Added Pin To Net: NetName=TS+_DCBus1 Pin=R909-1
Added Pin To Net: NetName=TS+_DCBus1 Pin=R910-1
Added Pin To Net: NetName=TS+_DCBus2 Pin=R911-1
Added Pin To Net: NetName=TS+_DCBus2 Pin=R912-1
Added Pin To Net: NetName=TS+_DCBus2 Pin=R913-1
Added Pin To Net: NetName=TS+_DCBus2 Pin=R914-1
Added Pin To Net: NetName=HV_Accumulator Pin=U101-1
Added Pin To Net: NetName=AIR+_State Pin=U101-2
Added Pin To Net: NetName=Precharge_State Pin=U101-3
Added Pin To Net: NetName=Safe_State Pin=U101-5
Added Pin To Net: NetName=TSAL_Green Pin=U101-6
Added Pin To Net: NetName=AIR-_State Pin=U101-8
Added Pin To Net: NetName=Implausibilities_Undelayed Pin=U201-1
Added Pin To Net: NetName=No_Voltage_Relays_Closed Pin=U201-2
Added Pin To Net: NetName=SCS_Error Pin=U201-4
Added Pin To Net: NetName=GND Pin=U201-5
Added Pin To Net: NetName=AIR+_Implausibility Pin=U201-9
Added Pin To Net: NetName=AIR-_Implausibility Pin=U201-10
Added Pin To Net: NetName=Precharge_Implausibility Pin=U201-11
Added Pin To Net: NetName=GND Pin=U201-12
Added Pin To Net: NetName=Relays_State_Detection Pin=U201-13
Added Pin To Net: NetName=AIR-_State Pin=U301-5
Added Pin To Net: NetName=AIR+_State Pin=U501-5
Added Pin To Net: NetName=AIR-_State Pin=U501-9
Added Pin To Net: NetName=TS- Pin=Z901-A
Added Pin To Net: NetName=TS- Pin=Z902-A
Change Net Name : Old Net Name=TSAL_Green_TRT New Net Name=NetQ601_G
Added Pin To Net: NetName=NetJ901_1 Pin=J901-1
Added Pin To Net: NetName=NetJ901_1 Pin=J901-2
Added Pin To Net: NetName=NetJ901_1 Pin=Q902-D
Added Net: Name=NetJ901_1
Added Pin To Net: NetName=NetJ902_1 Pin=J902-1
Added Pin To Net: NetName=NetJ902_1 Pin=J902-2
Added Pin To Net: NetName=NetJ902_1 Pin=Q904-D
Added Net: Name=NetJ902_1
Added Pin To Net: NetName=NetQ601_D Pin=Q601-D
Added Pin To Net: NetName=NetQ601_D Pin=R604-2
Added Net: Name=NetQ601_D
Added Pin To Net: NetName=NetQ801_D Pin=Q801-D
Added Pin To Net: NetName=NetQ801_D Pin=R804-2
Added Net: Name=NetQ801_D
Added Pin To Net: NetName=NetQ901_1 Pin=Q901-1
Added Pin To Net: NetName=NetQ901_1 Pin=R901-2
Added Net: Name=NetQ901_1
Added Pin To Net: NetName=NetQ902_G Pin=Q902-g
Added Pin To Net: NetName=NetQ902_G Pin=R902-2
Added Pin To Net: NetName=NetQ902_G Pin=R903-1
Added Net: Name=NetQ902_G
Added Pin To Net: NetName=NetQ903_1 Pin=Q903-1
Added Pin To Net: NetName=NetQ903_1 Pin=R904-2
Added Net: Name=NetQ903_1
Added Pin To Net: NetName=NetQ904_G Pin=Q904-g
Added Pin To Net: NetName=NetQ904_G Pin=R905-2
Added Pin To Net: NetName=NetQ904_G Pin=R906-1
Added Net: Name=NetQ904_G
Added Pin To Net: NetName=NetR603_2 Pin=R603-2
Added Pin To Net: NetName=NetR603_2 Pin=R604-1
Added Net: Name=NetR603_2
Added Pin To Net: NetName=NetR803_2 Pin=R803-2
Added Pin To Net: NetName=NetR803_2 Pin=R804-1
Added Net: Name=NetR803_2
Added Pin To Net: NetName=NetU101_4 Pin=U101-4
Added Pin To Net: NetName=NetU101_4 Pin=U101-9
Added Net: Name=NetU101_4
Added Pin To Net: NetName=PullUp_ResistorDischarge1 Pin=Q901-4
Added Pin To Net: NetName=PullUp_ResistorDischarge1 Pin=R902-1
Added Pin To Net: NetName=PullUp_ResistorDischarge1 Pin=R907-2
Added Pin To Net: NetName=PullUp_ResistorDischarge1 Pin=R908-2
Added Pin To Net: NetName=PullUp_ResistorDischarge1 Pin=R909-2
Added Pin To Net: NetName=PullUp_ResistorDischarge1 Pin=R910-2
Added Pin To Net: NetName=PullUp_ResistorDischarge1 Pin=Z901-K
Added Net: Name=PullUp_ResistorDischarge1
Added Pin To Net: NetName=PullUp_ResistorDischarge2 Pin=Q903-4
Added Pin To Net: NetName=PullUp_ResistorDischarge2 Pin=R905-1
Added Pin To Net: NetName=PullUp_ResistorDischarge2 Pin=R911-2
Added Pin To Net: NetName=PullUp_ResistorDischarge2 Pin=R912-2
Added Pin To Net: NetName=PullUp_ResistorDischarge2 Pin=R913-2
Added Pin To Net: NetName=PullUp_ResistorDischarge2 Pin=R914-2
Added Pin To Net: NetName=PullUp_ResistorDischarge2 Pin=Z902-K
Added Net: Name=PullUp_ResistorDischarge2
Added Class: Name=Discharge_circuit
Added Member To Class: ClassName=Implausibilities Member=Component Q201 TRT-PCH-2/30-BSS
Added Member To Class: ClassName=Implausibilities Member=Component Q202 TRT-PCH-2/30-BSS
Added Member To Class: ClassName=Green Driver Member=Component R603 R15_3521_2W
Added Member To Class: ClassName=Green Driver Member=Component R604 R15_3521_2W
Added Member To Class: ClassName=Red Driver Member=Component R803 R15_3521_2W
Added Member To Class: ClassName=Red Driver Member=Component R804 R15_3521_2W
Added Member To Class: ClassName=Implausibilities Member=Component U201 CD4072BM
