Added Component: Designator=C1(865080540004-Footprint-1)
Add component (AddParameter): Name = "Capacitor Type"; Value = ""; VariantName = "[No Variations]"
Add component (AddParameter): Name = "Case/Package"; Value = "Radial"; VariantName = "[No Variations]"
Add component (AddParameter): Name = "Max Operating Temperature"; Value = "105°C"; VariantName = "[No Variations]"
Add component (AddParameter): Name = "Min Operating Temperature"; Value = "-55°C"; VariantName = "[No Variations]"
Add component (AddParameter): Name = "Mounting Technology"; Value = "Surface Mount"; VariantName = "[No Variations]"
Add component (AddParameter): Name = "Parameter 1"; Value = ""; VariantName = "[No Variations]"
Add component (AddParameter): Name = "Pins"; Value = ""; VariantName = "[No Variations]"
Add component (AddParameter): Name = "Ripple Current"; Value = "90mA"; VariantName = "[No Variations]"
Add component (AddParameter): Name = "Ripple Current (AC)"; Value = "90mA"; VariantName = "[No Variations]"
Add component (AddParameter): Name = "RoHS Compliant"; Value = "Yes"; VariantName = "[No Variations]"
Add component (AddParameter): Name = "Tolerance"; Value = "20%"; VariantName = "[No Variations]"
Add component (AddParameter): Name = "Value"; Value = "10µF"; VariantName = "[No Variations]"
Add component (AddParameter): Name = "Voltage Rating"; Value = "35V"; VariantName = "[No Variations]"
Added Component: Designator=C2(865080540004-Footprint-1)
Add component (AddParameter): Name = "Capacitor Type"; Value = ""; VariantName = "[No Variations]"
Add component (AddParameter): Name = "Case/Package"; Value = "Radial"; VariantName = "[No Variations]"
Add component (AddParameter): Name = "Max Operating Temperature"; Value = "105°C"; VariantName = "[No Variations]"
Add component (AddParameter): Name = "Min Operating Temperature"; Value = "-55°C"; VariantName = "[No Variations]"
Add component (AddParameter): Name = "Mounting Technology"; Value = "Surface Mount"; VariantName = "[No Variations]"
Add component (AddParameter): Name = "Parameter 1"; Value = ""; VariantName = "[No Variations]"
Add component (AddParameter): Name = "Pins"; Value = ""; VariantName = "[No Variations]"
Add component (AddParameter): Name = "Ripple Current"; Value = "90mA"; VariantName = "[No Variations]"
Add component (AddParameter): Name = "Ripple Current (AC)"; Value = "90mA"; VariantName = "[No Variations]"
Add component (AddParameter): Name = "RoHS Compliant"; Value = "Yes"; VariantName = "[No Variations]"
Add component (AddParameter): Name = "Tolerance"; Value = "20%"; VariantName = "[No Variations]"
Add component (AddParameter): Name = "Value"; Value = "10µF"; VariantName = "[No Variations]"
Add component (AddParameter): Name = "Voltage Rating"; Value = "35V"; VariantName = "[No Variations]"
Added Component: Designator=C3(865080540004-Footprint-1)
Add component (AddParameter): Name = "Capacitor Type"; Value = ""; VariantName = "[No Variations]"
Add component (AddParameter): Name = "Case/Package"; Value = "Radial"; VariantName = "[No Variations]"
Add component (AddParameter): Name = "Max Operating Temperature"; Value = "105°C"; VariantName = "[No Variations]"
Add component (AddParameter): Name = "Min Operating Temperature"; Value = "-55°C"; VariantName = "[No Variations]"
Add component (AddParameter): Name = "Mounting Technology"; Value = "Surface Mount"; VariantName = "[No Variations]"
Add component (AddParameter): Name = "Parameter 1"; Value = ""; VariantName = "[No Variations]"
Add component (AddParameter): Name = "Pins"; Value = ""; VariantName = "[No Variations]"
Add component (AddParameter): Name = "Ripple Current"; Value = "90mA"; VariantName = "[No Variations]"
Add component (AddParameter): Name = "Ripple Current (AC)"; Value = "90mA"; VariantName = "[No Variations]"
Add component (AddParameter): Name = "RoHS Compliant"; Value = "Yes"; VariantName = "[No Variations]"
Add component (AddParameter): Name = "Tolerance"; Value = "20%"; VariantName = "[No Variations]"
Add component (AddParameter): Name = "Value"; Value = "10µF"; VariantName = "[No Variations]"
Add component (AddParameter): Name = "Voltage Rating"; Value = "35V"; VariantName = "[No Variations]"
Added Component: Designator=C4(865080540004-Footprint-1)
Add component (AddParameter): Name = "Capacitor Type"; Value = ""; VariantName = "[No Variations]"
Add component (AddParameter): Name = "Case/Package"; Value = "Radial"; VariantName = "[No Variations]"
Add component (AddParameter): Name = "Max Operating Temperature"; Value = "105°C"; VariantName = "[No Variations]"
Add component (AddParameter): Name = "Min Operating Temperature"; Value = "-55°C"; VariantName = "[No Variations]"
Add component (AddParameter): Name = "Mounting Technology"; Value = "Surface Mount"; VariantName = "[No Variations]"
Add component (AddParameter): Name = "Parameter 1"; Value = ""; VariantName = "[No Variations]"
Add component (AddParameter): Name = "Pins"; Value = ""; VariantName = "[No Variations]"
Add component (AddParameter): Name = "Ripple Current"; Value = "90mA"; VariantName = "[No Variations]"
Add component (AddParameter): Name = "Ripple Current (AC)"; Value = "90mA"; VariantName = "[No Variations]"
Add component (AddParameter): Name = "RoHS Compliant"; Value = "Yes"; VariantName = "[No Variations]"
Add component (AddParameter): Name = "Tolerance"; Value = "20%"; VariantName = "[No Variations]"
Add component (AddParameter): Name = "Value"; Value = "10µF"; VariantName = "[No Variations]"
Add component (AddParameter): Name = "Voltage Rating"; Value = "35V"; VariantName = "[No Variations]"
Added Component: Designator=C201(C0805FNPC-R)
Add component (AddParameter): Name = ".Creator"; Value = "DR"; VariantName = "[No Variations]"
Add component (AddParameter): Name = ".PCBcheck"; Value = ""; VariantName = "[No Variations]"
Add component (AddParameter): Name = ".SCHcheck"; Value = ""; VariantName = "[No Variations]"
Add component (AddParameter): Name = "Capacitance"; Value = ""; VariantName = "[No Variations]"
Add component (AddParameter): Name = "Capacitor Type"; Value = ""; VariantName = "[No Variations]"
Add component (AddParameter): Name = "Case Code (Metric)"; Value = "2012"; VariantName = "[No Variations]"
Add component (AddParameter): Name = "Case/Package"; Value = "0805"; VariantName = "[No Variations]"
Add component (AddParameter): Name = "Category"; Value = "Ceramic Capacitors"; VariantName = "[No Variations]"
Add component (AddParameter): Name = "ComponentLink1Description"; Value = "http://www.farnell.com/datasheets/1958454.pdf?src-supplier=Farnell"; VariantName = "[No Variations]"
Add component (AddParameter): Name = "ComponentLink1URL"; Value = "http://www.farnell.com/datasheets/1958454.pdf?src-supplier=Farnell"; VariantName = "[No Variations]"
Add component (AddParameter): Name = "ComponentLink2Description"; Value = "http://www.farnell.com/datasheets/1958454.pdf?src-supplier=Element14"; VariantName = "[No Variations]"
Add component (AddParameter): Name = "ComponentLink2URL"; Value = "http://www.farnell.com/datasheets/1958454.pdf?src-supplier=Element14"; VariantName = "[No Variations]"
Add component (AddParameter): Name = "ComponentLink3Description"; Value = "https://katalog.we-online.de/pbs/datasheet/885012107014.pdf?src-supplier=Digi-Key"; VariantName = "[No Variations]"
Add component (AddParameter): Name = "ComponentLink3URL"; Value = "https://katalog.we-online.de/pbs/datasheet/885012107014.pdf?src-supplier=Digi-Key"; VariantName = "[No Variations]"
Add component (AddParameter): Name = "ComponentLink4Description"; Value = "http://www.farnell.com/datasheets/1958454.pdf?src-supplier=Newark"; VariantName = "[No Variations]"
Add component (AddParameter): Name = "ComponentLink4URL"; Value = "http://www.farnell.com/datasheets/1958454.pdf?src-supplier=Newark"; VariantName = "[No Variations]"
Add component (AddParameter): Name = "Construction"; Value = ""; VariantName = "[No Variations]"
Add component (AddParameter): Name = "Depth"; Value = ""; VariantName = "[No Variations]"
Add component (AddParameter): Name = "Design Item ID"; Value = "C10u-16V-0805FNPC-X5R"; VariantName = "[No Variations]"
Add component (AddParameter): Name = "Diameter"; Value = ""; VariantName = "[No Variations]"
Add component (AddParameter): Name = "Dielectric"; Value = "X5R"; VariantName = "[No Variations]"
Add component (AddParameter): Name = "Dielectric Material"; Value = ""; VariantName = "[No Variations]"
Add component (AddParameter): Name = "Dissipation Factor"; Value = ""; VariantName = "[No Variations]"
Add component (AddParameter): Name = "ESR (Equivalent Series Resistance)"; Value = ""; VariantName = "[No Variations]"
Add component (AddParameter): Name = "Features"; Value = ""; VariantName = "[No Variations]"
Add component (AddParameter): Name = "Halogen Free"; Value = ""; VariantName = "[No Variations]"
Add component (AddParameter): Name = "Height"; Value = ""; VariantName = "[No Variations]"
Add component (AddParameter): Name = "Height - Seated (Max)"; Value = ""; VariantName = "[No Variations]"
Add component (AddParameter): Name = "Impedance"; Value = ""; VariantName = "[No Variations]"
Add component (AddParameter): Name = "Lead Diameter"; Value = ""; VariantName = "[No Variations]"
Add component (AddParameter): Name = "Lead Free"; Value = ""; VariantName = "[No Variations]"
Add component (AddParameter): Name = "Lead Pitch"; Value = ""; VariantName = "[No Variations]"
Add component (AddParameter): Name = "Leakage Current"; Value = ""; VariantName = "[No Variations]"
Add component (AddParameter): Name = "Length"; Value = "0.079inch"; VariantName = "[No Variations]"
Add component (AddParameter): Name = "Life (Hours)"; Value = ""; VariantName = "[No Variations]"
Add component (AddParameter): Name = "Manufacturer"; Value = ""; VariantName = "[No Variations]"
Add component (AddParameter): Name = "Manufacturer 1"; Value = "Wurth Electronics"; VariantName = "[No Variations]"
Add component (AddParameter): Name = "Manufacturer Part Number"; Value = ""; VariantName = "[No Variations]"
Add component (AddParameter): Name = "Manufacturer Part Number 1"; Value = "885012107014"; VariantName = "[No Variations]"
Add component (AddParameter): Name = "Material"; Value = ""; VariantName = "[No Variations]"
Add component (AddParameter): Name = "Max Operating Temperature"; Value = "85°C"; VariantName = "[No Variations]"
Add component (AddParameter): Name = "Min Operating Temperature"; Value = "-55°C"; VariantName = "[No Variations]"
Add component (AddParameter): Name = "Mount"; Value = "Surface Mount"; VariantName = "[No Variations]"
Add component (AddParameter): Name = "Mounting Technology"; Value = ""; VariantName = "[No Variations]"
Add component (AddParameter): Name = "Package Quantity"; Value = ""; VariantName = "[No Variations]"
Add component (AddParameter): Name = "Packaging"; Value = "Cut Tape"; VariantName = "[No Variations]"
Add component (AddParameter): Name = "Pins"; Value = ""; VariantName = "[No Variations]"
Add component (AddParameter): Name = "Polarity"; Value = ""; VariantName = "[No Variations]"
Add component (AddParameter): Name = "Pricing 1"; Value = "50=0,21000, 250=0,20200, 500=0,19100, 1000=0,17400, 2500=0,14700 (GBP)"; VariantName = "[No Variations]"
Add component (AddParameter): Name = "Radiation Hardening"; Value = ""; VariantName = "[No Variations]"
Add component (AddParameter): Name = "Ratings"; Value = ""; VariantName = "[No Variations]"
Add component (AddParameter): Name = "REACH SVHC"; Value = "Unknown"; VariantName = "[No Variations]"
Add component (AddParameter): Name = "Ripple Current"; Value = ""; VariantName = "[No Variations]"
Add component (AddParameter): Name = "Ripple Current (AC)"; Value = ""; VariantName = "[No Variations]"
Add component (AddParameter): Name = "RoHS"; Value = "Yes"; VariantName = "[No Variations]"
Add component (AddParameter): Name = "RoHS Compliant"; Value = "Yes"; VariantName = "[No Variations]"
Add component (AddParameter): Name = "Series"; Value = ""; VariantName = "[No Variations]"
Add component (AddParameter): Name = "Source"; Value = "Passives.SchLib"; VariantName = "[No Variations]"
Add component (AddParameter): Name = "Stock 1"; Value = "81550"; VariantName = "[No Variations]"
Add component (AddParameter): Name = "Termination"; Value = ""; VariantName = "[No Variations]"
Add component (AddParameter): Name = "Thickness"; Value = "0.057inch"; VariantName = "[No Variations]"
Add component (AddParameter): Name = "Tolerance"; Value = "20%"; VariantName = "[No Variations]"
Add component (AddParameter): Name = "Value"; Value = "10µF"; VariantName = "[No Variations]"
Add component (AddParameter): Name = "Voltage"; Value = ""; VariantName = "[No Variations]"
Add component (AddParameter): Name = "Voltage Rating"; Value = "16V"; VariantName = "[No Variations]"
Add component (AddParameter): Name = "Voltage Rating (DC)"; Value = "16V"; VariantName = "[No Variations]"
Add component (AddParameter): Name = "Weight"; Value = ""; VariantName = "[No Variations]"
Add component (AddParameter): Name = "Width"; Value = "0.049inch"; VariantName = "[No Variations]"
Added Component: Designator=C202(C0805FNPC-R)
Add component (AddParameter): Name = ".Creator"; Value = "DR"; VariantName = "[No Variations]"
Add component (AddParameter): Name = ".PCBcheck"; Value = ""; VariantName = "[No Variations]"
Add component (AddParameter): Name = ".SCHcheck"; Value = ""; VariantName = "[No Variations]"
Add component (AddParameter): Name = "Capacitance"; Value = ""; VariantName = "[No Variations]"
Add component (AddParameter): Name = "Capacitor Type"; Value = ""; VariantName = "[No Variations]"
Add component (AddParameter): Name = "Case Code (Metric)"; Value = "2012"; VariantName = "[No Variations]"
Add component (AddParameter): Name = "Case/Package"; Value = "0805"; VariantName = "[No Variations]"
Add component (AddParameter): Name = "Category"; Value = "Ceramic Capacitors"; VariantName = "[No Variations]"
Add component (AddParameter): Name = "ComponentLink1Description"; Value = "http://www.farnell.com/datasheets/1958454.pdf?src-supplier=Farnell"; VariantName = "[No Variations]"
Add component (AddParameter): Name = "ComponentLink1URL"; Value = "http://www.farnell.com/datasheets/1958454.pdf?src-supplier=Farnell"; VariantName = "[No Variations]"
Add component (AddParameter): Name = "ComponentLink2Description"; Value = "http://www.farnell.com/datasheets/1958454.pdf?src-supplier=Element14"; VariantName = "[No Variations]"
Add component (AddParameter): Name = "ComponentLink2URL"; Value = "http://www.farnell.com/datasheets/1958454.pdf?src-supplier=Element14"; VariantName = "[No Variations]"
Add component (AddParameter): Name = "ComponentLink3Description"; Value = "https://katalog.we-online.de/pbs/datasheet/885012107014.pdf?src-supplier=Digi-Key"; VariantName = "[No Variations]"
Add component (AddParameter): Name = "ComponentLink3URL"; Value = "https://katalog.we-online.de/pbs/datasheet/885012107014.pdf?src-supplier=Digi-Key"; VariantName = "[No Variations]"
Add component (AddParameter): Name = "ComponentLink4Description"; Value = "http://www.farnell.com/datasheets/1958454.pdf?src-supplier=Newark"; VariantName = "[No Variations]"
Add component (AddParameter): Name = "ComponentLink4URL"; Value = "http://www.farnell.com/datasheets/1958454.pdf?src-supplier=Newark"; VariantName = "[No Variations]"
Add component (AddParameter): Name = "Construction"; Value = ""; VariantName = "[No Variations]"
Add component (AddParameter): Name = "Depth"; Value = ""; VariantName = "[No Variations]"
Add component (AddParameter): Name = "Design Item ID"; Value = "C10u-16V-0805FNPC-X5R"; VariantName = "[No Variations]"
Add component (AddParameter): Name = "Diameter"; Value = ""; VariantName = "[No Variations]"
Add component (AddParameter): Name = "Dielectric"; Value = "X5R"; VariantName = "[No Variations]"
Add component (AddParameter): Name = "Dielectric Material"; Value = ""; VariantName = "[No Variations]"
Add component (AddParameter): Name = "Dissipation Factor"; Value = ""; VariantName = "[No Variations]"
Add component (AddParameter): Name = "ESR (Equivalent Series Resistance)"; Value = ""; VariantName = "[No Variations]"
Add component (AddParameter): Name = "Features"; Value = ""; VariantName = "[No Variations]"
Add component (AddParameter): Name = "Halogen Free"; Value = ""; VariantName = "[No Variations]"
Add component (AddParameter): Name = "Height"; Value = ""; VariantName = "[No Variations]"
Add component (AddParameter): Name = "Height - Seated (Max)"; Value = ""; VariantName = "[No Variations]"
Add component (AddParameter): Name = "Impedance"; Value = ""; VariantName = "[No Variations]"
Add component (AddParameter): Name = "Lead Diameter"; Value = ""; VariantName = "[No Variations]"
Add component (AddParameter): Name = "Lead Free"; Value = ""; VariantName = "[No Variations]"
Add component (AddParameter): Name = "Lead Pitch"; Value = ""; VariantName = "[No Variations]"
Add component (AddParameter): Name = "Leakage Current"; Value = ""; VariantName = "[No Variations]"
Add component (AddParameter): Name = "Length"; Value = "0.079inch"; VariantName = "[No Variations]"
Add component (AddParameter): Name = "Life (Hours)"; Value = ""; VariantName = "[No Variations]"
Add component (AddParameter): Name = "Manufacturer"; Value = ""; VariantName = "[No Variations]"
Add component (AddParameter): Name = "Manufacturer 1"; Value = "Wurth Electronics"; VariantName = "[No Variations]"
Add component (AddParameter): Name = "Manufacturer Part Number"; Value = ""; VariantName = "[No Variations]"
Add component (AddParameter): Name = "Manufacturer Part Number 1"; Value = "885012107014"; VariantName = "[No Variations]"
Add component (AddParameter): Name = "Material"; Value = ""; VariantName = "[No Variations]"
Add component (AddParameter): Name = "Max Operating Temperature"; Value = "85°C"; VariantName = "[No Variations]"
Add component (AddParameter): Name = "Min Operating Temperature"; Value = "-55°C"; VariantName = "[No Variations]"
Add component (AddParameter): Name = "Mount"; Value = "Surface Mount"; VariantName = "[No Variations]"
Add component (AddParameter): Name = "Mounting Technology"; Value = ""; VariantName = "[No Variations]"
Add component (AddParameter): Name = "Package Quantity"; Value = ""; VariantName = "[No Variations]"
Add component (AddParameter): Name = "Packaging"; Value = "Cut Tape"; VariantName = "[No Variations]"
Add component (AddParameter): Name = "Pins"; Value = ""; VariantName = "[No Variations]"
Add component (AddParameter): Name = "Polarity"; Value = ""; VariantName = "[No Variations]"
Add component (AddParameter): Name = "Pricing 1"; Value = "50=0,21000, 250=0,20200, 500=0,19100, 1000=0,17400, 2500=0,14700 (GBP)"; VariantName = "[No Variations]"
Add component (AddParameter): Name = "Radiation Hardening"; Value = ""; VariantName = "[No Variations]"
Add component (AddParameter): Name = "Ratings"; Value = ""; VariantName = "[No Variations]"
Add component (AddParameter): Name = "REACH SVHC"; Value = "Unknown"; VariantName = "[No Variations]"
Add component (AddParameter): Name = "Ripple Current"; Value = ""; VariantName = "[No Variations]"
Add component (AddParameter): Name = "Ripple Current (AC)"; Value = ""; VariantName = "[No Variations]"
Add component (AddParameter): Name = "RoHS"; Value = "Yes"; VariantName = "[No Variations]"
Add component (AddParameter): Name = "RoHS Compliant"; Value = "Yes"; VariantName = "[No Variations]"
Add component (AddParameter): Name = "Series"; Value = ""; VariantName = "[No Variations]"
Add component (AddParameter): Name = "Source"; Value = "Passives.SchLib"; VariantName = "[No Variations]"
Add component (AddParameter): Name = "Stock 1"; Value = "81550"; VariantName = "[No Variations]"
Add component (AddParameter): Name = "Termination"; Value = ""; VariantName = "[No Variations]"
Add component (AddParameter): Name = "Thickness"; Value = "0.057inch"; VariantName = "[No Variations]"
Add component (AddParameter): Name = "Tolerance"; Value = "20%"; VariantName = "[No Variations]"
Add component (AddParameter): Name = "Value"; Value = "10µF"; VariantName = "[No Variations]"
Add component (AddParameter): Name = "Voltage"; Value = ""; VariantName = "[No Variations]"
Add component (AddParameter): Name = "Voltage Rating"; Value = "16V"; VariantName = "[No Variations]"
Add component (AddParameter): Name = "Voltage Rating (DC)"; Value = "16V"; VariantName = "[No Variations]"
Add component (AddParameter): Name = "Weight"; Value = ""; VariantName = "[No Variations]"
Add component (AddParameter): Name = "Width"; Value = "0.049inch"; VariantName = "[No Variations]"
Added Component: Designator=C701(C0805FNPC-R)
Add component (AddParameter): Name = ".Creator"; Value = "GP"; VariantName = "[No Variations]"
Add component (AddParameter): Name = ".PCBcheck"; Value = ""; VariantName = "[No Variations]"
Add component (AddParameter): Name = ".SCHcheck"; Value = ""; VariantName = "[No Variations]"
Add component (AddParameter): Name = "Capacitance"; Value = ""; VariantName = "[No Variations]"
Add component (AddParameter): Name = "Capacitor Type"; Value = ""; VariantName = "[No Variations]"
Add component (AddParameter): Name = "Case Code (Metric)"; Value = "2012"; VariantName = "[No Variations]"
Add component (AddParameter): Name = "Case/Package"; Value = "0805"; VariantName = "[No Variations]"
Add component (AddParameter): Name = "Category"; Value = "Ceramic Capacitors"; VariantName = "[No Variations]"
Add component (AddParameter): Name = "ComponentLink1Description"; Value = "http://www.farnell.com/datasheets/1958501.pdf?src-supplier=Farnell"; VariantName = "[No Variations]"
Add component (AddParameter): Name = "ComponentLink1URL"; Value = "http://www.farnell.com/datasheets/1958501.pdf?src-supplier=Farnell"; VariantName = "[No Variations]"
Add component (AddParameter): Name = "ComponentLink2Description"; Value = "http://www.farnell.com/datasheets/1958501.pdf?src-supplier=Element14"; VariantName = "[No Variations]"
Add component (AddParameter): Name = "ComponentLink2URL"; Value = "http://www.farnell.com/datasheets/1958501.pdf?src-supplier=Element14"; VariantName = "[No Variations]"
Add component (AddParameter): Name = "ComponentLink3Description"; Value = "https://katalog.we-online.de/pbs/datasheet/885012107003.pdf?src-supplier=Digi-Key"; VariantName = "[No Variations]"
Add component (AddParameter): Name = "ComponentLink3URL"; Value = "https://katalog.we-online.de/pbs/datasheet/885012107003.pdf?src-supplier=Digi-Key"; VariantName = "[No Variations]"
Add component (AddParameter): Name = "ComponentLink4Description"; Value = "http://www.farnell.com/datasheets/1958501.pdf?src-supplier=Newark"; VariantName = "[No Variations]"
Add component (AddParameter): Name = "ComponentLink4URL"; Value = "http://www.farnell.com/datasheets/1958501.pdf?src-supplier=Newark"; VariantName = "[No Variations]"
Add component (AddParameter): Name = "Construction"; Value = ""; VariantName = "[No Variations]"
Add component (AddParameter): Name = "Depth"; Value = ""; VariantName = "[No Variations]"
Add component (AddParameter): Name = "Design Item ID"; Value = "C1u-50V-0805FNPC-X7R"; VariantName = "[No Variations]"
Add component (AddParameter): Name = "Diameter"; Value = ""; VariantName = "[No Variations]"
Add component (AddParameter): Name = "Dielectric"; Value = "X7R"; VariantName = "[No Variations]"
Add component (AddParameter): Name = "Dielectric Material"; Value = ""; VariantName = "[No Variations]"
Add component (AddParameter): Name = "Dissipation Factor"; Value = ""; VariantName = "[No Variations]"
Add component (AddParameter): Name = "ESR (Equivalent Series Resistance)"; Value = ""; VariantName = "[No Variations]"
Add component (AddParameter): Name = "Features"; Value = ""; VariantName = "[No Variations]"
Add component (AddParameter): Name = "Halogen Free"; Value = ""; VariantName = "[No Variations]"
Add component (AddParameter): Name = "Height"; Value = ""; VariantName = "[No Variations]"
Add component (AddParameter): Name = "Height - Seated (Max)"; Value = ""; VariantName = "[No Variations]"
Add component (AddParameter): Name = "Impedance"; Value = ""; VariantName = "[No Variations]"
Add component (AddParameter): Name = "Lead Diameter"; Value = ""; VariantName = "[No Variations]"
Add component (AddParameter): Name = "Lead Free"; Value = ""; VariantName = "[No Variations]"
Add component (AddParameter): Name = "Lead Pitch"; Value = ""; VariantName = "[No Variations]"
Add component (AddParameter): Name = "Leakage Current"; Value = ""; VariantName = "[No Variations]"
Add component (AddParameter): Name = "Length"; Value = "0.079inch"; VariantName = "[No Variations]"
Add component (AddParameter): Name = "Life (Hours)"; Value = ""; VariantName = "[No Variations]"
Add component (AddParameter): Name = "Manufacturer"; Value = ""; VariantName = "[No Variations]"
Add component (AddParameter): Name = "Manufacturer 1"; Value = "Wurth Electronics"; VariantName = "[No Variations]"
Add component (AddParameter): Name = "Manufacturer Part Number"; Value = ""; VariantName = "[No Variations]"
Add component (AddParameter): Name = "Manufacturer Part Number 1"; Value = "885012207103"; VariantName = "[No Variations]"
Add component (AddParameter): Name = "Material"; Value = ""; VariantName = "[No Variations]"
Add component (AddParameter): Name = "Max Operating Temperature"; Value = "85°C"; VariantName = "[No Variations]"
Add component (AddParameter): Name = "Min Operating Temperature"; Value = "-55°C"; VariantName = "[No Variations]"
Add component (AddParameter): Name = "Mount"; Value = "Surface Mount"; VariantName = "[No Variations]"
Add component (AddParameter): Name = "Mounting Technology"; Value = ""; VariantName = "[No Variations]"
Add component (AddParameter): Name = "Package Quantity"; Value = ""; VariantName = "[No Variations]"
Add component (AddParameter): Name = "Packaging"; Value = "Cut Tape"; VariantName = "[No Variations]"
Add component (AddParameter): Name = "Pins"; Value = ""; VariantName = "[No Variations]"
Add component (AddParameter): Name = "Polarity"; Value = ""; VariantName = "[No Variations]"
Add component (AddParameter): Name = "Pricing 1"; Value = "50=0,27200, 250=0,25300, 500=0,22800, 1250=0,20100, 2500=0,17100 (GBP)"; VariantName = "[No Variations]"
Add component (AddParameter): Name = "Radiation Hardening"; Value = ""; VariantName = "[No Variations]"
Add component (AddParameter): Name = "Ratings"; Value = ""; VariantName = "[No Variations]"
Add component (AddParameter): Name = "REACH SVHC"; Value = "Unknown"; VariantName = "[No Variations]"
Add component (AddParameter): Name = "Ripple Current"; Value = ""; VariantName = "[No Variations]"
Add component (AddParameter): Name = "Ripple Current (AC)"; Value = ""; VariantName = "[No Variations]"
Add component (AddParameter): Name = "RoHS"; Value = "Yes"; VariantName = "[No Variations]"
Add component (AddParameter): Name = "RoHS Compliant"; Value = "Yes"; VariantName = "[No Variations]"
Add component (AddParameter): Name = "Series"; Value = ""; VariantName = "[No Variations]"
Add component (AddParameter): Name = "Source"; Value = "Passives.SchLib"; VariantName = "[No Variations]"
Add component (AddParameter): Name = "Stock 1"; Value = "5100"; VariantName = "[No Variations]"
Add component (AddParameter): Name = "Termination"; Value = ""; VariantName = "[No Variations]"
Add component (AddParameter): Name = "Thickness"; Value = "0.053inch"; VariantName = "[No Variations]"
Add component (AddParameter): Name = "Tolerance"; Value = "10%"; VariantName = "[No Variations]"
Add component (AddParameter): Name = "Value"; Value = "1µF"; VariantName = "[No Variations]"
Add component (AddParameter): Name = "Voltage"; Value = ""; VariantName = "[No Variations]"
Add component (AddParameter): Name = "Voltage Rating"; Value = "50V"; VariantName = "[No Variations]"
Add component (AddParameter): Name = "Voltage Rating (DC)"; Value = "50V"; VariantName = "[No Variations]"
Add component (AddParameter): Name = "Weight"; Value = ""; VariantName = "[No Variations]"
Add component (AddParameter): Name = "Width"; Value = "0.049inch"; VariantName = "[No Variations]"
Added Component: Designator=C702(WCAP-CSGP_0805_L2W1.25H0.8_Reflow)
Add component (AddParameter): Name = "Capacitance"; Value = "100nF"; VariantName = "[No Variations]"
Add component (AddParameter): Name = "Capacitor Type"; Value = "Ceramic"; VariantName = "[No Variations]"
Add component (AddParameter): Name = "Case/Package"; Value = ""; VariantName = "[No Variations]"
Add component (AddParameter): Name = "Max Operating Temperature"; Value = ""; VariantName = "[No Variations]"
Add component (AddParameter): Name = "Min Operating Temperature"; Value = ""; VariantName = "[No Variations]"
Add component (AddParameter): Name = "Mounting Technology"; Value = ""; VariantName = "[No Variations]"
Add component (AddParameter): Name = "Pins"; Value = "2"; VariantName = "[No Variations]"
Add component (AddParameter): Name = "Ripple Current"; Value = ""; VariantName = "[No Variations]"
Add component (AddParameter): Name = "Ripple Current (AC)"; Value = ""; VariantName = "[No Variations]"
Add component (AddParameter): Name = "RoHS Compliant"; Value = "Yes"; VariantName = "[No Variations]"
Add component (AddParameter): Name = "Tolerance"; Value = ""; VariantName = "[No Variations]"
Add component (AddParameter): Name = "Value"; Value = ""; VariantName = "[No Variations]"
Add component (AddParameter): Name = "Voltage Rating"; Value = ""; VariantName = "[No Variations]"
Added Component: Designator=C703(C0805FNPC-R)
Add component (AddParameter): Name = ".Creator"; Value = "GP"; VariantName = "[No Variations]"
Add component (AddParameter): Name = ".PCBcheck"; Value = ""; VariantName = "[No Variations]"
Add component (AddParameter): Name = ".SCHcheck"; Value = ""; VariantName = "[No Variations]"
Add component (AddParameter): Name = "Capacitance"; Value = ""; VariantName = "[No Variations]"
Add component (AddParameter): Name = "Capacitor Type"; Value = ""; VariantName = "[No Variations]"
Add component (AddParameter): Name = "Case Code (Metric)"; Value = "2012"; VariantName = "[No Variations]"
Add component (AddParameter): Name = "Case/Package"; Value = "0805"; VariantName = "[No Variations]"
Add component (AddParameter): Name = "Category"; Value = "Ceramic Capacitors"; VariantName = "[No Variations]"
Add component (AddParameter): Name = "ComponentLink1Description"; Value = "http://www.farnell.com/datasheets/1958501.pdf?src-supplier=Farnell"; VariantName = "[No Variations]"
Add component (AddParameter): Name = "ComponentLink1URL"; Value = "http://www.farnell.com/datasheets/1958501.pdf?src-supplier=Farnell"; VariantName = "[No Variations]"
Add component (AddParameter): Name = "ComponentLink2Description"; Value = "http://www.farnell.com/datasheets/1958501.pdf?src-supplier=Element14"; VariantName = "[No Variations]"
Add component (AddParameter): Name = "ComponentLink2URL"; Value = "http://www.farnell.com/datasheets/1958501.pdf?src-supplier=Element14"; VariantName = "[No Variations]"
Add component (AddParameter): Name = "ComponentLink3Description"; Value = "https://katalog.we-online.de/pbs/datasheet/885012107003.pdf?src-supplier=Digi-Key"; VariantName = "[No Variations]"
Add component (AddParameter): Name = "ComponentLink3URL"; Value = "https://katalog.we-online.de/pbs/datasheet/885012107003.pdf?src-supplier=Digi-Key"; VariantName = "[No Variations]"
Add component (AddParameter): Name = "ComponentLink4Description"; Value = "http://www.farnell.com/datasheets/1958501.pdf?src-supplier=Newark"; VariantName = "[No Variations]"
Add component (AddParameter): Name = "ComponentLink4URL"; Value = "http://www.farnell.com/datasheets/1958501.pdf?src-supplier=Newark"; VariantName = "[No Variations]"
Add component (AddParameter): Name = "Construction"; Value = ""; VariantName = "[No Variations]"
Add component (AddParameter): Name = "Depth"; Value = ""; VariantName = "[No Variations]"
Add component (AddParameter): Name = "Design Item ID"; Value = "C1u-50V-0805FNPC-X7R"; VariantName = "[No Variations]"
Add component (AddParameter): Name = "Diameter"; Value = ""; VariantName = "[No Variations]"
Add component (AddParameter): Name = "Dielectric"; Value = "X7R"; VariantName = "[No Variations]"
Add component (AddParameter): Name = "Dielectric Material"; Value = ""; VariantName = "[No Variations]"
Add component (AddParameter): Name = "Dissipation Factor"; Value = ""; VariantName = "[No Variations]"
Add component (AddParameter): Name = "ESR (Equivalent Series Resistance)"; Value = ""; VariantName = "[No Variations]"
Add component (AddParameter): Name = "Features"; Value = ""; VariantName = "[No Variations]"
Add component (AddParameter): Name = "Halogen Free"; Value = ""; VariantName = "[No Variations]"
Add component (AddParameter): Name = "Height"; Value = ""; VariantName = "[No Variations]"
Add component (AddParameter): Name = "Height - Seated (Max)"; Value = ""; VariantName = "[No Variations]"
Add component (AddParameter): Name = "Impedance"; Value = ""; VariantName = "[No Variations]"
Add component (AddParameter): Name = "Lead Diameter"; Value = ""; VariantName = "[No Variations]"
Add component (AddParameter): Name = "Lead Free"; Value = ""; VariantName = "[No Variations]"
Add component (AddParameter): Name = "Lead Pitch"; Value = ""; VariantName = "[No Variations]"
Add component (AddParameter): Name = "Leakage Current"; Value = ""; VariantName = "[No Variations]"
Add component (AddParameter): Name = "Length"; Value = "0.079inch"; VariantName = "[No Variations]"
Add component (AddParameter): Name = "Life (Hours)"; Value = ""; VariantName = "[No Variations]"
Add component (AddParameter): Name = "Manufacturer"; Value = ""; VariantName = "[No Variations]"
Add component (AddParameter): Name = "Manufacturer 1"; Value = "Wurth Electronics"; VariantName = "[No Variations]"
Add component (AddParameter): Name = "Manufacturer Part Number"; Value = ""; VariantName = "[No Variations]"
Add component (AddParameter): Name = "Manufacturer Part Number 1"; Value = "885012207103"; VariantName = "[No Variations]"
Add component (AddParameter): Name = "Material"; Value = ""; VariantName = "[No Variations]"
Add component (AddParameter): Name = "Max Operating Temperature"; Value = "85°C"; VariantName = "[No Variations]"
Add component (AddParameter): Name = "Min Operating Temperature"; Value = "-55°C"; VariantName = "[No Variations]"
Add component (AddParameter): Name = "Mount"; Value = "Surface Mount"; VariantName = "[No Variations]"
Add component (AddParameter): Name = "Mounting Technology"; Value = ""; VariantName = "[No Variations]"
Add component (AddParameter): Name = "Package Quantity"; Value = ""; VariantName = "[No Variations]"
Add component (AddParameter): Name = "Packaging"; Value = "Cut Tape"; VariantName = "[No Variations]"
Add component (AddParameter): Name = "Pins"; Value = ""; VariantName = "[No Variations]"
Add component (AddParameter): Name = "Polarity"; Value = ""; VariantName = "[No Variations]"
Add component (AddParameter): Name = "Pricing 1"; Value = "50=0,27200, 250=0,25300, 500=0,22800, 1250=0,20100, 2500=0,17100 (GBP)"; VariantName = "[No Variations]"
Add component (AddParameter): Name = "Radiation Hardening"; Value = ""; VariantName = "[No Variations]"
Add component (AddParameter): Name = "Ratings"; Value = ""; VariantName = "[No Variations]"
Add component (AddParameter): Name = "REACH SVHC"; Value = "Unknown"; VariantName = "[No Variations]"
Add component (AddParameter): Name = "Ripple Current"; Value = ""; VariantName = "[No Variations]"
Add component (AddParameter): Name = "Ripple Current (AC)"; Value = ""; VariantName = "[No Variations]"
Add component (AddParameter): Name = "RoHS"; Value = "Yes"; VariantName = "[No Variations]"
Add component (AddParameter): Name = "RoHS Compliant"; Value = "Yes"; VariantName = "[No Variations]"
Add component (AddParameter): Name = "Series"; Value = ""; VariantName = "[No Variations]"
Add component (AddParameter): Name = "Source"; Value = "Passives.SchLib"; VariantName = "[No Variations]"
Add component (AddParameter): Name = "Stock 1"; Value = "5100"; VariantName = "[No Variations]"
Add component (AddParameter): Name = "Termination"; Value = ""; VariantName = "[No Variations]"
Add component (AddParameter): Name = "Thickness"; Value = "0.053inch"; VariantName = "[No Variations]"
Add component (AddParameter): Name = "Tolerance"; Value = "10%"; VariantName = "[No Variations]"
Add component (AddParameter): Name = "Value"; Value = "1µF"; VariantName = "[No Variations]"
Add component (AddParameter): Name = "Voltage"; Value = ""; VariantName = "[No Variations]"
Add component (AddParameter): Name = "Voltage Rating"; Value = "50V"; VariantName = "[No Variations]"
Add component (AddParameter): Name = "Voltage Rating (DC)"; Value = "50V"; VariantName = "[No Variations]"
Add component (AddParameter): Name = "Weight"; Value = ""; VariantName = "[No Variations]"
Add component (AddParameter): Name = "Width"; Value = "0.049inch"; VariantName = "[No Variations]"
Added Component: Designator=C704(WCAP-CSGP_0805_L2W1.25H0.8_Reflow)
Add component (AddParameter): Name = "Capacitance"; Value = "100nF"; VariantName = "[No Variations]"
Add component (AddParameter): Name = "Capacitor Type"; Value = "Ceramic"; VariantName = "[No Variations]"
Add component (AddParameter): Name = "Case/Package"; Value = ""; VariantName = "[No Variations]"
Add component (AddParameter): Name = "Max Operating Temperature"; Value = ""; VariantName = "[No Variations]"
Add component (AddParameter): Name = "Min Operating Temperature"; Value = ""; VariantName = "[No Variations]"
Add component (AddParameter): Name = "Mounting Technology"; Value = ""; VariantName = "[No Variations]"
Add component (AddParameter): Name = "Pins"; Value = "2"; VariantName = "[No Variations]"
Add component (AddParameter): Name = "Ripple Current"; Value = ""; VariantName = "[No Variations]"
Add component (AddParameter): Name = "Ripple Current (AC)"; Value = ""; VariantName = "[No Variations]"
Add component (AddParameter): Name = "RoHS Compliant"; Value = "Yes"; VariantName = "[No Variations]"
Add component (AddParameter): Name = "Tolerance"; Value = ""; VariantName = "[No Variations]"
Add component (AddParameter): Name = "Value"; Value = ""; VariantName = "[No Variations]"
Add component (AddParameter): Name = "Voltage Rating"; Value = ""; VariantName = "[No Variations]"
Added Component: Designator=C705(WCAP-CSGP_0805_L2W1.25H0.8_Reflow)
Add component (AddParameter): Name = "Capacitance"; Value = ""; VariantName = "[No Variations]"
Add component (AddParameter): Name = "Capacitor Type"; Value = "Ceramic"; VariantName = "[No Variations]"
Add component (AddParameter): Name = "Case/Package"; Value = ""; VariantName = "[No Variations]"
Add component (AddParameter): Name = "Max Operating Temperature"; Value = ""; VariantName = "[No Variations]"
Add component (AddParameter): Name = "Min Operating Temperature"; Value = ""; VariantName = "[No Variations]"
Add component (AddParameter): Name = "Mounting Technology"; Value = ""; VariantName = "[No Variations]"
Add component (AddParameter): Name = "Pins"; Value = "2"; VariantName = "[No Variations]"
Add component (AddParameter): Name = "Ripple Current"; Value = ""; VariantName = "[No Variations]"
Add component (AddParameter): Name = "Ripple Current (AC)"; Value = ""; VariantName = "[No Variations]"
Add component (AddParameter): Name = "RoHS Compliant"; Value = "Yes"; VariantName = "[No Variations]"
Add component (AddParameter): Name = "Tolerance"; Value = ""; VariantName = "[No Variations]"
Add component (AddParameter): Name = "Value"; Value = ""; VariantName = "[No Variations]"
Add component (AddParameter): Name = "Voltage Rating"; Value = ""; VariantName = "[No Variations]"
Added Component: Designator=C706(WCAP-CSGP_0805_L2W1.25H0.8_Reflow)
Add component (AddParameter): Name = "Capacitance"; Value = ""; VariantName = "[No Variations]"
Add component (AddParameter): Name = "Capacitor Type"; Value = ""; VariantName = "[No Variations]"
Add component (AddParameter): Name = "Case/Package"; Value = ""; VariantName = "[No Variations]"
Add component (AddParameter): Name = "Connector Type"; Value = ""; VariantName = "[No Variations]"
Add component (AddParameter): Name = "Gender"; Value = ""; VariantName = "[No Variations]"
Add component (AddParameter): Name = "Max Current Rating"; Value = ""; VariantName = "[No Variations]"
Add component (AddParameter): Name = "Max Operating Temperature"; Value = ""; VariantName = "[No Variations]"
Add component (AddParameter): Name = "Min Operating Temperature"; Value = ""; VariantName = "[No Variations]"
Add component (AddParameter): Name = "Mounting Technology"; Value = ""; VariantName = "[No Variations]"
Add component (AddParameter): Name = "Pins"; Value = ""; VariantName = "[No Variations]"
Add component (AddParameter): Name = "Ripple Current"; Value = ""; VariantName = "[No Variations]"
Add component (AddParameter): Name = "Ripple Current (AC)"; Value = ""; VariantName = "[No Variations]"
Add component (AddParameter): Name = "RoHS Compliant"; Value = ""; VariantName = "[No Variations]"
Add component (AddParameter): Name = "Tolerance"; Value = ""; VariantName = "[No Variations]"
Add component (AddParameter): Name = "Value"; Value = ""; VariantName = "[No Variations]"
Add component (AddParameter): Name = "Voltage Rating"; Value = ""; VariantName = "[No Variations]"
Added Component: Designator=D1(WE-TVSP_DO-214AC_Bidirectional)
Add component (AddParameter): Name = "Case/Package"; Value = ""; VariantName = "[No Variations]"
Add component (AddParameter): Name = "Forward Current"; Value = ""; VariantName = "[No Variations]"
Add component (AddParameter): Name = "Forward Voltage"; Value = ""; VariantName = "[No Variations]"
Add component (AddParameter): Name = "Max Operating Temperature"; Value = "150°C"; VariantName = "[No Variations]"
Add component (AddParameter): Name = "Max Surge Current"; Value = ""; VariantName = "[No Variations]"
Add component (AddParameter): Name = "Min Operating Temperature"; Value = "-65°C"; VariantName = "[No Variations]"
Add component (AddParameter): Name = "Mounting Technology"; Value = ""; VariantName = "[No Variations]"
Add component (AddParameter): Name = "Peak Inverse Voltage"; Value = ""; VariantName = "[No Variations]"
Add component (AddParameter): Name = "Pins"; Value = "2"; VariantName = "[No Variations]"
Add component (AddParameter): Name = "RoHS Compliant"; Value = "Yes"; VariantName = "[No Variations]"
Added Component: Designator=D2(DSC-SOD123)
Add component (AddParameter): Name = ".Creator"; Value = "GP"; VariantName = "[No Variations]"
Add component (AddParameter): Name = ".PCBcheck"; Value = ""; VariantName = "[No Variations]"
Add component (AddParameter): Name = ".SCHcheck"; Value = ""; VariantName = "[No Variations]"
Add component (AddParameter): Name = "Approvals"; Value = ""; VariantName = "[No Variations]"
Add component (AddParameter): Name = "Average Rectified Current"; Value = "500mA"; VariantName = "[No Variations]"
Add component (AddParameter): Name = "Body Material"; Value = ""; VariantName = "[No Variations]"
Add component (AddParameter): Name = "Case Code (Imperial)"; Value = ""; VariantName = "[No Variations]"
Add component (AddParameter): Name = "Case Code (Metric)"; Value = ""; VariantName = "[No Variations]"
Add component (AddParameter): Name = "Case/Package"; Value = ""; VariantName = "[No Variations]"
Add component (AddParameter): Name = "Category"; Value = "Diode"; VariantName = "[No Variations]"
Add component (AddParameter): Name = "ComponentLink1Description"; Value = "Datasheet"; VariantName = "[No Variations]"
Add component (AddParameter): Name = "ComponentLink1URL"; Value = ""; VariantName = "[No Variations]"
Add component (AddParameter): Name = "ComponentLink2Description"; Value = "Where buy it"; VariantName = "[No Variations]"
Add component (AddParameter): Name = "ComponentLink2URL"; Value = ""; VariantName = "[No Variations]"
Add component (AddParameter): Name = "ComponentLink3Description"; Value = "https://datasheet.ciiva.com/30479/0900766b810e2512-30479401.pdf?src-supplier=RSComponents"; VariantName = "[No Variations]"
Add component (AddParameter): Name = "ComponentLink3URL"; Value = "https://datasheet.ciiva.com/30479/0900766b810e2512-30479401.pdf?src-supplier=RSComponents"; VariantName = "[No Variations]"
Add component (AddParameter): Name = "ComponentLink4Description"; Value = "https://datasheet.ciiva.com/34301/974753-34301826.pdf?src-supplier=Jameco"; VariantName = "[No Variations]"
Add component (AddParameter): Name = "ComponentLink4URL"; Value = "https://datasheet.ciiva.com/34301/974753-34301826.pdf?src-supplier=Jameco"; VariantName = "[No Variations]"
Add component (AddParameter): Name = "ComponentLink5Description"; Value = "https://datasheet.ciiva.com/910/mbr0530-910516.pdf?src-supplier=Digi-Key"; VariantName = "[No Variations]"
Add component (AddParameter): Name = "ComponentLink5URL"; Value = "https://datasheet.ciiva.com/910/mbr0530-910516.pdf?src-supplier=Digi-Key"; VariantName = "[No Variations]"
Add component (AddParameter): Name = "ComponentLink6Description"; Value = "https://datasheet.ciiva.com/25931/mbr0530-25931989.pdf?src-supplier=Avnet+Europe"; VariantName = "[No Variations]"
Add component (AddParameter): Name = "ComponentLink6URL"; Value = "https://datasheet.ciiva.com/25931/mbr0530-25931989.pdf?src-supplier=Avnet+Europe"; VariantName = "[No Variations]"
Add component (AddParameter): Name = "ComponentLink7Description"; Value = "https://datasheet.ciiva.com/8300/mbr0530-8300905.pdf?src-supplier=Avnet"; VariantName = "[No Variations]"
Add component (AddParameter): Name = "ComponentLink7URL"; Value = "https://datasheet.ciiva.com/8300/mbr0530-8300905.pdf?src-supplier=Avnet"; VariantName = "[No Variations]"
Add component (AddParameter): Name = "ComponentLink8Description"; Value = "https://datasheet.ciiva.com/17318/mbr0530-17318568.pdf?src-supplier=Future+Electronics"; VariantName = "[No Variations]"
Add component (AddParameter): Name = "ComponentLink8URL"; Value = "https://datasheet.ciiva.com/17318/mbr0530-17318568.pdf?src-supplier=Future+Electronics"; VariantName = "[No Variations]"
Add component (AddParameter): Name = "ComponentLink9Description"; Value = "https://datasheet.ciiva.com/15144/getdatasheetpartid-86760-15144598.pdf?src-supplier=Verical"; VariantName = "[No Variations]"
Add component (AddParameter): Name = "ComponentLink9URL"; Value = "https://datasheet.ciiva.com/15144/getdatasheetpartid-86760-15144598.pdf?src-supplier=Verical"; VariantName = "[No Variations]"
Add component (AddParameter): Name = "ComponentLink10Description"; Value = "https://datasheet.ciiva.com/910/mbr0530-910518.pdf?src-supplier=Digi-Key"; VariantName = "[No Variations]"
Add component (AddParameter): Name = "ComponentLink10URL"; Value = "https://datasheet.ciiva.com/910/mbr0530-910518.pdf?src-supplier=Digi-Key"; VariantName = "[No Variations]"
Add component (AddParameter): Name = "Contact Plating"; Value = "Tin,Matte"; VariantName = "[No Variations]"
Add component (AddParameter): Name = "Core Material"; Value = ""; VariantName = "[No Variations]"
Add component (AddParameter): Name = "Current"; Value = ""; VariantName = "[No Variations]"
Add component (AddParameter): Name = "Current Rating"; Value = "500mA"; VariantName = "[No Variations]"
Add component (AddParameter): Name = "DC Cold Resistance"; Value = ""; VariantName = "[No Variations]"
Add component (AddParameter): Name = "DC Current"; Value = ""; VariantName = "[No Variations]"
Add component (AddParameter): Name = "DC Resistance (DCR)"; Value = ""; VariantName = "[No Variations]"
Add component (AddParameter): Name = "Depth"; Value = ""; VariantName = "[No Variations]"
Add component (AddParameter): Name = "Design Item ID"; Value = "DSC-0.5/30-SOD123"; VariantName = "[No Variations]"
Add component (AddParameter): Name = "Element Configuration"; Value = "Single"; VariantName = "[No Variations]"
Add component (AddParameter): Name = "Forward Current"; Value = "500mA"; VariantName = "[No Variations]"
Add component (AddParameter): Name = "Forward Voltage"; Value = "430mV"; VariantName = "[No Variations]"
Add component (AddParameter): Name = "Fuse Current"; Value = ""; VariantName = "[No Variations]"
Add component (AddParameter): Name = "Fuse Type"; Value = ""; VariantName = "[No Variations]"
Add component (AddParameter): Name = "Height"; Value = "1.03mm"; VariantName = "[No Variations]"
Add component (AddParameter): Name = "Housing Material"; Value = ""; VariantName = "[No Variations]"
Add component (AddParameter): Name = "Impedance"; Value = ""; VariantName = "[No Variations]"
Add component (AddParameter): Name = "Inductance"; Value = ""; VariantName = "[No Variations]"
Add component (AddParameter): Name = "Inductance Tolerance"; Value = ""; VariantName = "[No Variations]"
Add component (AddParameter): Name = "Lead Diameter"; Value = ""; VariantName = "[No Variations]"
Add component (AddParameter): Name = "Lead Free"; Value = "Lead Free"; VariantName = "[No Variations]"
Add component (AddParameter): Name = "Lead Pitch"; Value = ""; VariantName = "[No Variations]"
Add component (AddParameter): Name = "Length"; Value = "2.7mm"; VariantName = "[No Variations]"
Add component (AddParameter): Name = "Manufacturer"; Value = ""; VariantName = "[No Variations]"
Add component (AddParameter): Name = "Manufacturer 1"; Value = ""; VariantName = "[No Variations]"
Add component (AddParameter): Name = "Manufacturer Part Number"; Value = ""; VariantName = "[No Variations]"
Add component (AddParameter): Name = "Manufacturer Part Number 1"; Value = ""; VariantName = "[No Variations]"
Add component (AddParameter): Name = "Material"; Value = ""; VariantName = "[No Variations]"
Add component (AddParameter): Name = "Max Current Rating"; Value = ""; VariantName = "[No Variations]"
Add component (AddParameter): Name = "Max DC Current"; Value = ""; VariantName = "[No Variations]"
Add component (AddParameter): Name = "Max Forward Surge Current (Ifsm)"; Value = "5.5A"; VariantName = "[No Variations]"
Add component (AddParameter): Name = "Max Operating Temperature"; Value = ""; VariantName = "[No Variations]"
Add component (AddParameter): Name = "Max Repetitive Reverse Voltage (Vrrm)"; Value = "30V"; VariantName = "[No Variations]"
Add component (AddParameter): Name = "Max Reverse Current"; Value = "130uA"; VariantName = "[No Variations]"
Add component (AddParameter): Name = "Max Reverse Leakage Current"; Value = "130uA"; VariantName = "[No Variations]"
Add component (AddParameter): Name = "Max Reverse Voltage (DC)"; Value = "30V"; VariantName = "[No Variations]"
Add component (AddParameter): Name = "Max Surge Current"; Value = "5.5A"; VariantName = "[No Variations]"
Add component (AddParameter): Name = "Min Operating Temperature"; Value = ""; VariantName = "[No Variations]"
Add component (AddParameter): Name = "Mount"; Value = "Surface Mount"; VariantName = "[No Variations]"
Add component (AddParameter): Name = "Number of Circuits"; Value = ""; VariantName = "[No Variations]"
Add component (AddParameter): Name = "Number of Lines"; Value = ""; VariantName = "[No Variations]"
Add component (AddParameter): Name = "Number of Pins"; Value = ""; VariantName = "[No Variations]"
Add component (AddParameter): Name = "Output Current"; Value = "500mA"; VariantName = "[No Variations]"
Add component (AddParameter): Name = "Package Quantity"; Value = "1"; VariantName = "[No Variations]"
Add component (AddParameter): Name = "Packaging"; Value = ""; VariantName = "[No Variations]"
Add component (AddParameter): Name = "Peak Non-Repetitive Surge Current"; Value = "5.5A"; VariantName = "[No Variations]"
Add component (AddParameter): Name = "Polarity"; Value = "Standard"; VariantName = "[No Variations]"
Add component (AddParameter): Name = "Pricing 1"; Value = "1=0,34400, 10=0,23900, 100=0,12200, 500=0,10000 (USD)"; VariantName = "[No Variations]"
Add component (AddParameter): Name = "Radiation Hardening"; Value = "No"; VariantName = "[No Variations]"
Add component (AddParameter): Name = "REACH SVHC"; Value = "No SVHC"; VariantName = "[No Variations]"
Add component (AddParameter): Name = "Resistance"; Value = ""; VariantName = "[No Variations]"
Add component (AddParameter): Name = "RoHS"; Value = ""; VariantName = "[No Variations]"
Add component (AddParameter): Name = "RoHS Compliant"; Value = "Yes"; VariantName = "[No Variations]"
Add component (AddParameter): Name = "Series"; Value = "-"; VariantName = "[No Variations]"
Add component (AddParameter): Name = "Source"; Value = "Filter components.SchLib"; VariantName = "[No Variations]"
Add component (AddParameter): Name = "Stock 1"; Value = "9"; VariantName = "[No Variations]"
Add component (AddParameter): Name = "Termination"; Value = ""; VariantName = "[No Variations]"
Add component (AddParameter): Name = "Test Frequency"; Value = ""; VariantName = "[No Variations]"
Add component (AddParameter): Name = "Tolerance"; Value = ""; VariantName = "[No Variations]"
Add component (AddParameter): Name = "Voltage Rating"; Value = ""; VariantName = "[No Variations]"
Add component (AddParameter): Name = "Voltage Rating (AC)"; Value = ""; VariantName = "[No Variations]"
Add component (AddParameter): Name = "Voltage Rating (DC)"; Value = "30V"; VariantName = "[No Variations]"
Add component (AddParameter): Name = "Weight"; Value = "0.03g"; VariantName = "[No Variations]"
Add component (AddParameter): Name = "Width"; Value = "1.6mm"; VariantName = "[No Variations]"
Added Component: Designator=D501(DSC-SOD123)
Add component (AddParameter): Name = ".Creator"; Value = "DO"; VariantName = "[No Variations]"
Add component (AddParameter): Name = ".PCBcheck"; Value = ""; VariantName = "[No Variations]"
Add component (AddParameter): Name = ".SCHcheck"; Value = ""; VariantName = "[No Variations]"
Add component (AddParameter): Name = "Breakdown Voltage"; Value = ""; VariantName = "[No Variations]"
Add component (AddParameter): Name = "Capacitance"; Value = ""; VariantName = "[No Variations]"
Add component (AddParameter): Name = "Case/Package"; Value = "3000"; VariantName = "[No Variations]"
Add component (AddParameter): Name = "Category"; Value = "Zener Diodes"; VariantName = "[No Variations]"
Add component (AddParameter): Name = "Clamping Voltage"; Value = ""; VariantName = "[No Variations]"
Add component (AddParameter): Name = "ComponentLink1Description"; Value = "http://www.mouser.com/ds/2/427/mmsz5225-102133.pdf?src-supplier=Mouser"; VariantName = "[No Variations]"
Add component (AddParameter): Name = "ComponentLink1URL"; Value = "http://www.mouser.com/ds/2/427/mmsz5225-102133.pdf?src-supplier=Mouser"; VariantName = "[No Variations]"
Add component (AddParameter): Name = "ComponentLink2Description"; Value = "http://components.arrow.com/part/dataview/59571956S617370N5680?src-supplier=Arrow+Electronics"; VariantName = "[No Variations]"
Add component (AddParameter): Name = "ComponentLink2URL"; Value = "http://components.arrow.com/part/dataview/59571956S617370N5680?src-supplier=Arrow+Electronics"; VariantName = "[No Variations]"
Add component (AddParameter): Name = "ComponentLink3Description"; Value = "http://www.vishay.com/docs/85774/mmsz5225.pdf?src-supplier=Digi-Key"; VariantName = "[No Variations]"
Add component (AddParameter): Name = "ComponentLink3URL"; Value = "http://www.vishay.com/docs/85774/mmsz5225.pdf?src-supplier=Digi-Key"; VariantName = "[No Variations]"
Add component (AddParameter): Name = "ComponentLink4Description"; Value = "Where buy it"; VariantName = "[No Variations]"
Add component (AddParameter): Name = "ComponentLink4URL"; Value = "https://www.mouser.es/ProductDetail/Vishay-Semiconductors/MMSZ5240C-HE3-08?qs=ESFF34UzhwiGAVchySN1uQ%3D%3D"; VariantName = "[No Variations]"
Add component (AddParameter): Name = "Depth"; Value = ""; VariantName = "[No Variations]"
Add component (AddParameter): Name = "Design Item ID"; Value = "DZ-0.01/75-SOD-123"; VariantName = "[No Variations]"
Add component (AddParameter): Name = "Diode Type"; Value = ""; VariantName = "[No Variations]"
Add component (AddParameter): Name = "Direction"; Value = ""; VariantName = "[No Variations]"
Add component (AddParameter): Name = "Element Configuration"; Value = "Single"; VariantName = "[No Variations]"
Add component (AddParameter): Name = "ESD Protection"; Value = ""; VariantName = "[No Variations]"
Add component (AddParameter): Name = "Forward Voltage"; Value = ""; VariantName = "[No Variations]"
Add component (AddParameter): Name = "Height"; Value = ""; VariantName = "[No Variations]"
Add component (AddParameter): Name = "Impedance"; Value = "17R"; VariantName = "[No Variations]"
Add component (AddParameter): Name = "Lead Free"; Value = ""; VariantName = "[No Variations]"
Add component (AddParameter): Name = "Leakage Current"; Value = ""; VariantName = "[No Variations]"
Add component (AddParameter): Name = "Length"; Value = ""; VariantName = "[No Variations]"
Add component (AddParameter): Name = "Manufacturer"; Value = "Vishay"; VariantName = "[No Variations]"
Add component (AddParameter): Name = "Manufacturer Part Number"; Value = "MMSZ5240C-HE3-08"; VariantName = "[No Variations]"
Add component (AddParameter): Name = "Max Operating Temperature"; Value = "150°C"; VariantName = "[No Variations]"
Add component (AddParameter): Name = "Max Power Dissipation"; Value = "500mW"; VariantName = "[No Variations]"
Add component (AddParameter): Name = "Max Reverse Leakage Current"; Value = "3uA"; VariantName = "[No Variations]"
Add component (AddParameter): Name = "Max Surge Current"; Value = ""; VariantName = "[No Variations]"
Add component (AddParameter): Name = "Min Breakdown Voltage"; Value = ""; VariantName = "[No Variations]"
Add component (AddParameter): Name = "Min Operating Temperature"; Value = "-55°C"; VariantName = "[No Variations]"
Add component (AddParameter): Name = "Mount"; Value = "Surface Mount"; VariantName = "[No Variations]"
Add component (AddParameter): Name = "Number of Bidirectional Channels"; Value = ""; VariantName = "[No Variations]"
Add component (AddParameter): Name = "Number of Channels"; Value = ""; VariantName = "[No Variations]"
Add component (AddParameter): Name = "Number of Elements"; Value = ""; VariantName = "[No Variations]"
Add component (AddParameter): Name = "Packaging"; Value = "Tape and Reel"; VariantName = "[No Variations]"
Add component (AddParameter): Name = "Peak Pulse Current"; Value = ""; VariantName = "[No Variations]"
Add component (AddParameter): Name = "Peak Pulse Power"; Value = ""; VariantName = "[No Variations]"
Add component (AddParameter): Name = "Pins"; Value = "2"; VariantName = "[No Variations]"
Add component (AddParameter): Name = "Polarity"; Value = ""; VariantName = "[No Variations]"
Add component (AddParameter): Name = "Power Dissipation"; Value = "500mW"; VariantName = "[No Variations]"
Add component (AddParameter): Name = "Power Line Protection"; Value = ""; VariantName = "[No Variations]"
Add component (AddParameter): Name = "Pricing 1"; Value = "1=0,36000, 10=0,29800, 50=0,29800, 100=0,15800, 1000=0,07100, 10000=0,04700 (USD)"; VariantName = "[No Variations]"
Add component (AddParameter): Name = "Radiation Hardening"; Value = ""; VariantName = "[No Variations]"
Add component (AddParameter): Name = "REACH SVHC"; Value = ""; VariantName = "[No Variations]"
Add component (AddParameter): Name = "Resistor Type"; Value = ""; VariantName = "[No Variations]"
Add component (AddParameter): Name = "Reverse Breakdown Voltage"; Value = ""; VariantName = "[No Variations]"
Add component (AddParameter): Name = "Reverse Standoff Voltage"; Value = ""; VariantName = "[No Variations]"
Add component (AddParameter): Name = "RoHS"; Value = "Yes"; VariantName = "[No Variations]"
Add component (AddParameter): Name = "RoHS Compliant"; Value = "Yes"; VariantName = "[No Variations]"
Add component (AddParameter): Name = "Series"; Value = ""; VariantName = "[No Variations]"
Add component (AddParameter): Name = "Source"; Value = "Filter components.SchLib"; VariantName = "[No Variations]"
Add component (AddParameter): Name = "Stock 1"; Value = "4964"; VariantName = "[No Variations]"
Add component (AddParameter): Name = "Termination"; Value = ""; VariantName = "[No Variations]"
Add component (AddParameter): Name = "Test Current"; Value = ""; VariantName = "[No Variations]"
Add component (AddParameter): Name = "Tolerance"; Value = "2%"; VariantName = "[No Variations]"
Add component (AddParameter): Name = "Voltage Tolerance"; Value = "2%"; VariantName = "[No Variations]"
Add component (AddParameter): Name = "Weight"; Value = "0.000363oz"; VariantName = "[No Variations]"
Add component (AddParameter): Name = "Width"; Value = ""; VariantName = "[No Variations]"
Add component (AddParameter): Name = "Zener Current"; Value = "20mA"; VariantName = "[No Variations]"
Add component (AddParameter): Name = "Zener Voltage"; Value = "10V"; VariantName = "[No Variations]"
Added Component: Designator=D901(DSC-SOD123)
Add component (AddParameter): Name = ".Creator"; Value = "GP"; VariantName = "[No Variations]"
Add component (AddParameter): Name = ".PCBcheck"; Value = ""; VariantName = "[No Variations]"
Add component (AddParameter): Name = ".SCHcheck"; Value = ""; VariantName = "[No Variations]"
Add component (AddParameter): Name = "Approvals"; Value = ""; VariantName = "[No Variations]"
Add component (AddParameter): Name = "Average Rectified Current"; Value = "500mA"; VariantName = "[No Variations]"
Add component (AddParameter): Name = "Body Material"; Value = ""; VariantName = "[No Variations]"
Add component (AddParameter): Name = "Case Code (Imperial)"; Value = ""; VariantName = "[No Variations]"
Add component (AddParameter): Name = "Case Code (Metric)"; Value = ""; VariantName = "[No Variations]"
Add component (AddParameter): Name = "Case/Package"; Value = ""; VariantName = "[No Variations]"
Add component (AddParameter): Name = "Category"; Value = "Diode"; VariantName = "[No Variations]"
Add component (AddParameter): Name = "ComponentLink1Description"; Value = "Datasheet"; VariantName = "[No Variations]"
Add component (AddParameter): Name = "ComponentLink1URL"; Value = ""; VariantName = "[No Variations]"
Add component (AddParameter): Name = "ComponentLink2Description"; Value = "Where buy it"; VariantName = "[No Variations]"
Add component (AddParameter): Name = "ComponentLink2URL"; Value = ""; VariantName = "[No Variations]"
Add component (AddParameter): Name = "ComponentLink3Description"; Value = "https://datasheet.ciiva.com/30479/0900766b810e2512-30479401.pdf?src-supplier=RSComponents"; VariantName = "[No Variations]"
Add component (AddParameter): Name = "ComponentLink3URL"; Value = "https://datasheet.ciiva.com/30479/0900766b810e2512-30479401.pdf?src-supplier=RSComponents"; VariantName = "[No Variations]"
Add component (AddParameter): Name = "ComponentLink4Description"; Value = "https://datasheet.ciiva.com/34301/974753-34301826.pdf?src-supplier=Jameco"; VariantName = "[No Variations]"
Add component (AddParameter): Name = "ComponentLink4URL"; Value = "https://datasheet.ciiva.com/34301/974753-34301826.pdf?src-supplier=Jameco"; VariantName = "[No Variations]"
Add component (AddParameter): Name = "ComponentLink5Description"; Value = "https://datasheet.ciiva.com/910/mbr0530-910516.pdf?src-supplier=Digi-Key"; VariantName = "[No Variations]"
Add component (AddParameter): Name = "ComponentLink5URL"; Value = "https://datasheet.ciiva.com/910/mbr0530-910516.pdf?src-supplier=Digi-Key"; VariantName = "[No Variations]"
Add component (AddParameter): Name = "ComponentLink6Description"; Value = "https://datasheet.ciiva.com/25931/mbr0530-25931989.pdf?src-supplier=Avnet+Europe"; VariantName = "[No Variations]"
Add component (AddParameter): Name = "ComponentLink6URL"; Value = "https://datasheet.ciiva.com/25931/mbr0530-25931989.pdf?src-supplier=Avnet+Europe"; VariantName = "[No Variations]"
Add component (AddParameter): Name = "ComponentLink7Description"; Value = "https://datasheet.ciiva.com/8300/mbr0530-8300905.pdf?src-supplier=Avnet"; VariantName = "[No Variations]"
Add component (AddParameter): Name = "ComponentLink7URL"; Value = "https://datasheet.ciiva.com/8300/mbr0530-8300905.pdf?src-supplier=Avnet"; VariantName = "[No Variations]"
Add component (AddParameter): Name = "ComponentLink8Description"; Value = "https://datasheet.ciiva.com/17318/mbr0530-17318568.pdf?src-supplier=Future+Electronics"; VariantName = "[No Variations]"
Add component (AddParameter): Name = "ComponentLink8URL"; Value = "https://datasheet.ciiva.com/17318/mbr0530-17318568.pdf?src-supplier=Future+Electronics"; VariantName = "[No Variations]"
Add component (AddParameter): Name = "ComponentLink9Description"; Value = "https://datasheet.ciiva.com/15144/getdatasheetpartid-86760-15144598.pdf?src-supplier=Verical"; VariantName = "[No Variations]"
Add component (AddParameter): Name = "ComponentLink9URL"; Value = "https://datasheet.ciiva.com/15144/getdatasheetpartid-86760-15144598.pdf?src-supplier=Verical"; VariantName = "[No Variations]"
Add component (AddParameter): Name = "ComponentLink10Description"; Value = "https://datasheet.ciiva.com/910/mbr0530-910518.pdf?src-supplier=Digi-Key"; VariantName = "[No Variations]"
Add component (AddParameter): Name = "ComponentLink10URL"; Value = "https://datasheet.ciiva.com/910/mbr0530-910518.pdf?src-supplier=Digi-Key"; VariantName = "[No Variations]"
Add component (AddParameter): Name = "Contact Plating"; Value = "Tin,Matte"; VariantName = "[No Variations]"
Add component (AddParameter): Name = "Core Material"; Value = ""; VariantName = "[No Variations]"
Add component (AddParameter): Name = "Current"; Value = ""; VariantName = "[No Variations]"
Add component (AddParameter): Name = "Current Rating"; Value = "500mA"; VariantName = "[No Variations]"
Add component (AddParameter): Name = "DC Cold Resistance"; Value = ""; VariantName = "[No Variations]"
Add component (AddParameter): Name = "DC Current"; Value = ""; VariantName = "[No Variations]"
Add component (AddParameter): Name = "DC Resistance (DCR)"; Value = ""; VariantName = "[No Variations]"
Add component (AddParameter): Name = "Depth"; Value = ""; VariantName = "[No Variations]"
Add component (AddParameter): Name = "Design Item ID"; Value = "DSC-0.5/30-SOD123"; VariantName = "[No Variations]"
Add component (AddParameter): Name = "Element Configuration"; Value = "Single"; VariantName = "[No Variations]"
Add component (AddParameter): Name = "Forward Current"; Value = "500mA"; VariantName = "[No Variations]"
Add component (AddParameter): Name = "Forward Voltage"; Value = "430mV"; VariantName = "[No Variations]"
Add component (AddParameter): Name = "Fuse Current"; Value = ""; VariantName = "[No Variations]"
Add component (AddParameter): Name = "Fuse Type"; Value = ""; VariantName = "[No Variations]"
Add component (AddParameter): Name = "Height"; Value = "1.03mm"; VariantName = "[No Variations]"
Add component (AddParameter): Name = "Housing Material"; Value = ""; VariantName = "[No Variations]"
Add component (AddParameter): Name = "Impedance"; Value = ""; VariantName = "[No Variations]"
Add component (AddParameter): Name = "Inductance"; Value = ""; VariantName = "[No Variations]"
Add component (AddParameter): Name = "Inductance Tolerance"; Value = ""; VariantName = "[No Variations]"
Add component (AddParameter): Name = "Lead Diameter"; Value = ""; VariantName = "[No Variations]"
Add component (AddParameter): Name = "Lead Free"; Value = "Lead Free"; VariantName = "[No Variations]"
Add component (AddParameter): Name = "Lead Pitch"; Value = ""; VariantName = "[No Variations]"
Add component (AddParameter): Name = "Length"; Value = "2.7mm"; VariantName = "[No Variations]"
Add component (AddParameter): Name = "Manufacturer"; Value = ""; VariantName = "[No Variations]"
Add component (AddParameter): Name = "Manufacturer 1"; Value = ""; VariantName = "[No Variations]"
Add component (AddParameter): Name = "Manufacturer Part Number"; Value = ""; VariantName = "[No Variations]"
Add component (AddParameter): Name = "Manufacturer Part Number 1"; Value = ""; VariantName = "[No Variations]"
Add component (AddParameter): Name = "Material"; Value = ""; VariantName = "[No Variations]"
Add component (AddParameter): Name = "Max Current Rating"; Value = ""; VariantName = "[No Variations]"
Add component (AddParameter): Name = "Max DC Current"; Value = ""; VariantName = "[No Variations]"
Add component (AddParameter): Name = "Max Forward Surge Current (Ifsm)"; Value = "5.5A"; VariantName = "[No Variations]"
Add component (AddParameter): Name = "Max Operating Temperature"; Value = ""; VariantName = "[No Variations]"
Add component (AddParameter): Name = "Max Repetitive Reverse Voltage (Vrrm)"; Value = "30V"; VariantName = "[No Variations]"
Add component (AddParameter): Name = "Max Reverse Current"; Value = "130uA"; VariantName = "[No Variations]"
Add component (AddParameter): Name = "Max Reverse Leakage Current"; Value = "130uA"; VariantName = "[No Variations]"
Add component (AddParameter): Name = "Max Reverse Voltage (DC)"; Value = "30V"; VariantName = "[No Variations]"
Add component (AddParameter): Name = "Max Surge Current"; Value = "5.5A"; VariantName = "[No Variations]"
Add component (AddParameter): Name = "Min Operating Temperature"; Value = ""; VariantName = "[No Variations]"
Add component (AddParameter): Name = "Mount"; Value = "Surface Mount"; VariantName = "[No Variations]"
Add component (AddParameter): Name = "Number of Circuits"; Value = ""; VariantName = "[No Variations]"
Add component (AddParameter): Name = "Number of Lines"; Value = ""; VariantName = "[No Variations]"
Add component (AddParameter): Name = "Number of Pins"; Value = ""; VariantName = "[No Variations]"
Add component (AddParameter): Name = "Output Current"; Value = "500mA"; VariantName = "[No Variations]"
Add component (AddParameter): Name = "Package Quantity"; Value = "1"; VariantName = "[No Variations]"
Add component (AddParameter): Name = "Packaging"; Value = ""; VariantName = "[No Variations]"
Add component (AddParameter): Name = "Peak Non-Repetitive Surge Current"; Value = "5.5A"; VariantName = "[No Variations]"
Add component (AddParameter): Name = "Polarity"; Value = "Standard"; VariantName = "[No Variations]"
Add component (AddParameter): Name = "Pricing 1"; Value = "1=0,34400, 10=0,23900, 100=0,12200, 500=0,10000 (USD)"; VariantName = "[No Variations]"
Add component (AddParameter): Name = "Radiation Hardening"; Value = "No"; VariantName = "[No Variations]"
Add component (AddParameter): Name = "REACH SVHC"; Value = "No SVHC"; VariantName = "[No Variations]"
Add component (AddParameter): Name = "Resistance"; Value = ""; VariantName = "[No Variations]"
Add component (AddParameter): Name = "RoHS"; Value = ""; VariantName = "[No Variations]"
Add component (AddParameter): Name = "RoHS Compliant"; Value = "Yes"; VariantName = "[No Variations]"
Add component (AddParameter): Name = "Series"; Value = "-"; VariantName = "[No Variations]"
Add component (AddParameter): Name = "Source"; Value = "Filter components.SchLib"; VariantName = "[No Variations]"
Add component (AddParameter): Name = "Stock 1"; Value = "9"; VariantName = "[No Variations]"
Add component (AddParameter): Name = "Termination"; Value = ""; VariantName = "[No Variations]"
Add component (AddParameter): Name = "Test Frequency"; Value = ""; VariantName = "[No Variations]"
Add component (AddParameter): Name = "Tolerance"; Value = ""; VariantName = "[No Variations]"
Add component (AddParameter): Name = "Voltage Rating"; Value = ""; VariantName = "[No Variations]"
Add component (AddParameter): Name = "Voltage Rating (AC)"; Value = ""; VariantName = "[No Variations]"
Add component (AddParameter): Name = "Voltage Rating (DC)"; Value = "30V"; VariantName = "[No Variations]"
Add component (AddParameter): Name = "Weight"; Value = "0.03g"; VariantName = "[No Variations]"
Add component (AddParameter): Name = "Width"; Value = "1.6mm"; VariantName = "[No Variations]"
Added Component: Designator=F1(0805)
Add component (AddParameter): Name = "Case/Package"; Value = "0805"; VariantName = "[No Variations]"
Add component (AddParameter): Name = "Current Rating"; Value = "500mA"; VariantName = "[No Variations]"
Add component (AddParameter): Name = "Max Operating Temperature"; Value = "125°C"; VariantName = "[No Variations]"
Add component (AddParameter): Name = "Min Operating Temperature"; Value = "15°C"; VariantName = "[No Variations]"
Add component (AddParameter): Name = "Mounting Technology"; Value = "Surface Mount,PCB"; VariantName = "[No Variations]"
Add component (AddParameter): Name = "Pins"; Value = "2"; VariantName = "[No Variations]"
Add component (AddParameter): Name = "Ripple Current"; Value = ""; VariantName = "[No Variations]"
Add component (AddParameter): Name = "Ripple Current (AC)"; Value = ""; VariantName = "[No Variations]"
Add component (AddParameter): Name = "RoHS Compliant"; Value = "Yes"; VariantName = "[No Variations]"
Add component (AddParameter): Name = "Tolerance"; Value = ""; VariantName = "[No Variations]"
Add component (AddParameter): Name = "Value"; Value = "0.5A-50V"; VariantName = "[No Variations]"
Add component (AddParameter): Name = "Voltage Rating"; Value = ""; VariantName = "[No Variations]"
Add component (AddParameter): Name = "Voltage Rating (DC)"; Value = ""; VariantName = "[No Variations]"
Added Component: Designator=F3(Fuse_485001)
Add component (AddParameter): Name = ".Creator"; Value = "DO"; VariantName = "[No Variations]"
Add component (AddParameter): Name = ".PCBcheck"; Value = ""; VariantName = "[No Variations]"
Add component (AddParameter): Name = ".SCHcheck"; Value = ""; VariantName = "[No Variations]"
Add component (AddParameter): Name = "Approvals"; Value = "UL,CSA"; VariantName = "[No Variations]"
Add component (AddParameter): Name = "Average Rectified Current"; Value = ""; VariantName = "[No Variations]"
Add component (AddParameter): Name = "Body Material"; Value = "Ceramic"; VariantName = "[No Variations]"
Add component (AddParameter): Name = "Case Code (Imperial)"; Value = ""; VariantName = "[No Variations]"
Add component (AddParameter): Name = "Case Code (Metric)"; Value = ""; VariantName = "[No Variations]"
Add component (AddParameter): Name = "Case/Package"; Value = "SMD/SMT"; VariantName = "[No Variations]"
Add component (AddParameter): Name = "Category"; Value = "Fuses"; VariantName = "[No Variations]"
Add component (AddParameter): Name = "ComponentLink1Description"; Value = "http://www.farnell.com/datasheets/1945989.pdf?src-supplier=Farnell"; VariantName = "[No Variations]"
Add component (AddParameter): Name = "ComponentLink1URL"; Value = "http://www.farnell.com/datasheets/1945989.pdf?src-supplier=Farnell"; VariantName = "[No Variations]"
Add component (AddParameter): Name = "ComponentLink2Description"; Value = "http://www.farnell.com/datasheets/2282568.pdf?src-supplier=Farnell"; VariantName = "[No Variations]"
Add component (AddParameter): Name = "ComponentLink2URL"; Value = "http://www.farnell.com/datasheets/2282568.pdf?src-supplier=Farnell"; VariantName = "[No Variations]"
Add component (AddParameter): Name = "ComponentLink3Description"; Value = "http://www.mouser.com/ds/2/240/Littelfuse485_datasheet_080512-201879.pdf?src-supplier=Mouser"; VariantName = "[No Variations]"
Add component (AddParameter): Name = "ComponentLink3URL"; Value = "http://www.mouser.com/ds/2/240/Littelfuse485_datasheet_080512-201879.pdf?src-supplier=Mouser"; VariantName = "[No Variations]"
Add component (AddParameter): Name = "ComponentLink4Description"; Value = "http://components.arrow.com/part/dataview/56707787S790276N3675?src-supplier=Arrow+Electronics"; VariantName = "[No Variations]"
Add component (AddParameter): Name = "ComponentLink4URL"; Value = "http://components.arrow.com/part/dataview/56707787S790276N3675?src-supplier=Arrow+Electronics"; VariantName = "[No Variations]"
Add component (AddParameter): Name = "ComponentLink5Description"; Value = "http://www.littelfuse.com/~/media/Files/Littelfuse/Technical%20Resources/Documents/Data%20Sheets/Littelfuse_Fuse_485_Datasheet.pdf?src-supplier=Element14"; VariantName = "[No Variations]"
Add component (AddParameter): Name = "ComponentLink5URL"; Value = "http://www.littelfuse.com/~/media/Files/Littelfuse/Technical%20Resources/Documents/Data%20Sheets/Littelfuse_Fuse_485_Datasheet.pdf?src-supplier=Element14"; VariantName = "[No Variations]"
Add component (AddParameter): Name = "ComponentLink6Description"; Value = "http://www.littelfuse.com/~/media/electronics/datasheets/fuses/littelfuse_fuse_485_datasheet.pdf.pdf?src-supplier=Digi-Key"; VariantName = "[No Variations]"
Add component (AddParameter): Name = "ComponentLink6URL"; Value = "http://www.littelfuse.com/~/media/electronics/datasheets/fuses/littelfuse_fuse_485_datasheet.pdf.pdf?src-supplier=Digi-Key"; VariantName = "[No Variations]"
Add component (AddParameter): Name = "Contact Plating"; Value = ""; VariantName = "[No Variations]"
Add component (AddParameter): Name = "Core Material"; Value = ""; VariantName = "[No Variations]"
Add component (AddParameter): Name = "Current"; Value = ""; VariantName = "[No Variations]"
Add component (AddParameter): Name = "Current Rating"; Value = "1A"; VariantName = "[No Variations]"
Add component (AddParameter): Name = "DC Cold Resistance"; Value = "304.4mR"; VariantName = "[No Variations]"
Add component (AddParameter): Name = "DC Current"; Value = ""; VariantName = "[No Variations]"
Add component (AddParameter): Name = "DC Resistance (DCR)"; Value = ""; VariantName = "[No Variations]"
Add component (AddParameter): Name = "Depth"; Value = "4.5mm"; VariantName = "[No Variations]"
Add component (AddParameter): Name = "Design Item ID"; Value = "Fuse_1A_600V"; VariantName = "[No Variations]"
Add component (AddParameter): Name = "Element Configuration"; Value = ""; VariantName = "[No Variations]"
Add component (AddParameter): Name = "Forward Current"; Value = ""; VariantName = "[No Variations]"
Add component (AddParameter): Name = "Forward Voltage"; Value = ""; VariantName = "[No Variations]"
Add component (AddParameter): Name = "Fuse Current"; Value = "1A"; VariantName = "[No Variations]"
Add component (AddParameter): Name = "Fuse Type"; Value = "Board Mount (Cartridge Style Excluded)"; VariantName = "[No Variations]"
Add component (AddParameter): Name = "Height"; Value = "0.177inch"; VariantName = "[No Variations]"
Add component (AddParameter): Name = "Housing Material"; Value = "Ceramic"; VariantName = "[No Variations]"
Add component (AddParameter): Name = "Impedance"; Value = ""; VariantName = "[No Variations]"
Add component (AddParameter): Name = "Inductance"; Value = ""; VariantName = "[No Variations]"
Add component (AddParameter): Name = "Inductance Tolerance"; Value = ""; VariantName = "[No Variations]"
Add component (AddParameter): Name = "Lead Diameter"; Value = ""; VariantName = "[No Variations]"
Add component (AddParameter): Name = "Lead Free"; Value = "Lead Free"; VariantName = "[No Variations]"
Add component (AddParameter): Name = "Lead Pitch"; Value = ""; VariantName = "[No Variations]"
Add component (AddParameter): Name = "Length"; Value = "12.1mm"; VariantName = "[No Variations]"
Add component (AddParameter): Name = "Manufacturer"; Value = ""; VariantName = "[No Variations]"
Add component (AddParameter): Name = "Manufacturer 1"; Value = "Littelfuse"; VariantName = "[No Variations]"
Add component (AddParameter): Name = "Manufacturer Part Number"; Value = ""; VariantName = "[No Variations]"
Add component (AddParameter): Name = "Manufacturer Part Number 1"; Value = "0485001.DR"; VariantName = "[No Variations]"
Add component (AddParameter): Name = "Material"; Value = ""; VariantName = "[No Variations]"
Add component (AddParameter): Name = "Max Current Rating"; Value = ""; VariantName = "[No Variations]"
Add component (AddParameter): Name = "Max DC Current"; Value = ""; VariantName = "[No Variations]"
Add component (AddParameter): Name = "Max Forward Surge Current (Ifsm)"; Value = ""; VariantName = "[No Variations]"
Add component (AddParameter): Name = "Max Operating Temperature"; Value = "125°C"; VariantName = "[No Variations]"
Add component (AddParameter): Name = "Max Repetitive Reverse Voltage (Vrrm)"; Value = ""; VariantName = "[No Variations]"
Add component (AddParameter): Name = "Max Reverse Current"; Value = ""; VariantName = "[No Variations]"
Add component (AddParameter): Name = "Max Reverse Leakage Current"; Value = ""; VariantName = "[No Variations]"
Add component (AddParameter): Name = "Max Reverse Voltage (DC)"; Value = ""; VariantName = "[No Variations]"
Add component (AddParameter): Name = "Max Surge Current"; Value = ""; VariantName = "[No Variations]"
Add component (AddParameter): Name = "Min Operating Temperature"; Value = "-55°C"; VariantName = "[No Variations]"
Add component (AddParameter): Name = "Mount"; Value = "Surface Mount"; VariantName = "[No Variations]"
Add component (AddParameter): Name = "Number of Circuits"; Value = ""; VariantName = "[No Variations]"
Add component (AddParameter): Name = "Number of Lines"; Value = ""; VariantName = "[No Variations]"
Add component (AddParameter): Name = "Number of Pins"; Value = ""; VariantName = "[No Variations]"
Add component (AddParameter): Name = "Output Current"; Value = ""; VariantName = "[No Variations]"
Add component (AddParameter): Name = "Package Quantity"; Value = "1"; VariantName = "[No Variations]"
Add component (AddParameter): Name = "Packaging"; Value = "Tape and Reel"; VariantName = "[No Variations]"
Add component (AddParameter): Name = "Peak Non-Repetitive Surge Current"; Value = ""; VariantName = "[No Variations]"
Add component (AddParameter): Name = "Polarity"; Value = ""; VariantName = "[No Variations]"
Add component (AddParameter): Name = "Pricing 1"; Value = "1=2,82900, 5=2,81400, 10=2,75200, 50=2,59800, 100=2,40300, 250=2,37900, 500=2,30400, 1500=2,24900, 3000=2,11600 (USD)"; VariantName = "[No Variations]"
Add component (AddParameter): Name = "Radiation Hardening"; Value = ""; VariantName = "[No Variations]"
Add component (AddParameter): Name = "REACH SVHC"; Value = "No SVHC"; VariantName = "[No Variations]"
Add component (AddParameter): Name = "Resistance"; Value = "0.264"; VariantName = "[No Variations]"
Add component (AddParameter): Name = "RoHS"; Value = "Yes"; VariantName = "[No Variations]"
Add component (AddParameter): Name = "RoHS Compliant"; Value = "Yes"; VariantName = "[No Variations]"
Add component (AddParameter): Name = "Series"; Value = "485"; VariantName = "[No Variations]"
Add component (AddParameter): Name = "Source"; Value = "Filter components.SchLib"; VariantName = "[No Variations]"
Add component (AddParameter): Name = "Stock 1"; Value = "4123"; VariantName = "[No Variations]"
Add component (AddParameter): Name = "Termination"; Value = "SMD/SMT"; VariantName = "[No Variations]"
Add component (AddParameter): Name = "Test Frequency"; Value = ""; VariantName = "[No Variations]"
Add component (AddParameter): Name = "Tolerance"; Value = ""; VariantName = "[No Variations]"
Add component (AddParameter): Name = "Voltage Rating"; Value = "600V"; VariantName = "[No Variations]"
Add component (AddParameter): Name = "Voltage Rating (AC)"; Value = "250V"; VariantName = "[No Variations]"
Add component (AddParameter): Name = "Voltage Rating (DC)"; Value = "600V"; VariantName = "[No Variations]"
Add component (AddParameter): Name = "Weight"; Value = ""; VariantName = "[No Variations]"
Add component (AddParameter): Name = "Width"; Value = "0.177inch"; VariantName = "[No Variations]"
Added Component: Designator=F4(Fuse_485001)
Add component (AddParameter): Name = ".Creator"; Value = "DO"; VariantName = "[No Variations]"
Add component (AddParameter): Name = ".PCBcheck"; Value = ""; VariantName = "[No Variations]"
Add component (AddParameter): Name = ".SCHcheck"; Value = ""; VariantName = "[No Variations]"
Add component (AddParameter): Name = "Approvals"; Value = "UL,CSA"; VariantName = "[No Variations]"
Add component (AddParameter): Name = "Average Rectified Current"; Value = ""; VariantName = "[No Variations]"
Add component (AddParameter): Name = "Body Material"; Value = "Ceramic"; VariantName = "[No Variations]"
Add component (AddParameter): Name = "Case Code (Imperial)"; Value = ""; VariantName = "[No Variations]"
Add component (AddParameter): Name = "Case Code (Metric)"; Value = ""; VariantName = "[No Variations]"
Add component (AddParameter): Name = "Case/Package"; Value = "SMD/SMT"; VariantName = "[No Variations]"
Add component (AddParameter): Name = "Category"; Value = "Fuses"; VariantName = "[No Variations]"
Add component (AddParameter): Name = "ComponentLink1Description"; Value = "http://www.farnell.com/datasheets/1945989.pdf?src-supplier=Farnell"; VariantName = "[No Variations]"
Add component (AddParameter): Name = "ComponentLink1URL"; Value = "http://www.farnell.com/datasheets/1945989.pdf?src-supplier=Farnell"; VariantName = "[No Variations]"
Add component (AddParameter): Name = "ComponentLink2Description"; Value = "http://www.farnell.com/datasheets/2282568.pdf?src-supplier=Farnell"; VariantName = "[No Variations]"
Add component (AddParameter): Name = "ComponentLink2URL"; Value = "http://www.farnell.com/datasheets/2282568.pdf?src-supplier=Farnell"; VariantName = "[No Variations]"
Add component (AddParameter): Name = "ComponentLink3Description"; Value = "http://www.mouser.com/ds/2/240/Littelfuse485_datasheet_080512-201879.pdf?src-supplier=Mouser"; VariantName = "[No Variations]"
Add component (AddParameter): Name = "ComponentLink3URL"; Value = "http://www.mouser.com/ds/2/240/Littelfuse485_datasheet_080512-201879.pdf?src-supplier=Mouser"; VariantName = "[No Variations]"
Add component (AddParameter): Name = "ComponentLink4Description"; Value = "http://components.arrow.com/part/dataview/56707787S790276N3675?src-supplier=Arrow+Electronics"; VariantName = "[No Variations]"
Add component (AddParameter): Name = "ComponentLink4URL"; Value = "http://components.arrow.com/part/dataview/56707787S790276N3675?src-supplier=Arrow+Electronics"; VariantName = "[No Variations]"
Add component (AddParameter): Name = "ComponentLink5Description"; Value = "http://www.littelfuse.com/~/media/Files/Littelfuse/Technical%20Resources/Documents/Data%20Sheets/Littelfuse_Fuse_485_Datasheet.pdf?src-supplier=Element14"; VariantName = "[No Variations]"
Add component (AddParameter): Name = "ComponentLink5URL"; Value = "http://www.littelfuse.com/~/media/Files/Littelfuse/Technical%20Resources/Documents/Data%20Sheets/Littelfuse_Fuse_485_Datasheet.pdf?src-supplier=Element14"; VariantName = "[No Variations]"
Add component (AddParameter): Name = "ComponentLink6Description"; Value = "http://www.littelfuse.com/~/media/electronics/datasheets/fuses/littelfuse_fuse_485_datasheet.pdf.pdf?src-supplier=Digi-Key"; VariantName = "[No Variations]"
Add component (AddParameter): Name = "ComponentLink6URL"; Value = "http://www.littelfuse.com/~/media/electronics/datasheets/fuses/littelfuse_fuse_485_datasheet.pdf.pdf?src-supplier=Digi-Key"; VariantName = "[No Variations]"
Add component (AddParameter): Name = "Contact Plating"; Value = ""; VariantName = "[No Variations]"
Add component (AddParameter): Name = "Core Material"; Value = ""; VariantName = "[No Variations]"
Add component (AddParameter): Name = "Current"; Value = ""; VariantName = "[No Variations]"
Add component (AddParameter): Name = "Current Rating"; Value = "1A"; VariantName = "[No Variations]"
Add component (AddParameter): Name = "DC Cold Resistance"; Value = "304.4mR"; VariantName = "[No Variations]"
Add component (AddParameter): Name = "DC Current"; Value = ""; VariantName = "[No Variations]"
Add component (AddParameter): Name = "DC Resistance (DCR)"; Value = ""; VariantName = "[No Variations]"
Add component (AddParameter): Name = "Depth"; Value = "4.5mm"; VariantName = "[No Variations]"
Add component (AddParameter): Name = "Design Item ID"; Value = "Fuse_1A_600V"; VariantName = "[No Variations]"
Add component (AddParameter): Name = "Element Configuration"; Value = ""; VariantName = "[No Variations]"
Add component (AddParameter): Name = "Forward Current"; Value = ""; VariantName = "[No Variations]"
Add component (AddParameter): Name = "Forward Voltage"; Value = ""; VariantName = "[No Variations]"
Add component (AddParameter): Name = "Fuse Current"; Value = "1A"; VariantName = "[No Variations]"
Add component (AddParameter): Name = "Fuse Type"; Value = "Board Mount (Cartridge Style Excluded)"; VariantName = "[No Variations]"
Add component (AddParameter): Name = "Height"; Value = "0.177inch"; VariantName = "[No Variations]"
Add component (AddParameter): Name = "Housing Material"; Value = "Ceramic"; VariantName = "[No Variations]"
Add component (AddParameter): Name = "Impedance"; Value = ""; VariantName = "[No Variations]"
Add component (AddParameter): Name = "Inductance"; Value = ""; VariantName = "[No Variations]"
Add component (AddParameter): Name = "Inductance Tolerance"; Value = ""; VariantName = "[No Variations]"
Add component (AddParameter): Name = "Lead Diameter"; Value = ""; VariantName = "[No Variations]"
Add component (AddParameter): Name = "Lead Free"; Value = "Lead Free"; VariantName = "[No Variations]"
Add component (AddParameter): Name = "Lead Pitch"; Value = ""; VariantName = "[No Variations]"
Add component (AddParameter): Name = "Length"; Value = "12.1mm"; VariantName = "[No Variations]"
Add component (AddParameter): Name = "Manufacturer"; Value = ""; VariantName = "[No Variations]"
Add component (AddParameter): Name = "Manufacturer 1"; Value = "Littelfuse"; VariantName = "[No Variations]"
Add component (AddParameter): Name = "Manufacturer Part Number"; Value = ""; VariantName = "[No Variations]"
Add component (AddParameter): Name = "Manufacturer Part Number 1"; Value = "0485001.DR"; VariantName = "[No Variations]"
Add component (AddParameter): Name = "Material"; Value = ""; VariantName = "[No Variations]"
Add component (AddParameter): Name = "Max Current Rating"; Value = ""; VariantName = "[No Variations]"
Add component (AddParameter): Name = "Max DC Current"; Value = ""; VariantName = "[No Variations]"
Add component (AddParameter): Name = "Max Forward Surge Current (Ifsm)"; Value = ""; VariantName = "[No Variations]"
Add component (AddParameter): Name = "Max Operating Temperature"; Value = "125°C"; VariantName = "[No Variations]"
Add component (AddParameter): Name = "Max Repetitive Reverse Voltage (Vrrm)"; Value = ""; VariantName = "[No Variations]"
Add component (AddParameter): Name = "Max Reverse Current"; Value = ""; VariantName = "[No Variations]"
Add component (AddParameter): Name = "Max Reverse Leakage Current"; Value = ""; VariantName = "[No Variations]"
Add component (AddParameter): Name = "Max Reverse Voltage (DC)"; Value = ""; VariantName = "[No Variations]"
Add component (AddParameter): Name = "Max Surge Current"; Value = ""; VariantName = "[No Variations]"
Add component (AddParameter): Name = "Min Operating Temperature"; Value = "-55°C"; VariantName = "[No Variations]"
Add component (AddParameter): Name = "Mount"; Value = "Surface Mount"; VariantName = "[No Variations]"
Add component (AddParameter): Name = "Number of Circuits"; Value = ""; VariantName = "[No Variations]"
Add component (AddParameter): Name = "Number of Lines"; Value = ""; VariantName = "[No Variations]"
Add component (AddParameter): Name = "Number of Pins"; Value = ""; VariantName = "[No Variations]"
Add component (AddParameter): Name = "Output Current"; Value = ""; VariantName = "[No Variations]"
Add component (AddParameter): Name = "Package Quantity"; Value = "1"; VariantName = "[No Variations]"
Add component (AddParameter): Name = "Packaging"; Value = "Tape and Reel"; VariantName = "[No Variations]"
Add component (AddParameter): Name = "Peak Non-Repetitive Surge Current"; Value = ""; VariantName = "[No Variations]"
Add component (AddParameter): Name = "Polarity"; Value = ""; VariantName = "[No Variations]"
Add component (AddParameter): Name = "Pricing 1"; Value = "1=2,82900, 5=2,81400, 10=2,75200, 50=2,59800, 100=2,40300, 250=2,37900, 500=2,30400, 1500=2,24900, 3000=2,11600 (USD)"; VariantName = "[No Variations]"
Add component (AddParameter): Name = "Radiation Hardening"; Value = ""; VariantName = "[No Variations]"
Add component (AddParameter): Name = "REACH SVHC"; Value = "No SVHC"; VariantName = "[No Variations]"
Add component (AddParameter): Name = "Resistance"; Value = "0.264"; VariantName = "[No Variations]"
Add component (AddParameter): Name = "RoHS"; Value = "Yes"; VariantName = "[No Variations]"
Add component (AddParameter): Name = "RoHS Compliant"; Value = "Yes"; VariantName = "[No Variations]"
Add component (AddParameter): Name = "Series"; Value = "485"; VariantName = "[No Variations]"
Add component (AddParameter): Name = "Source"; Value = "Filter components.SchLib"; VariantName = "[No Variations]"
Add component (AddParameter): Name = "Stock 1"; Value = "4123"; VariantName = "[No Variations]"
Add component (AddParameter): Name = "Termination"; Value = "SMD/SMT"; VariantName = "[No Variations]"
Add component (AddParameter): Name = "Test Frequency"; Value = ""; VariantName = "[No Variations]"
Add component (AddParameter): Name = "Tolerance"; Value = ""; VariantName = "[No Variations]"
Add component (AddParameter): Name = "Voltage Rating"; Value = "600V"; VariantName = "[No Variations]"
Add component (AddParameter): Name = "Voltage Rating (AC)"; Value = "250V"; VariantName = "[No Variations]"
Add component (AddParameter): Name = "Voltage Rating (DC)"; Value = "600V"; VariantName = "[No Variations]"
Add component (AddParameter): Name = "Weight"; Value = ""; VariantName = "[No Variations]"
Add component (AddParameter): Name = "Width"; Value = "0.177inch"; VariantName = "[No Variations]"
Added Component: Designator=J1(J_NanoFit_2x8_V)
Add component (AddParameter): Name = ".Creator"; Value = "AC"; VariantName = "[No Variations]"
Add component (AddParameter): Name = ".PCBcheck"; Value = ""; VariantName = "[No Variations]"
Add component (AddParameter): Name = ".SCHcheck"; Value = ""; VariantName = "[No Variations]"
Add component (AddParameter): Name = "Application"; Value = ""; VariantName = "[No Variations]"
Add component (AddParameter): Name = "Approvals"; Value = ""; VariantName = "[No Variations]"
Add component (AddParameter): Name = "Case/Package"; Value = ""; VariantName = "[No Variations]"
Add component (AddParameter): Name = "Category"; Value = "Headers and Wire Housings"; VariantName = "[No Variations]"
Add component (AddParameter): Name = "Category type"; Value = ""; VariantName = "[No Variations]"
Add component (AddParameter): Name = "Coil Current"; Value = ""; VariantName = "[No Variations]"
Add component (AddParameter): Name = "Coil Resistance"; Value = ""; VariantName = "[No Variations]"
Add component (AddParameter): Name = "Coil Type"; Value = ""; VariantName = "[No Variations]"
Add component (AddParameter): Name = "Coil Voltage (DC)"; Value = ""; VariantName = "[No Variations]"
Add component (AddParameter): Name = "Color"; Value = ""; VariantName = "[No Variations]"
Add component (AddParameter): Name = "ComponentLink1Description"; Value = "https://www.molex.com/pdm_docs/sd/1053101210_sd.pdf?src-supplier=Digi-Key"; VariantName = "[No Variations]"
Add component (AddParameter): Name = "ComponentLink1URL"; Value = "https://www.molex.com/pdm_docs/sd/1053101210_sd.pdf?src-supplier=Digi-Key"; VariantName = "[No Variations]"
Add component (AddParameter): Name = "ComponentLink2Description"; Value = "Molex"; VariantName = "[No Variations]"
Add component (AddParameter): Name = "ComponentLink2URL"; Value = "https://www.molex.com/molex/products/part-detail/pcb_headers/1053101116"; VariantName = "[No Variations]"
Add component (AddParameter): Name = "Connections"; Value = ""; VariantName = "[No Variations]"
Add component (AddParameter): Name = "Connector Type"; Value = "Header,Male Pin"; VariantName = "[No Variations]"
Add component (AddParameter): Name = "Contact Current Rating"; Value = ""; VariantName = "[No Variations]"
Add component (AddParameter): Name = "Contact Gender"; Value = ""; VariantName = "[No Variations]"
Add component (AddParameter): Name = "Contact Material"; Value = "Brass"; VariantName = "[No Variations]"
Add component (AddParameter): Name = "Contact Mating Length"; Value = ""; VariantName = "[No Variations]"
Add component (AddParameter): Name = "Contact Plating"; Value = "Tin"; VariantName = "[No Variations]"
Add component (AddParameter): Name = "Contact Resistance"; Value = ""; VariantName = "[No Variations]"
Add component (AddParameter): Name = "Contact Shape"; Value = "Square"; VariantName = "[No Variations]"
Add component (AddParameter): Name = "Current Rating"; Value = ""; VariantName = "[No Variations]"
Add component (AddParameter): Name = "Depth"; Value = ""; VariantName = "[No Variations]"
Add component (AddParameter): Name = "Design Item ID"; Value = "J_NanoFit_2x8_V"; VariantName = "[No Variations]"
Add component (AddParameter): Name = "Diameter"; Value = ""; VariantName = "[No Variations]"
Add component (AddParameter): Name = "Fastening Type"; Value = "Latch"; VariantName = "[No Variations]"
Add component (AddParameter): Name = "Features"; Value = ""; VariantName = "[No Variations]"
Add component (AddParameter): Name = "Flammability"; Value = ""; VariantName = "[No Variations]"
Add component (AddParameter): Name = "Flammability Rating"; Value = ""; VariantName = "[No Variations]"
Add component (AddParameter): Name = "Gender"; Value = ""; VariantName = "[No Variations]"
Add component (AddParameter): Name = "Glow Wire Compliant"; Value = ""; VariantName = "[No Variations]"
Add component (AddParameter): Name = "Halogen Free"; Value = ""; VariantName = "[No Variations]"
Add component (AddParameter): Name = "Height"; Value = ""; VariantName = "[No Variations]"
Add component (AddParameter): Name = "Housing Color"; Value = ""; VariantName = "[No Variations]"
Add component (AddParameter): Name = "Housing Material"; Value = ""; VariantName = "[No Variations]"
Add component (AddParameter): Name = "Insulation Color"; Value = "Black"; VariantName = "[No Variations]"
Add component (AddParameter): Name = "Insulation Material"; Value = "Polymer"; VariantName = "[No Variations]"
Add component (AddParameter): Name = "Insulation Resistance"; Value = ""; VariantName = "[No Variations]"
Add component (AddParameter): Name = "Lead Free"; Value = ""; VariantName = "[No Variations]"
Add component (AddParameter): Name = "Length"; Value = ""; VariantName = "[No Variations]"
Add component (AddParameter): Name = "Life (Hours)"; Value = ""; VariantName = "[No Variations]"
Add component (AddParameter): Name = "Manufacturer"; Value = ""; VariantName = "[No Variations]"
Add component (AddParameter): Name = "Manufacturer 1"; Value = "Molex"; VariantName = "[No Variations]"
Add component (AddParameter): Name = "Manufacturer 2"; Value = ""; VariantName = "[No Variations]"
Add component (AddParameter): Name = "Manufacturer part number"; Value = ""; VariantName = "[No Variations]"
Add component (AddParameter): Name = "Manufacturer Part Number 1"; Value = "105310-1116"; VariantName = "[No Variations]"
Add component (AddParameter): Name = "Manufacturer Part Number 2"; Value = ""; VariantName = "[No Variations]"
Add component (AddParameter): Name = "Material"; Value = ""; VariantName = "[No Variations]"
Add component (AddParameter): Name = "Max Current Rating"; Value = ""; VariantName = "[No Variations]"
Add component (AddParameter): Name = "Max Operating Temperature"; Value = "105°C"; VariantName = "[No Variations]"
Add component (AddParameter): Name = "Max Voltage Rating (DC)"; Value = ""; VariantName = "[No Variations]"
Add component (AddParameter): Name = "Maximum current"; Value = ""; VariantName = "[No Variations]"
Add component (AddParameter): Name = "Maximum voltage"; Value = ""; VariantName = "[No Variations]"
Add component (AddParameter): Name = "Min Operating Temperature"; Value = "-40°C"; VariantName = "[No Variations]"
Add component (AddParameter): Name = "Mount"; Value = "Through Hole"; VariantName = "[No Variations]"
Add component (AddParameter): Name = "Mounting Technology"; Value = ""; VariantName = "[No Variations]"
Add component (AddParameter): Name = "Number of Circuits"; Value = ""; VariantName = "[No Variations]"
Add component (AddParameter): Name = "Number of Contacts"; Value = ""; VariantName = "[No Variations]"
Add component (AddParameter): Name = "Number of Poles"; Value = ""; VariantName = "[No Variations]"
Add component (AddParameter): Name = "Number of Positions"; Value = "16"; VariantName = "[No Variations]"
Add component (AddParameter): Name = "Number of Rows"; Value = "2"; VariantName = "[No Variations]"
Add component (AddParameter): Name = "Operate Time"; Value = ""; VariantName = "[No Variations]"
Add component (AddParameter): Name = "Orientation"; Value = ""; VariantName = "[No Variations]"
Add component (AddParameter): Name = "Package Quantity"; Value = ""; VariantName = "[No Variations]"
Add component (AddParameter): Name = "Packaging"; Value = "Tray"; VariantName = "[No Variations]"
Add component (AddParameter): Name = "Pins"; Value = ""; VariantName = "[No Variations]"
Add component (AddParameter): Name = "Pitch"; Value = ""; VariantName = "[No Variations]"
Add component (AddParameter): Name = "Pricing 1"; Value = "1=3,21000, 10=2,82400, 84=2,24619, 1008=1,86110, 4956=1,66858 (USD)"; VariantName = "[No Variations]"
Add component (AddParameter): Name = "Pricing 2"; Value = ""; VariantName = "[No Variations]"
Add component (AddParameter): Name = "Pricing 3"; Value = ""; VariantName = "[No Variations]"
Add component (AddParameter): Name = "Product name"; Value = ""; VariantName = "[No Variations]"
Add component (AddParameter): Name = "Radiation Hardening"; Value = ""; VariantName = "[No Variations]"
Add component (AddParameter): Name = "REACH SVHC"; Value = ""; VariantName = "[No Variations]"
Add component (AddParameter): Name = "Relay Type"; Value = ""; VariantName = "[No Variations]"
Add component (AddParameter): Name = "Release Time"; Value = ""; VariantName = "[No Variations]"
Add component (AddParameter): Name = "RoHS"; Value = "No"; VariantName = "[No Variations]"
Add component (AddParameter): Name = "RoHS Compliant"; Value = ""; VariantName = "[No Variations]"
Add component (AddParameter): Name = "Row Spacing"; Value = ""; VariantName = "[No Variations]"
Add component (AddParameter): Name = "Series"; Value = ""; VariantName = "[No Variations]"
Add component (AddParameter): Name = "Source"; Value = "Electromechanical.SchLib"; VariantName = "[No Variations]"
Add component (AddParameter): Name = "Stock 1"; Value = "84"; VariantName = "[No Variations]"
Add component (AddParameter): Name = "Stock 2"; Value = ""; VariantName = "[No Variations]"
Add component (AddParameter): Name = "Stock 3"; Value = ""; VariantName = "[No Variations]"
Add component (AddParameter): Name = "Temperature rating"; Value = ""; VariantName = "[No Variations]"
Add component (AddParameter): Name = "Termination"; Value = "Kinked Pin"; VariantName = "[No Variations]"
Add component (AddParameter): Name = "Throw Configuration"; Value = ""; VariantName = "[No Variations]"
Add component (AddParameter): Name = "USB Standard"; Value = ""; VariantName = "[No Variations]"
Add component (AddParameter): Name = "Voltage Rating"; Value = ""; VariantName = "[No Variations]"
Add component (AddParameter): Name = "Voltage Rating (DC)"; Value = ""; VariantName = "[No Variations]"
Added Component: Designator=J2(FP-105309-1102-MFG)
Add component (AddParameter): Name = "Case/Package"; Value = ""; VariantName = "[No Variations]"
Add component (AddParameter): Name = "Connector Type"; Value = ""; VariantName = "[No Variations]"
Add component (AddParameter): Name = "Gender"; Value = ""; VariantName = "[No Variations]"
Add component (AddParameter): Name = "Max Current Rating"; Value = ""; VariantName = "[No Variations]"
Add component (AddParameter): Name = "Max Operating Temperature"; Value = ""; VariantName = "[No Variations]"
Add component (AddParameter): Name = "Min Operating Temperature"; Value = ""; VariantName = "[No Variations]"
Add component (AddParameter): Name = "Mounting Technology"; Value = ""; VariantName = "[No Variations]"
Add component (AddParameter): Name = "Pins"; Value = ""; VariantName = "[No Variations]"
Add component (AddParameter): Name = "RoHS Compliant"; Value = ""; VariantName = "[No Variations]"
Add component (AddParameter): Name = "Voltage Rating"; Value = ""; VariantName = "[No Variations]"
Added Component: Designator=J3(FP-105309-1102-MFG)
Add component (AddParameter): Name = "Case/Package"; Value = ""; VariantName = "[No Variations]"
Add component (AddParameter): Name = "Connector Type"; Value = ""; VariantName = "[No Variations]"
Add component (AddParameter): Name = "Gender"; Value = ""; VariantName = "[No Variations]"
Add component (AddParameter): Name = "Max Current Rating"; Value = ""; VariantName = "[No Variations]"
Add component (AddParameter): Name = "Max Operating Temperature"; Value = ""; VariantName = "[No Variations]"
Add component (AddParameter): Name = "Min Operating Temperature"; Value = ""; VariantName = "[No Variations]"
Add component (AddParameter): Name = "Mounting Technology"; Value = ""; VariantName = "[No Variations]"
Add component (AddParameter): Name = "Pins"; Value = ""; VariantName = "[No Variations]"
Add component (AddParameter): Name = "RoHS Compliant"; Value = ""; VariantName = "[No Variations]"
Add component (AddParameter): Name = "Voltage Rating"; Value = ""; VariantName = "[No Variations]"
Added Component: Designator=J4(FP-105309-1102-MFG)
Add component (AddParameter): Name = "Case/Package"; Value = ""; VariantName = "[No Variations]"
Add component (AddParameter): Name = "Connector Type"; Value = ""; VariantName = "[No Variations]"
Add component (AddParameter): Name = "Gender"; Value = ""; VariantName = "[No Variations]"
Add component (AddParameter): Name = "Max Current Rating"; Value = ""; VariantName = "[No Variations]"
Add component (AddParameter): Name = "Max Operating Temperature"; Value = ""; VariantName = "[No Variations]"
Add component (AddParameter): Name = "Min Operating Temperature"; Value = ""; VariantName = "[No Variations]"
Add component (AddParameter): Name = "Mounting Technology"; Value = ""; VariantName = "[No Variations]"
Add component (AddParameter): Name = "Pins"; Value = ""; VariantName = "[No Variations]"
Add component (AddParameter): Name = "RoHS Compliant"; Value = ""; VariantName = "[No Variations]"
Add component (AddParameter): Name = "Voltage Rating"; Value = ""; VariantName = "[No Variations]"
Added Component: Designator=J701(61300311121)
Add component (AddParameter): Name = "Case/Package"; Value = ""; VariantName = "[No Variations]"
Add component (AddParameter): Name = "Connector Type"; Value = "BOARD CONNECTOR"; VariantName = "[No Variations]"
Add component (AddParameter): Name = "Gender"; Value = ""; VariantName = "[No Variations]"
Add component (AddParameter): Name = "Max Current Rating"; Value = ""; VariantName = "[No Variations]"
Add component (AddParameter): Name = "Max Operating Temperature"; Value = "125°C"; VariantName = "[No Variations]"
Add component (AddParameter): Name = "Min Operating Temperature"; Value = "-40°C"; VariantName = "[No Variations]"
Add component (AddParameter): Name = "Mounting Technology"; Value = "Board"; VariantName = "[No Variations]"
Add component (AddParameter): Name = "Pins"; Value = ""; VariantName = "[No Variations]"
Add component (AddParameter): Name = "RoHS Compliant"; Value = "Yes"; VariantName = "[No Variations]"
Add component (AddParameter): Name = "Voltage Rating"; Value = ""; VariantName = "[No Variations]"
Added Component: Designator=L1(WE-PD2_4532)
Add component (AddParameter): Name = "Case/Package"; Value = ""; VariantName = "[No Variations]"
Add component (AddParameter): Name = "Current Rating"; Value = ""; VariantName = "[No Variations]"
Add component (AddParameter): Name = "Max Current Rating"; Value = "4A"; VariantName = "[No Variations]"
Add component (AddParameter): Name = "Max Operating Temperature"; Value = "125°C"; VariantName = "[No Variations]"
Add component (AddParameter): Name = "Min Operating Temperature"; Value = "-40°C"; VariantName = "[No Variations]"
Add component (AddParameter): Name = "Mounting Technology"; Value = ""; VariantName = "[No Variations]"
Add component (AddParameter): Name = "Pins"; Value = "2"; VariantName = "[No Variations]"
Add component (AddParameter): Name = "RoHS Compliant"; Value = "Yes"; VariantName = "[No Variations]"
Add component (AddParameter): Name = "Self Resonant Frequency"; Value = "110MHz"; VariantName = "[No Variations]"
Add component (AddParameter): Name = "Tolerance"; Value = "20%"; VariantName = "[No Variations]"
Add component (AddParameter): Name = "Value"; Value = "1uH"; VariantName = "[No Variations]"
Added Component: Designator=MH1(Mounting_Hole_M3)
Add component (AddParameter): Name = ".Creator"; Value = ""; VariantName = "[No Variations]"
Add component (AddParameter): Name = ".PCBcheck"; Value = ""; VariantName = "[No Variations]"
Add component (AddParameter): Name = ".SCHcheck"; Value = ""; VariantName = "[No Variations]"
Add component (AddParameter): Name = "Application(s)"; Value = ""; VariantName = "[No Variations]"
Add component (AddParameter): Name = "Approvals"; Value = ""; VariantName = "[No Variations]"
Add component (AddParameter): Name = "Case/Package"; Value = ""; VariantName = "[No Variations]"
Add component (AddParameter): Name = "Category"; Value = ""; VariantName = "[No Variations]"
Add component (AddParameter): Name = "Closed End"; Value = ""; VariantName = "[No Variations]"
Add component (AddParameter): Name = "Coil Current"; Value = ""; VariantName = "[No Variations]"
Add component (AddParameter): Name = "Coil Power"; Value = ""; VariantName = "[No Variations]"
Add component (AddParameter): Name = "Coil Resistance"; Value = ""; VariantName = "[No Variations]"
Add component (AddParameter): Name = "Coil Type"; Value = ""; VariantName = "[No Variations]"
Add component (AddParameter): Name = "Coil Voltage (DC)"; Value = ""; VariantName = "[No Variations]"
Add component (AddParameter): Name = "Color"; Value = ""; VariantName = "[No Variations]"
Add component (AddParameter): Name = "Connector Type"; Value = ""; VariantName = "[No Variations]"
Add component (AddParameter): Name = "Contact Current Rating"; Value = ""; VariantName = "[No Variations]"
Add component (AddParameter): Name = "Contact Material"; Value = ""; VariantName = "[No Variations]"
Add component (AddParameter): Name = "Contact Plating"; Value = ""; VariantName = "[No Variations]"
Add component (AddParameter): Name = "Current"; Value = ""; VariantName = "[No Variations]"
Add component (AddParameter): Name = "Current Rating"; Value = ""; VariantName = "[No Variations]"
Add component (AddParameter): Name = "Depth"; Value = ""; VariantName = "[No Variations]"
Add component (AddParameter): Name = "Design Item ID"; Value = "Mounting_Hole_M3"; VariantName = "[No Variations]"
Add component (AddParameter): Name = "ELV"; Value = ""; VariantName = "[No Variations]"
Add component (AddParameter): Name = "Flammability Rating"; Value = ""; VariantName = "[No Variations]"
Add component (AddParameter): Name = "Housing Color"; Value = ""; VariantName = "[No Variations]"
Add component (AddParameter): Name = "Housing Material"; Value = ""; VariantName = "[No Variations]"
Add component (AddParameter): Name = "Insulation Material"; Value = ""; VariantName = "[No Variations]"
Add component (AddParameter): Name = "Interlock"; Value = ""; VariantName = "[No Variations]"
Add component (AddParameter): Name = "Lead Free"; Value = ""; VariantName = "[No Variations]"
Add component (AddParameter): Name = "Length"; Value = ""; VariantName = "[No Variations]"
Add component (AddParameter): Name = "Manufacturer"; Value = ""; VariantName = "[No Variations]"
Add component (AddParameter): Name = "Manufacturer 1"; Value = ""; VariantName = "[No Variations]"
Add component (AddParameter): Name = "Manufacturer Part Number"; Value = ""; VariantName = "[No Variations]"
Add component (AddParameter): Name = "Manufacturer Part Number 1"; Value = ""; VariantName = "[No Variations]"
Add component (AddParameter): Name = "Max Current Rating"; Value = ""; VariantName = "[No Variations]"
Add component (AddParameter): Name = "Max Operating Temperature"; Value = ""; VariantName = "[No Variations]"
Add component (AddParameter): Name = "Max Supply Voltage (AC)"; Value = ""; VariantName = "[No Variations]"
Add component (AddParameter): Name = "Max Voltage Rating (AC)"; Value = ""; VariantName = "[No Variations]"
Add component (AddParameter): Name = "Max Voltage Rating (DC)"; Value = ""; VariantName = "[No Variations]"
Add component (AddParameter): Name = "Min Operating Temperature"; Value = ""; VariantName = "[No Variations]"
Add component (AddParameter): Name = "Mount"; Value = ""; VariantName = "[No Variations]"
Add component (AddParameter): Name = "Number of Circuits"; Value = ""; VariantName = "[No Variations]"
Add component (AddParameter): Name = "Number of Contacts"; Value = ""; VariantName = "[No Variations]"
Add component (AddParameter): Name = "Number of Levels"; Value = ""; VariantName = "[No Variations]"
Add component (AddParameter): Name = "Number of Pins"; Value = ""; VariantName = "[No Variations]"
Add component (AddParameter): Name = "Number of Poles"; Value = ""; VariantName = "[No Variations]"
Add component (AddParameter): Name = "Number of Positions"; Value = ""; VariantName = "[No Variations]"
Add component (AddParameter): Name = "Number of Positions Per Level"; Value = ""; VariantName = "[No Variations]"
Add component (AddParameter): Name = "Number of Rows"; Value = ""; VariantName = "[No Variations]"
Add component (AddParameter): Name = "Operate Time"; Value = ""; VariantName = "[No Variations]"
Add component (AddParameter): Name = "Orientation"; Value = ""; VariantName = "[No Variations]"
Add component (AddParameter): Name = "Package Quantity"; Value = ""; VariantName = "[No Variations]"
Add component (AddParameter): Name = "Packaging"; Value = ""; VariantName = "[No Variations]"
Add component (AddParameter): Name = "Pitch"; Value = ""; VariantName = "[No Variations]"
Add component (AddParameter): Name = "Plating"; Value = ""; VariantName = "[No Variations]"
Add component (AddParameter): Name = "Power Consumption"; Value = ""; VariantName = "[No Variations]"
Add component (AddParameter): Name = "Pricing 1"; Value = ""; VariantName = "[No Variations]"
Add component (AddParameter): Name = "Radiation Hardening"; Value = ""; VariantName = "[No Variations]"
Add component (AddParameter): Name = "REACH SVHC"; Value = ""; VariantName = "[No Variations]"
Add component (AddParameter): Name = "Relay Type"; Value = ""; VariantName = "[No Variations]"
Add component (AddParameter): Name = "Release Time"; Value = ""; VariantName = "[No Variations]"
Add component (AddParameter): Name = "RMS Current (Irms)"; Value = ""; VariantName = "[No Variations]"
Add component (AddParameter): Name = "RoHS"; Value = ""; VariantName = "[No Variations]"
Add component (AddParameter): Name = "RoHS Compliant"; Value = ""; VariantName = "[No Variations]"
Add component (AddParameter): Name = "Screw Flange"; Value = ""; VariantName = "[No Variations]"
Add component (AddParameter): Name = "Screwless Terminal Block"; Value = ""; VariantName = "[No Variations]"
Add component (AddParameter): Name = "Series"; Value = ""; VariantName = "[No Variations]"
Add component (AddParameter): Name = "Side Stackable"; Value = ""; VariantName = "[No Variations]"
Add component (AddParameter): Name = "Source"; Value = "Electromechanical.SchLib"; VariantName = "[No Variations]"
Add component (AddParameter): Name = "Stock 1"; Value = ""; VariantName = "[No Variations]"
Add component (AddParameter): Name = "Tail Length"; Value = ""; VariantName = "[No Variations]"
Add component (AddParameter): Name = "Termination"; Value = ""; VariantName = "[No Variations]"
Add component (AddParameter): Name = "Thread Size"; Value = ""; VariantName = "[No Variations]"
Add component (AddParameter): Name = "Throw Configuration"; Value = ""; VariantName = "[No Variations]"
Add component (AddParameter): Name = "Voltage"; Value = ""; VariantName = "[No Variations]"
Add component (AddParameter): Name = "Voltage Rating"; Value = ""; VariantName = "[No Variations]"
Add component (AddParameter): Name = "Voltage Rating (AC)"; Value = ""; VariantName = "[No Variations]"
Add component (AddParameter): Name = "Voltage Rating (DC)"; Value = ""; VariantName = "[No Variations]"
Add component (AddParameter): Name = "Width"; Value = ""; VariantName = "[No Variations]"
Add component (AddParameter): Name = "Wire Gauge (Max)"; Value = ""; VariantName = "[No Variations]"
Add component (AddParameter): Name = "Wire Gauge (Min)"; Value = ""; VariantName = "[No Variations]"
Add component (AddParameter): Name = "Wire/Cable Gauge"; Value = ""; VariantName = "[No Variations]"
Add component (AddParameter): Name = "Working Voltage"; Value = ""; VariantName = "[No Variations]"
Added Component: Designator=MH2(Mounting_Hole_M3)
Add component (AddParameter): Name = ".Creator"; Value = ""; VariantName = "[No Variations]"
Add component (AddParameter): Name = ".PCBcheck"; Value = ""; VariantName = "[No Variations]"
Add component (AddParameter): Name = ".SCHcheck"; Value = ""; VariantName = "[No Variations]"
Add component (AddParameter): Name = "Application(s)"; Value = ""; VariantName = "[No Variations]"
Add component (AddParameter): Name = "Approvals"; Value = ""; VariantName = "[No Variations]"
Add component (AddParameter): Name = "Case/Package"; Value = ""; VariantName = "[No Variations]"
Add component (AddParameter): Name = "Category"; Value = ""; VariantName = "[No Variations]"
Add component (AddParameter): Name = "Closed End"; Value = ""; VariantName = "[No Variations]"
Add component (AddParameter): Name = "Coil Current"; Value = ""; VariantName = "[No Variations]"
Add component (AddParameter): Name = "Coil Power"; Value = ""; VariantName = "[No Variations]"
Add component (AddParameter): Name = "Coil Resistance"; Value = ""; VariantName = "[No Variations]"
Add component (AddParameter): Name = "Coil Type"; Value = ""; VariantName = "[No Variations]"
Add component (AddParameter): Name = "Coil Voltage (DC)"; Value = ""; VariantName = "[No Variations]"
Add component (AddParameter): Name = "Color"; Value = ""; VariantName = "[No Variations]"
Add component (AddParameter): Name = "Connector Type"; Value = ""; VariantName = "[No Variations]"
Add component (AddParameter): Name = "Contact Current Rating"; Value = ""; VariantName = "[No Variations]"
Add component (AddParameter): Name = "Contact Material"; Value = ""; VariantName = "[No Variations]"
Add component (AddParameter): Name = "Contact Plating"; Value = ""; VariantName = "[No Variations]"
Add component (AddParameter): Name = "Current"; Value = ""; VariantName = "[No Variations]"
Add component (AddParameter): Name = "Current Rating"; Value = ""; VariantName = "[No Variations]"
Add component (AddParameter): Name = "Depth"; Value = ""; VariantName = "[No Variations]"
Add component (AddParameter): Name = "Design Item ID"; Value = "Mounting_Hole_M3"; VariantName = "[No Variations]"
Add component (AddParameter): Name = "ELV"; Value = ""; VariantName = "[No Variations]"
Add component (AddParameter): Name = "Flammability Rating"; Value = ""; VariantName = "[No Variations]"
Add component (AddParameter): Name = "Housing Color"; Value = ""; VariantName = "[No Variations]"
Add component (AddParameter): Name = "Housing Material"; Value = ""; VariantName = "[No Variations]"
Add component (AddParameter): Name = "Insulation Material"; Value = ""; VariantName = "[No Variations]"
Add component (AddParameter): Name = "Interlock"; Value = ""; VariantName = "[No Variations]"
Add component (AddParameter): Name = "Lead Free"; Value = ""; VariantName = "[No Variations]"
Add component (AddParameter): Name = "Length"; Value = ""; VariantName = "[No Variations]"
Add component (AddParameter): Name = "Manufacturer"; Value = ""; VariantName = "[No Variations]"
Add component (AddParameter): Name = "Manufacturer 1"; Value = ""; VariantName = "[No Variations]"
Add component (AddParameter): Name = "Manufacturer Part Number"; Value = ""; VariantName = "[No Variations]"
Add component (AddParameter): Name = "Manufacturer Part Number 1"; Value = ""; VariantName = "[No Variations]"
Add component (AddParameter): Name = "Max Current Rating"; Value = ""; VariantName = "[No Variations]"
Add component (AddParameter): Name = "Max Operating Temperature"; Value = ""; VariantName = "[No Variations]"
Add component (AddParameter): Name = "Max Supply Voltage (AC)"; Value = ""; VariantName = "[No Variations]"
Add component (AddParameter): Name = "Max Voltage Rating (AC)"; Value = ""; VariantName = "[No Variations]"
Add component (AddParameter): Name = "Max Voltage Rating (DC)"; Value = ""; VariantName = "[No Variations]"
Add component (AddParameter): Name = "Min Operating Temperature"; Value = ""; VariantName = "[No Variations]"
Add component (AddParameter): Name = "Mount"; Value = ""; VariantName = "[No Variations]"
Add component (AddParameter): Name = "Number of Circuits"; Value = ""; VariantName = "[No Variations]"
Add component (AddParameter): Name = "Number of Contacts"; Value = ""; VariantName = "[No Variations]"
Add component (AddParameter): Name = "Number of Levels"; Value = ""; VariantName = "[No Variations]"
Add component (AddParameter): Name = "Number of Pins"; Value = ""; VariantName = "[No Variations]"
Add component (AddParameter): Name = "Number of Poles"; Value = ""; VariantName = "[No Variations]"
Add component (AddParameter): Name = "Number of Positions"; Value = ""; VariantName = "[No Variations]"
Add component (AddParameter): Name = "Number of Positions Per Level"; Value = ""; VariantName = "[No Variations]"
Add component (AddParameter): Name = "Number of Rows"; Value = ""; VariantName = "[No Variations]"
Add component (AddParameter): Name = "Operate Time"; Value = ""; VariantName = "[No Variations]"
Add component (AddParameter): Name = "Orientation"; Value = ""; VariantName = "[No Variations]"
Add component (AddParameter): Name = "Package Quantity"; Value = ""; VariantName = "[No Variations]"
Add component (AddParameter): Name = "Packaging"; Value = ""; VariantName = "[No Variations]"
Add component (AddParameter): Name = "Pitch"; Value = ""; VariantName = "[No Variations]"
Add component (AddParameter): Name = "Plating"; Value = ""; VariantName = "[No Variations]"
Add component (AddParameter): Name = "Power Consumption"; Value = ""; VariantName = "[No Variations]"
Add component (AddParameter): Name = "Pricing 1"; Value = ""; VariantName = "[No Variations]"
Add component (AddParameter): Name = "Radiation Hardening"; Value = ""; VariantName = "[No Variations]"
Add component (AddParameter): Name = "REACH SVHC"; Value = ""; VariantName = "[No Variations]"
Add component (AddParameter): Name = "Relay Type"; Value = ""; VariantName = "[No Variations]"
Add component (AddParameter): Name = "Release Time"; Value = ""; VariantName = "[No Variations]"
Add component (AddParameter): Name = "RMS Current (Irms)"; Value = ""; VariantName = "[No Variations]"
Add component (AddParameter): Name = "RoHS"; Value = ""; VariantName = "[No Variations]"
Add component (AddParameter): Name = "RoHS Compliant"; Value = ""; VariantName = "[No Variations]"
Add component (AddParameter): Name = "Screw Flange"; Value = ""; VariantName = "[No Variations]"
Add component (AddParameter): Name = "Screwless Terminal Block"; Value = ""; VariantName = "[No Variations]"
Add component (AddParameter): Name = "Series"; Value = ""; VariantName = "[No Variations]"
Add component (AddParameter): Name = "Side Stackable"; Value = ""; VariantName = "[No Variations]"
Add component (AddParameter): Name = "Source"; Value = "Electromechanical.SchLib"; VariantName = "[No Variations]"
Add component (AddParameter): Name = "Stock 1"; Value = ""; VariantName = "[No Variations]"
Add component (AddParameter): Name = "Tail Length"; Value = ""; VariantName = "[No Variations]"
Add component (AddParameter): Name = "Termination"; Value = ""; VariantName = "[No Variations]"
Add component (AddParameter): Name = "Thread Size"; Value = ""; VariantName = "[No Variations]"
Add component (AddParameter): Name = "Throw Configuration"; Value = ""; VariantName = "[No Variations]"
Add component (AddParameter): Name = "Voltage"; Value = ""; VariantName = "[No Variations]"
Add component (AddParameter): Name = "Voltage Rating"; Value = ""; VariantName = "[No Variations]"
Add component (AddParameter): Name = "Voltage Rating (AC)"; Value = ""; VariantName = "[No Variations]"
Add component (AddParameter): Name = "Voltage Rating (DC)"; Value = ""; VariantName = "[No Variations]"
Add component (AddParameter): Name = "Width"; Value = ""; VariantName = "[No Variations]"
Add component (AddParameter): Name = "Wire Gauge (Max)"; Value = ""; VariantName = "[No Variations]"
Add component (AddParameter): Name = "Wire Gauge (Min)"; Value = ""; VariantName = "[No Variations]"
Add component (AddParameter): Name = "Wire/Cable Gauge"; Value = ""; VariantName = "[No Variations]"
Add component (AddParameter): Name = "Working Voltage"; Value = ""; VariantName = "[No Variations]"
Added Component: Designator=MH3(Mounting_Hole_M3)
Add component (AddParameter): Name = ".Creator"; Value = ""; VariantName = "[No Variations]"
Add component (AddParameter): Name = ".PCBcheck"; Value = ""; VariantName = "[No Variations]"
Add component (AddParameter): Name = ".SCHcheck"; Value = ""; VariantName = "[No Variations]"
Add component (AddParameter): Name = "Application(s)"; Value = ""; VariantName = "[No Variations]"
Add component (AddParameter): Name = "Approvals"; Value = ""; VariantName = "[No Variations]"
Add component (AddParameter): Name = "Case/Package"; Value = ""; VariantName = "[No Variations]"
Add component (AddParameter): Name = "Category"; Value = ""; VariantName = "[No Variations]"
Add component (AddParameter): Name = "Closed End"; Value = ""; VariantName = "[No Variations]"
Add component (AddParameter): Name = "Coil Current"; Value = ""; VariantName = "[No Variations]"
Add component (AddParameter): Name = "Coil Power"; Value = ""; VariantName = "[No Variations]"
Add component (AddParameter): Name = "Coil Resistance"; Value = ""; VariantName = "[No Variations]"
Add component (AddParameter): Name = "Coil Type"; Value = ""; VariantName = "[No Variations]"
Add component (AddParameter): Name = "Coil Voltage (DC)"; Value = ""; VariantName = "[No Variations]"
Add component (AddParameter): Name = "Color"; Value = ""; VariantName = "[No Variations]"
Add component (AddParameter): Name = "Connector Type"; Value = ""; VariantName = "[No Variations]"
Add component (AddParameter): Name = "Contact Current Rating"; Value = ""; VariantName = "[No Variations]"
Add component (AddParameter): Name = "Contact Material"; Value = ""; VariantName = "[No Variations]"
Add component (AddParameter): Name = "Contact Plating"; Value = ""; VariantName = "[No Variations]"
Add component (AddParameter): Name = "Current"; Value = ""; VariantName = "[No Variations]"
Add component (AddParameter): Name = "Current Rating"; Value = ""; VariantName = "[No Variations]"
Add component (AddParameter): Name = "Depth"; Value = ""; VariantName = "[No Variations]"
Add component (AddParameter): Name = "Design Item ID"; Value = "Mounting_Hole_M3"; VariantName = "[No Variations]"
Add component (AddParameter): Name = "ELV"; Value = ""; VariantName = "[No Variations]"
Add component (AddParameter): Name = "Flammability Rating"; Value = ""; VariantName = "[No Variations]"
Add component (AddParameter): Name = "Housing Color"; Value = ""; VariantName = "[No Variations]"
Add component (AddParameter): Name = "Housing Material"; Value = ""; VariantName = "[No Variations]"
Add component (AddParameter): Name = "Insulation Material"; Value = ""; VariantName = "[No Variations]"
Add component (AddParameter): Name = "Interlock"; Value = ""; VariantName = "[No Variations]"
Add component (AddParameter): Name = "Lead Free"; Value = ""; VariantName = "[No Variations]"
Add component (AddParameter): Name = "Length"; Value = ""; VariantName = "[No Variations]"
Add component (AddParameter): Name = "Manufacturer"; Value = ""; VariantName = "[No Variations]"
Add component (AddParameter): Name = "Manufacturer 1"; Value = ""; VariantName = "[No Variations]"
Add component (AddParameter): Name = "Manufacturer Part Number"; Value = ""; VariantName = "[No Variations]"
Add component (AddParameter): Name = "Manufacturer Part Number 1"; Value = ""; VariantName = "[No Variations]"
Add component (AddParameter): Name = "Max Current Rating"; Value = ""; VariantName = "[No Variations]"
Add component (AddParameter): Name = "Max Operating Temperature"; Value = ""; VariantName = "[No Variations]"
Add component (AddParameter): Name = "Max Supply Voltage (AC)"; Value = ""; VariantName = "[No Variations]"
Add component (AddParameter): Name = "Max Voltage Rating (AC)"; Value = ""; VariantName = "[No Variations]"
Add component (AddParameter): Name = "Max Voltage Rating (DC)"; Value = ""; VariantName = "[No Variations]"
Add component (AddParameter): Name = "Min Operating Temperature"; Value = ""; VariantName = "[No Variations]"
Add component (AddParameter): Name = "Mount"; Value = ""; VariantName = "[No Variations]"
Add component (AddParameter): Name = "Number of Circuits"; Value = ""; VariantName = "[No Variations]"
Add component (AddParameter): Name = "Number of Contacts"; Value = ""; VariantName = "[No Variations]"
Add component (AddParameter): Name = "Number of Levels"; Value = ""; VariantName = "[No Variations]"
Add component (AddParameter): Name = "Number of Pins"; Value = ""; VariantName = "[No Variations]"
Add component (AddParameter): Name = "Number of Poles"; Value = ""; VariantName = "[No Variations]"
Add component (AddParameter): Name = "Number of Positions"; Value = ""; VariantName = "[No Variations]"
Add component (AddParameter): Name = "Number of Positions Per Level"; Value = ""; VariantName = "[No Variations]"
Add component (AddParameter): Name = "Number of Rows"; Value = ""; VariantName = "[No Variations]"
Add component (AddParameter): Name = "Operate Time"; Value = ""; VariantName = "[No Variations]"
Add component (AddParameter): Name = "Orientation"; Value = ""; VariantName = "[No Variations]"
Add component (AddParameter): Name = "Package Quantity"; Value = ""; VariantName = "[No Variations]"
Add component (AddParameter): Name = "Packaging"; Value = ""; VariantName = "[No Variations]"
Add component (AddParameter): Name = "Pitch"; Value = ""; VariantName = "[No Variations]"
Add component (AddParameter): Name = "Plating"; Value = ""; VariantName = "[No Variations]"
Add component (AddParameter): Name = "Power Consumption"; Value = ""; VariantName = "[No Variations]"
Add component (AddParameter): Name = "Pricing 1"; Value = ""; VariantName = "[No Variations]"
Add component (AddParameter): Name = "Radiation Hardening"; Value = ""; VariantName = "[No Variations]"
Add component (AddParameter): Name = "REACH SVHC"; Value = ""; VariantName = "[No Variations]"
Add component (AddParameter): Name = "Relay Type"; Value = ""; VariantName = "[No Variations]"
Add component (AddParameter): Name = "Release Time"; Value = ""; VariantName = "[No Variations]"
Add component (AddParameter): Name = "RMS Current (Irms)"; Value = ""; VariantName = "[No Variations]"
Add component (AddParameter): Name = "RoHS"; Value = ""; VariantName = "[No Variations]"
Add component (AddParameter): Name = "RoHS Compliant"; Value = ""; VariantName = "[No Variations]"
Add component (AddParameter): Name = "Screw Flange"; Value = ""; VariantName = "[No Variations]"
Add component (AddParameter): Name = "Screwless Terminal Block"; Value = ""; VariantName = "[No Variations]"
Add component (AddParameter): Name = "Series"; Value = ""; VariantName = "[No Variations]"
Add component (AddParameter): Name = "Side Stackable"; Value = ""; VariantName = "[No Variations]"
Add component (AddParameter): Name = "Source"; Value = "Electromechanical.SchLib"; VariantName = "[No Variations]"
Add component (AddParameter): Name = "Stock 1"; Value = ""; VariantName = "[No Variations]"
Add component (AddParameter): Name = "Tail Length"; Value = ""; VariantName = "[No Variations]"
Add component (AddParameter): Name = "Termination"; Value = ""; VariantName = "[No Variations]"
Add component (AddParameter): Name = "Thread Size"; Value = ""; VariantName = "[No Variations]"
Add component (AddParameter): Name = "Throw Configuration"; Value = ""; VariantName = "[No Variations]"
Add component (AddParameter): Name = "Voltage"; Value = ""; VariantName = "[No Variations]"
Add component (AddParameter): Name = "Voltage Rating"; Value = ""; VariantName = "[No Variations]"
Add component (AddParameter): Name = "Voltage Rating (AC)"; Value = ""; VariantName = "[No Variations]"
Add component (AddParameter): Name = "Voltage Rating (DC)"; Value = ""; VariantName = "[No Variations]"
Add component (AddParameter): Name = "Width"; Value = ""; VariantName = "[No Variations]"
Add component (AddParameter): Name = "Wire Gauge (Max)"; Value = ""; VariantName = "[No Variations]"
Add component (AddParameter): Name = "Wire Gauge (Min)"; Value = ""; VariantName = "[No Variations]"
Add component (AddParameter): Name = "Wire/Cable Gauge"; Value = ""; VariantName = "[No Variations]"
Add component (AddParameter): Name = "Working Voltage"; Value = ""; VariantName = "[No Variations]"
Added Component: Designator=MH4(Mounting_Hole_M3)
Add component (AddParameter): Name = ".Creator"; Value = ""; VariantName = "[No Variations]"
Add component (AddParameter): Name = ".PCBcheck"; Value = ""; VariantName = "[No Variations]"
Add component (AddParameter): Name = ".SCHcheck"; Value = ""; VariantName = "[No Variations]"
Add component (AddParameter): Name = "Application(s)"; Value = ""; VariantName = "[No Variations]"
Add component (AddParameter): Name = "Approvals"; Value = ""; VariantName = "[No Variations]"
Add component (AddParameter): Name = "Case/Package"; Value = ""; VariantName = "[No Variations]"
Add component (AddParameter): Name = "Category"; Value = ""; VariantName = "[No Variations]"
Add component (AddParameter): Name = "Closed End"; Value = ""; VariantName = "[No Variations]"
Add component (AddParameter): Name = "Coil Current"; Value = ""; VariantName = "[No Variations]"
Add component (AddParameter): Name = "Coil Power"; Value = ""; VariantName = "[No Variations]"
Add component (AddParameter): Name = "Coil Resistance"; Value = ""; VariantName = "[No Variations]"
Add component (AddParameter): Name = "Coil Type"; Value = ""; VariantName = "[No Variations]"
Add component (AddParameter): Name = "Coil Voltage (DC)"; Value = ""; VariantName = "[No Variations]"
Add component (AddParameter): Name = "Color"; Value = ""; VariantName = "[No Variations]"
Add component (AddParameter): Name = "Connector Type"; Value = ""; VariantName = "[No Variations]"
Add component (AddParameter): Name = "Contact Current Rating"; Value = ""; VariantName = "[No Variations]"
Add component (AddParameter): Name = "Contact Material"; Value = ""; VariantName = "[No Variations]"
Add component (AddParameter): Name = "Contact Plating"; Value = ""; VariantName = "[No Variations]"
Add component (AddParameter): Name = "Current"; Value = ""; VariantName = "[No Variations]"
Add component (AddParameter): Name = "Current Rating"; Value = ""; VariantName = "[No Variations]"
Add component (AddParameter): Name = "Depth"; Value = ""; VariantName = "[No Variations]"
Add component (AddParameter): Name = "Design Item ID"; Value = "Mounting_Hole_M3"; VariantName = "[No Variations]"
Add component (AddParameter): Name = "ELV"; Value = ""; VariantName = "[No Variations]"
Add component (AddParameter): Name = "Flammability Rating"; Value = ""; VariantName = "[No Variations]"
Add component (AddParameter): Name = "Housing Color"; Value = ""; VariantName = "[No Variations]"
Add component (AddParameter): Name = "Housing Material"; Value = ""; VariantName = "[No Variations]"
Add component (AddParameter): Name = "Insulation Material"; Value = ""; VariantName = "[No Variations]"
Add component (AddParameter): Name = "Interlock"; Value = ""; VariantName = "[No Variations]"
Add component (AddParameter): Name = "Lead Free"; Value = ""; VariantName = "[No Variations]"
Add component (AddParameter): Name = "Length"; Value = ""; VariantName = "[No Variations]"
Add component (AddParameter): Name = "Manufacturer"; Value = ""; VariantName = "[No Variations]"
Add component (AddParameter): Name = "Manufacturer 1"; Value = ""; VariantName = "[No Variations]"
Add component (AddParameter): Name = "Manufacturer Part Number"; Value = ""; VariantName = "[No Variations]"
Add component (AddParameter): Name = "Manufacturer Part Number 1"; Value = ""; VariantName = "[No Variations]"
Add component (AddParameter): Name = "Max Current Rating"; Value = ""; VariantName = "[No Variations]"
Add component (AddParameter): Name = "Max Operating Temperature"; Value = ""; VariantName = "[No Variations]"
Add component (AddParameter): Name = "Max Supply Voltage (AC)"; Value = ""; VariantName = "[No Variations]"
Add component (AddParameter): Name = "Max Voltage Rating (AC)"; Value = ""; VariantName = "[No Variations]"
Add component (AddParameter): Name = "Max Voltage Rating (DC)"; Value = ""; VariantName = "[No Variations]"
Add component (AddParameter): Name = "Min Operating Temperature"; Value = ""; VariantName = "[No Variations]"
Add component (AddParameter): Name = "Mount"; Value = ""; VariantName = "[No Variations]"
Add component (AddParameter): Name = "Number of Circuits"; Value = ""; VariantName = "[No Variations]"
Add component (AddParameter): Name = "Number of Contacts"; Value = ""; VariantName = "[No Variations]"
Add component (AddParameter): Name = "Number of Levels"; Value = ""; VariantName = "[No Variations]"
Add component (AddParameter): Name = "Number of Pins"; Value = ""; VariantName = "[No Variations]"
Add component (AddParameter): Name = "Number of Poles"; Value = ""; VariantName = "[No Variations]"
Add component (AddParameter): Name = "Number of Positions"; Value = ""; VariantName = "[No Variations]"
Add component (AddParameter): Name = "Number of Positions Per Level"; Value = ""; VariantName = "[No Variations]"
Add component (AddParameter): Name = "Number of Rows"; Value = ""; VariantName = "[No Variations]"
Add component (AddParameter): Name = "Operate Time"; Value = ""; VariantName = "[No Variations]"
Add component (AddParameter): Name = "Orientation"; Value = ""; VariantName = "[No Variations]"
Add component (AddParameter): Name = "Package Quantity"; Value = ""; VariantName = "[No Variations]"
Add component (AddParameter): Name = "Packaging"; Value = ""; VariantName = "[No Variations]"
Add component (AddParameter): Name = "Pitch"; Value = ""; VariantName = "[No Variations]"
Add component (AddParameter): Name = "Plating"; Value = ""; VariantName = "[No Variations]"
Add component (AddParameter): Name = "Power Consumption"; Value = ""; VariantName = "[No Variations]"
Add component (AddParameter): Name = "Pricing 1"; Value = ""; VariantName = "[No Variations]"
Add component (AddParameter): Name = "Radiation Hardening"; Value = ""; VariantName = "[No Variations]"
Add component (AddParameter): Name = "REACH SVHC"; Value = ""; VariantName = "[No Variations]"
Add component (AddParameter): Name = "Relay Type"; Value = ""; VariantName = "[No Variations]"
Add component (AddParameter): Name = "Release Time"; Value = ""; VariantName = "[No Variations]"
Add component (AddParameter): Name = "RMS Current (Irms)"; Value = ""; VariantName = "[No Variations]"
Add component (AddParameter): Name = "RoHS"; Value = ""; VariantName = "[No Variations]"
Add component (AddParameter): Name = "RoHS Compliant"; Value = ""; VariantName = "[No Variations]"
Add component (AddParameter): Name = "Screw Flange"; Value = ""; VariantName = "[No Variations]"
Add component (AddParameter): Name = "Screwless Terminal Block"; Value = ""; VariantName = "[No Variations]"
Add component (AddParameter): Name = "Series"; Value = ""; VariantName = "[No Variations]"
Add component (AddParameter): Name = "Side Stackable"; Value = ""; VariantName = "[No Variations]"
Add component (AddParameter): Name = "Source"; Value = "Electromechanical.SchLib"; VariantName = "[No Variations]"
Add component (AddParameter): Name = "Stock 1"; Value = ""; VariantName = "[No Variations]"
Add component (AddParameter): Name = "Tail Length"; Value = ""; VariantName = "[No Variations]"
Add component (AddParameter): Name = "Termination"; Value = ""; VariantName = "[No Variations]"
Add component (AddParameter): Name = "Thread Size"; Value = ""; VariantName = "[No Variations]"
Add component (AddParameter): Name = "Throw Configuration"; Value = ""; VariantName = "[No Variations]"
Add component (AddParameter): Name = "Voltage"; Value = ""; VariantName = "[No Variations]"
Add component (AddParameter): Name = "Voltage Rating"; Value = ""; VariantName = "[No Variations]"
Add component (AddParameter): Name = "Voltage Rating (AC)"; Value = ""; VariantName = "[No Variations]"
Add component (AddParameter): Name = "Voltage Rating (DC)"; Value = ""; VariantName = "[No Variations]"
Add component (AddParameter): Name = "Width"; Value = ""; VariantName = "[No Variations]"
Add component (AddParameter): Name = "Wire Gauge (Max)"; Value = ""; VariantName = "[No Variations]"
Add component (AddParameter): Name = "Wire Gauge (Min)"; Value = ""; VariantName = "[No Variations]"
Add component (AddParameter): Name = "Wire/Cable Gauge"; Value = ""; VariantName = "[No Variations]"
Add component (AddParameter): Name = "Working Voltage"; Value = ""; VariantName = "[No Variations]"
Added Component: Designator=Q1(TRT-NCH-3/35-CPH)
Add component (AddParameter): Name = ".Creator"; Value = "DO"; VariantName = "[No Variations]"
Add component (AddParameter): Name = ".PCBcheck"; Value = ""; VariantName = "[No Variations]"
Add component (AddParameter): Name = ".SCHcheck"; Value = ""; VariantName = "[No Variations]"
Add component (AddParameter): Name = "Accuracy"; Value = ""; VariantName = "[No Variations]"
Add component (AddParameter): Name = "Case Code (Imperial)"; Value = ""; VariantName = "[No Variations]"
Add component (AddParameter): Name = "Case Code (Metric)"; Value = ""; VariantName = "[No Variations]"
Add component (AddParameter): Name = "Case/Package"; Value = ""; VariantName = "[No Variations]"
Add component (AddParameter): Name = "Category"; Value = ""; VariantName = "[No Variations]"
Add component (AddParameter): Name = "Collector Base Voltage (VCBO)"; Value = ""; VariantName = "[No Variations]"
Add component (AddParameter): Name = "Collector Emitter Breakdown Voltage"; Value = ""; VariantName = "[No Variations]"
Add component (AddParameter): Name = "Collector Emitter Saturation Voltage"; Value = ""; VariantName = "[No Variations]"
Add component (AddParameter): Name = "Collector Emitter Voltage (VCEO)"; Value = ""; VariantName = "[No Variations]"
Add component (AddParameter): Name = "Collector-emitter Voltage-Max"; Value = ""; VariantName = "[No Variations]"
Add component (AddParameter): Name = "Color"; Value = ""; VariantName = "[No Variations]"
Add component (AddParameter): Name = "ComponentLink1Description"; Value = "Where to buy"; VariantName = "[No Variations]"
Add component (AddParameter): Name = "ComponentLink1URL"; Value = "https://www.mouser.es/ProductDetail/Vishay-Siliconix/SQ2318BES-T1_GE3?qs=sPbYRqrBIVmyZcxPsDt0vA%3D%3D"; VariantName = "[No Variations]"
Add component (AddParameter): Name = "ComponentLink2Description"; Value = "Datasheet"; VariantName = "[No Variations]"
Add component (AddParameter): Name = "ComponentLink2URL"; Value = "https://www.mouser.es/datasheet/2/427/sq2318bes-1868475.pdf"; VariantName = "[No Variations]"
Add component (AddParameter): Name = "Contact Plating"; Value = ""; VariantName = "[No Variations]"
Add component (AddParameter): Name = "Continuous Collector Current"; Value = ""; VariantName = "[No Variations]"
Add component (AddParameter): Name = "Continuous Drain Current (ID)"; Value = ""; VariantName = "[No Variations]"
Add component (AddParameter): Name = "Current Rating"; Value = ""; VariantName = "[No Variations]"
Add component (AddParameter): Name = "Design Item ID"; Value = "TRT-NCH-8/40-SQ"; VariantName = "[No Variations]"
Add component (AddParameter): Name = "Dominant Wavelength"; Value = ""; VariantName = "[No Variations]"
Add component (AddParameter): Name = "Drain to Source Breakdown Voltage"; Value = ""; VariantName = "[No Variations]"
Add component (AddParameter): Name = "Drain to Source Resistance"; Value = ""; VariantName = "[No Variations]"
Add component (AddParameter): Name = "Drain to Source Voltage (Vdss)"; Value = ""; VariantName = "[No Variations]"
Add component (AddParameter): Name = "Dropout Voltage"; Value = ""; VariantName = "[No Variations]"
Add component (AddParameter): Name = "Element Configuration"; Value = ""; VariantName = "[No Variations]"
Add component (AddParameter): Name = "Emitter Base Voltage (VEBO)"; Value = ""; VariantName = "[No Variations]"
Add component (AddParameter): Name = "Fall Time"; Value = ""; VariantName = "[No Variations]"
Add component (AddParameter): Name = "Forward Current"; Value = ""; VariantName = "[No Variations]"
Add component (AddParameter): Name = "Forward Voltage"; Value = ""; VariantName = "[No Variations]"
Add component (AddParameter): Name = "Frequency"; Value = ""; VariantName = "[No Variations]"
Add component (AddParameter): Name = "Gain"; Value = ""; VariantName = "[No Variations]"
Add component (AddParameter): Name = "Gain Bandwidth Product"; Value = ""; VariantName = "[No Variations]"
Add component (AddParameter): Name = "Gate to Source Voltage (Vgs)"; Value = ""; VariantName = "[No Variations]"
Add component (AddParameter): Name = "Halogen Free"; Value = ""; VariantName = "[No Variations]"
Add component (AddParameter): Name = "Height"; Value = ""; VariantName = "[No Variations]"
Add component (AddParameter): Name = "hFE Min"; Value = ""; VariantName = "[No Variations]"
Add component (AddParameter): Name = "Ic max"; Value = ""; VariantName = "[No Variations]"
Add component (AddParameter): Name = "Input Capacitance"; Value = ""; VariantName = "[No Variations]"
Add component (AddParameter): Name = "Lead Free"; Value = ""; VariantName = "[No Variations]"
Add component (AddParameter): Name = "Length"; Value = ""; VariantName = "[No Variations]"
Add component (AddParameter): Name = "Lens Color"; Value = ""; VariantName = "[No Variations]"
Add component (AddParameter): Name = "Lens Style"; Value = ""; VariantName = "[No Variations]"
Add component (AddParameter): Name = "Lens Transparency"; Value = ""; VariantName = "[No Variations]"
Add component (AddParameter): Name = "Luminous Flux"; Value = ""; VariantName = "[No Variations]"
Add component (AddParameter): Name = "Luminous Intensity"; Value = ""; VariantName = "[No Variations]"
Add component (AddParameter): Name = "Manufacturer"; Value = ""; VariantName = "[No Variations]"
Add component (AddParameter): Name = "Manufacturer 1"; Value = "Vishay"; VariantName = "[No Variations]"
Add component (AddParameter): Name = "Manufacturer Part Number"; Value = ""; VariantName = "[No Variations]"
Add component (AddParameter): Name = "Manufacturer Part Number 1"; Value = "SQ2318BES-T1_GE3"; VariantName = "[No Variations]"
Add component (AddParameter): Name = "Max Breakdown Voltage"; Value = ""; VariantName = "[No Variations]"
Add component (AddParameter): Name = "Max Collector Current"; Value = ""; VariantName = "[No Variations]"
Add component (AddParameter): Name = "Max Current Rating"; Value = ""; VariantName = "[No Variations]"
Add component (AddParameter): Name = "Max Dual Supply Voltage"; Value = ""; VariantName = "[No Variations]"
Add component (AddParameter): Name = "Max Frequency"; Value = ""; VariantName = "[No Variations]"
Add component (AddParameter): Name = "Max Gain"; Value = ""; VariantName = "[No Variations]"
Add component (AddParameter): Name = "Max Input Voltage"; Value = ""; VariantName = "[No Variations]"
Add component (AddParameter): Name = "Max Operating Temperature"; Value = ""; VariantName = "[No Variations]"
Add component (AddParameter): Name = "Max Output Current"; Value = ""; VariantName = "[No Variations]"
Add component (AddParameter): Name = "Max Power Dissipation"; Value = ""; VariantName = "[No Variations]"
Add component (AddParameter): Name = "Max Supply Voltage"; Value = ""; VariantName = "[No Variations]"
Add component (AddParameter): Name = "Maximum current collector"; Value = ""; VariantName = "[No Variations]"
Add component (AddParameter): Name = "Min Current Limit"; Value = ""; VariantName = "[No Variations]"
Add component (AddParameter): Name = "Min Input Voltage"; Value = ""; VariantName = "[No Variations]"
Add component (AddParameter): Name = "Min Operating Temperature"; Value = ""; VariantName = "[No Variations]"
Add component (AddParameter): Name = "Min Supply Voltage"; Value = ""; VariantName = "[No Variations]"
Add component (AddParameter): Name = "Mount"; Value = ""; VariantName = "[No Variations]"
Add component (AddParameter): Name = "Nominal Output Voltage"; Value = ""; VariantName = "[No Variations]"
Add component (AddParameter): Name = "Number of Elements"; Value = ""; VariantName = "[No Variations]"
Add component (AddParameter): Name = "Number of Outputs"; Value = ""; VariantName = "[No Variations]"
Add component (AddParameter): Name = "Number of Pins"; Value = ""; VariantName = "[No Variations]"
Add component (AddParameter): Name = "Number of Regulators"; Value = ""; VariantName = "[No Variations]"
Add component (AddParameter): Name = "Operating voltage BE sat"; Value = ""; VariantName = "[No Variations]"
Add component (AddParameter): Name = "Output Current"; Value = ""; VariantName = "[No Variations]"
Add component (AddParameter): Name = "Output Type"; Value = ""; VariantName = "[No Variations]"
Add component (AddParameter): Name = "Output Voltage"; Value = ""; VariantName = "[No Variations]"
Add component (AddParameter): Name = "Output Voltage Accuracy"; Value = ""; VariantName = "[No Variations]"
Add component (AddParameter): Name = "Package"; Value = ""; VariantName = "[No Variations]"
Add component (AddParameter): Name = "Package Quantity"; Value = ""; VariantName = "[No Variations]"
Add component (AddParameter): Name = "Packaging"; Value = ""; VariantName = "[No Variations]"
Add component (AddParameter): Name = "Polarity"; Value = ""; VariantName = "[No Variations]"
Add component (AddParameter): Name = "Polarization"; Value = ""; VariantName = "[No Variations]"
Add component (AddParameter): Name = "Power Dissipation"; Value = ""; VariantName = "[No Variations]"
Add component (AddParameter): Name = "Power rating"; Value = ""; VariantName = "[No Variations]"
Add component (AddParameter): Name = "Pricing 1"; Value = "1=0,71500, 5=0,71500, 10=0,64400, 25=0,59000, 50=0,52500, 100=0,47100, 250=0,40800 (USD)"; VariantName = "[No Variations]"
Add component (AddParameter): Name = "Quiescent Current"; Value = ""; VariantName = "[No Variations]"
Add component (AddParameter): Name = "Radiation Hardening"; Value = ""; VariantName = "[No Variations]"
Add component (AddParameter): Name = "Rds On Max"; Value = ""; VariantName = "[No Variations]"
Add component (AddParameter): Name = "REACH SVHC"; Value = ""; VariantName = "[No Variations]"
Add component (AddParameter): Name = "Reach SVHC Compliant"; Value = ""; VariantName = "[No Variations]"
Add component (AddParameter): Name = "Rise Time"; Value = ""; VariantName = "[No Variations]"
Add component (AddParameter): Name = "RoHS"; Value = "No"; VariantName = "[No Variations]"
Add component (AddParameter): Name = "RoHS Compliant"; Value = ""; VariantName = "[No Variations]"
Add component (AddParameter): Name = "Series"; Value = ""; VariantName = "[No Variations]"
Add component (AddParameter): Name = "Source"; Value = "Semiconductor.SchLib"; VariantName = "[No Variations]"
Add component (AddParameter): Name = "Stock 1"; Value = ""; VariantName = "[No Variations]"
Add component (AddParameter): Name = "Termination"; Value = ""; VariantName = "[No Variations]"
Add component (AddParameter): Name = "Test Current"; Value = ""; VariantName = "[No Variations]"
Add component (AddParameter): Name = "Test Temperature"; Value = ""; VariantName = "[No Variations]"
Add component (AddParameter): Name = "Thermal Resistance of Package"; Value = ""; VariantName = "[No Variations]"
Add component (AddParameter): Name = "Threshold Voltage"; Value = ""; VariantName = "[No Variations]"
Add component (AddParameter): Name = "Transition Frequency"; Value = ""; VariantName = "[No Variations]"
Add component (AddParameter): Name = "Turn-Off Delay Time"; Value = ""; VariantName = "[No Variations]"
Add component (AddParameter): Name = "Turn-On Delay Time"; Value = ""; VariantName = "[No Variations]"
Add component (AddParameter): Name = "Type"; Value = ""; VariantName = "[No Variations]"
Add component (AddParameter): Name = "Vce max"; Value = ""; VariantName = "[No Variations]"
Add component (AddParameter): Name = "Vds"; Value = "40V"; VariantName = "[No Variations]"
Add component (AddParameter): Name = "Viewing Angle"; Value = ""; VariantName = "[No Variations]"
Add component (AddParameter): Name = "Voltage"; Value = ""; VariantName = "[No Variations]"
Add component (AddParameter): Name = "Voltage Rating (DC)"; Value = ""; VariantName = "[No Variations]"
Add component (AddParameter): Name = "Wavelength"; Value = ""; VariantName = "[No Variations]"
Add component (AddParameter): Name = "Weight"; Value = ""; VariantName = "[No Variations]"
Add component (AddParameter): Name = "Width"; Value = ""; VariantName = "[No Variations]"
Added Component: Designator=Q201(TRT-PCH-2/30-BSS)
Add component (AddParameter): Name = ".Creator"; Value = "DO"; VariantName = "[No Variations]"
Add component (AddParameter): Name = ".PCBcheck"; Value = ""; VariantName = "[No Variations]"
Add component (AddParameter): Name = ".SCHcheck"; Value = ""; VariantName = "[No Variations]"
Add component (AddParameter): Name = "Accuracy"; Value = ""; VariantName = "[No Variations]"
Add component (AddParameter): Name = "Case Code (Imperial)"; Value = ""; VariantName = "[No Variations]"
Add component (AddParameter): Name = "Case Code (Metric)"; Value = ""; VariantName = "[No Variations]"
Add component (AddParameter): Name = "Case/Package"; Value = "TO-236-3"; VariantName = "[No Variations]"
Add component (AddParameter): Name = "Category"; Value = "MOSFETs"; VariantName = "[No Variations]"
Add component (AddParameter): Name = "Collector Base Voltage (VCBO)"; Value = ""; VariantName = "[No Variations]"
Add component (AddParameter): Name = "Collector Emitter Breakdown Voltage"; Value = ""; VariantName = "[No Variations]"
Add component (AddParameter): Name = "Collector Emitter Saturation Voltage"; Value = ""; VariantName = "[No Variations]"
Add component (AddParameter): Name = "Collector Emitter Voltage (VCEO)"; Value = ""; VariantName = "[No Variations]"
Add component (AddParameter): Name = "Collector-emitter Voltage-Max"; Value = ""; VariantName = "[No Variations]"
Add component (AddParameter): Name = "Color"; Value = ""; VariantName = "[No Variations]"
Add component (AddParameter): Name = "ComponentLink1Description"; Value = "datasheet"; VariantName = "[No Variations]"
Add component (AddParameter): Name = "ComponentLink1URL"; Value = "https://datasheet.ciiva.com/6379/infineon-bss308pe-ds-v02-03-en-6379920.pdf?src-supplier=Digi-Key"; VariantName = "[No Variations]"
Add component (AddParameter): Name = "ComponentLink2Description"; Value = "https://datasheet.ciiva.com/11171/infineon-bss308pe-ds-v02-03-en-11171385.pdf?src-supplier=Avnet"; VariantName = "[No Variations]"
Add component (AddParameter): Name = "ComponentLink2URL"; Value = "https://datasheet.ciiva.com/11171/infineon-bss308pe-ds-v02-03-en-11171385.pdf?src-supplier=Avnet"; VariantName = "[No Variations]"
Add component (AddParameter): Name = "Contact Plating"; Value = ""; VariantName = "[No Variations]"
Add component (AddParameter): Name = "Continuous Collector Current"; Value = ""; VariantName = "[No Variations]"
Add component (AddParameter): Name = "Continuous Drain Current (ID)"; Value = "2A"; VariantName = "[No Variations]"
Add component (AddParameter): Name = "Current Rating"; Value = ""; VariantName = "[No Variations]"
Add component (AddParameter): Name = "Design Item ID"; Value = "TRT-PCH-2/30-BSS"; VariantName = "[No Variations]"
Add component (AddParameter): Name = "Dominant Wavelength"; Value = ""; VariantName = "[No Variations]"
Add component (AddParameter): Name = "Drain to Source Breakdown Voltage"; Value = ""; VariantName = "[No Variations]"
Add component (AddParameter): Name = "Drain to Source Resistance"; Value = ""; VariantName = "[No Variations]"
Add component (AddParameter): Name = "Drain to Source Voltage (Vdss)"; Value = "30V"; VariantName = "[No Variations]"
Add component (AddParameter): Name = "Dropout Voltage"; Value = ""; VariantName = "[No Variations]"
Add component (AddParameter): Name = "Element Configuration"; Value = ""; VariantName = "[No Variations]"
Add component (AddParameter): Name = "Emitter Base Voltage (VEBO)"; Value = ""; VariantName = "[No Variations]"
Add component (AddParameter): Name = "Fall Time"; Value = "2.8ns"; VariantName = "[No Variations]"
Add component (AddParameter): Name = "Forward Current"; Value = ""; VariantName = "[No Variations]"
Add component (AddParameter): Name = "Forward Voltage"; Value = ""; VariantName = "[No Variations]"
Add component (AddParameter): Name = "Frequency"; Value = ""; VariantName = "[No Variations]"
Add component (AddParameter): Name = "Gain"; Value = ""; VariantName = "[No Variations]"
Add component (AddParameter): Name = "Gain Bandwidth Product"; Value = ""; VariantName = "[No Variations]"
Add component (AddParameter): Name = "Gate to Source Voltage (Vgs)"; Value = "20V"; VariantName = "[No Variations]"
Add component (AddParameter): Name = "Halogen Free"; Value = ""; VariantName = "[No Variations]"
Add component (AddParameter): Name = "Height"; Value = ""; VariantName = "[No Variations]"
Add component (AddParameter): Name = "hFE Min"; Value = ""; VariantName = "[No Variations]"
Add component (AddParameter): Name = "Ic max"; Value = ""; VariantName = "[No Variations]"
Add component (AddParameter): Name = "Input Capacitance"; Value = "500pF"; VariantName = "[No Variations]"
Add component (AddParameter): Name = "Lead Free"; Value = ""; VariantName = "[No Variations]"
Add component (AddParameter): Name = "Length"; Value = ""; VariantName = "[No Variations]"
Add component (AddParameter): Name = "Lens Color"; Value = ""; VariantName = "[No Variations]"
Add component (AddParameter): Name = "Lens Style"; Value = ""; VariantName = "[No Variations]"
Add component (AddParameter): Name = "Lens Transparency"; Value = ""; VariantName = "[No Variations]"
Add component (AddParameter): Name = "Luminous Flux"; Value = ""; VariantName = "[No Variations]"
Add component (AddParameter): Name = "Luminous Intensity"; Value = ""; VariantName = "[No Variations]"
Add component (AddParameter): Name = "Manufacturer"; Value = "Infineon"; VariantName = "[No Variations]"
Add component (AddParameter): Name = "Manufacturer 1"; Value = ""; VariantName = "[No Variations]"
Add component (AddParameter): Name = "Manufacturer Part Number"; Value = "BSS308PEH6327"; VariantName = "[No Variations]"
Add component (AddParameter): Name = "Manufacturer Part Number 1"; Value = ""; VariantName = "[No Variations]"
Add component (AddParameter): Name = "Max Breakdown Voltage"; Value = ""; VariantName = "[No Variations]"
Add component (AddParameter): Name = "Max Collector Current"; Value = ""; VariantName = "[No Variations]"
Add component (AddParameter): Name = "Max Current Rating"; Value = ""; VariantName = "[No Variations]"
Add component (AddParameter): Name = "Max Dual Supply Voltage"; Value = ""; VariantName = "[No Variations]"
Add component (AddParameter): Name = "Max Frequency"; Value = ""; VariantName = "[No Variations]"
Add component (AddParameter): Name = "Max Gain"; Value = ""; VariantName = "[No Variations]"
Add component (AddParameter): Name = "Max Input Voltage"; Value = ""; VariantName = "[No Variations]"
Add component (AddParameter): Name = "Max Operating Temperature"; Value = "150°C"; VariantName = "[No Variations]"
Add component (AddParameter): Name = "Max Output Current"; Value = ""; VariantName = "[No Variations]"
Add component (AddParameter): Name = "Max Power Dissipation"; Value = "500mW"; VariantName = "[No Variations]"
Add component (AddParameter): Name = "Max Supply Voltage"; Value = ""; VariantName = "[No Variations]"
Add component (AddParameter): Name = "Maximum current collector"; Value = ""; VariantName = "[No Variations]"
Add component (AddParameter): Name = "Min Current Limit"; Value = ""; VariantName = "[No Variations]"
Add component (AddParameter): Name = "Min Input Voltage"; Value = ""; VariantName = "[No Variations]"
Add component (AddParameter): Name = "Min Operating Temperature"; Value = "-55°C"; VariantName = "[No Variations]"
Add component (AddParameter): Name = "Min Supply Voltage"; Value = ""; VariantName = "[No Variations]"
Add component (AddParameter): Name = "Mount"; Value = "Surface Mount"; VariantName = "[No Variations]"
Add component (AddParameter): Name = "Nominal Output Voltage"; Value = ""; VariantName = "[No Variations]"
Add component (AddParameter): Name = "Number of Elements"; Value = ""; VariantName = "[No Variations]"
Add component (AddParameter): Name = "Number of Outputs"; Value = ""; VariantName = "[No Variations]"
Add component (AddParameter): Name = "Number of Pins"; Value = "3"; VariantName = "[No Variations]"
Add component (AddParameter): Name = "Number of Regulators"; Value = ""; VariantName = "[No Variations]"
Add component (AddParameter): Name = "Operating voltage BE sat"; Value = ""; VariantName = "[No Variations]"
Add component (AddParameter): Name = "Output Current"; Value = ""; VariantName = "[No Variations]"
Add component (AddParameter): Name = "Output Type"; Value = ""; VariantName = "[No Variations]"
Add component (AddParameter): Name = "Output Voltage"; Value = ""; VariantName = "[No Variations]"
Add component (AddParameter): Name = "Output Voltage Accuracy"; Value = ""; VariantName = "[No Variations]"
Add component (AddParameter): Name = "Package"; Value = ""; VariantName = "[No Variations]"
Add component (AddParameter): Name = "Package Quantity"; Value = "1"; VariantName = "[No Variations]"
Add component (AddParameter): Name = "Packaging"; Value = "Tape and Reel"; VariantName = "[No Variations]"
Add component (AddParameter): Name = "Polarity"; Value = ""; VariantName = "[No Variations]"
Add component (AddParameter): Name = "Polarization"; Value = ""; VariantName = "[No Variations]"
Add component (AddParameter): Name = "Power Dissipation"; Value = ""; VariantName = "[No Variations]"
Add component (AddParameter): Name = "Power rating"; Value = ""; VariantName = "[No Variations]"
Add component (AddParameter): Name = "Pricing 1"; Value = "50=0,50300, 100=0,26400, 250=0,25900, 500=0,25200, 1000=0,24700 (USD)"; VariantName = "[No Variations]"
Add component (AddParameter): Name = "Quiescent Current"; Value = ""; VariantName = "[No Variations]"
Add component (AddParameter): Name = "Radiation Hardening"; Value = ""; VariantName = "[No Variations]"
Add component (AddParameter): Name = "Rds On Max"; Value = "80mR"; VariantName = "[No Variations]"
Add component (AddParameter): Name = "REACH SVHC"; Value = "No SVHC"; VariantName = "[No Variations]"
Add component (AddParameter): Name = "Reach SVHC Compliant"; Value = ""; VariantName = "[No Variations]"
Add component (AddParameter): Name = "Rise Time"; Value = "7.7ns"; VariantName = "[No Variations]"
Add component (AddParameter): Name = "RoHS"; Value = "Yes"; VariantName = "[No Variations]"
Add component (AddParameter): Name = "RoHS Compliant"; Value = ""; VariantName = "[No Variations]"
Add component (AddParameter): Name = "Series"; Value = "OptiMOS™"; VariantName = "[No Variations]"
Add component (AddParameter): Name = "Source"; Value = "Semiconductor.SchLib"; VariantName = "[No Variations]"
Add component (AddParameter): Name = "Stock 1"; Value = "4000"; VariantName = "[No Variations]"
Add component (AddParameter): Name = "Termination"; Value = ""; VariantName = "[No Variations]"
Add component (AddParameter): Name = "Test Current"; Value = ""; VariantName = "[No Variations]"
Add component (AddParameter): Name = "Test Temperature"; Value = ""; VariantName = "[No Variations]"
Add component (AddParameter): Name = "Thermal Resistance of Package"; Value = ""; VariantName = "[No Variations]"
Add component (AddParameter): Name = "Threshold Voltage"; Value = "-1.5V"; VariantName = "[No Variations]"
Add component (AddParameter): Name = "Transition Frequency"; Value = ""; VariantName = "[No Variations]"
Add component (AddParameter): Name = "Turn-Off Delay Time"; Value = "15.3ns"; VariantName = "[No Variations]"
Add component (AddParameter): Name = "Turn-On Delay Time"; Value = "5.6ns"; VariantName = "[No Variations]"
Add component (AddParameter): Name = "Type"; Value = ""; VariantName = "[No Variations]"
Add component (AddParameter): Name = "Vce max"; Value = ""; VariantName = "[No Variations]"
Add component (AddParameter): Name = "Vds"; Value = ""; VariantName = "[No Variations]"
Add component (AddParameter): Name = "Viewing Angle"; Value = ""; VariantName = "[No Variations]"
Add component (AddParameter): Name = "Voltage"; Value = ""; VariantName = "[No Variations]"
Add component (AddParameter): Name = "Voltage Rating (DC)"; Value = ""; VariantName = "[No Variations]"
Add component (AddParameter): Name = "Wavelength"; Value = ""; VariantName = "[No Variations]"
Add component (AddParameter): Name = "Weight"; Value = ""; VariantName = "[No Variations]"
Add component (AddParameter): Name = "Width"; Value = ""; VariantName = "[No Variations]"
Added Component: Designator=Q202(TRT-PCH-2/30-BSS)
Add component (AddParameter): Name = ".Creator"; Value = "DO"; VariantName = "[No Variations]"
Add component (AddParameter): Name = ".PCBcheck"; Value = ""; VariantName = "[No Variations]"
Add component (AddParameter): Name = ".SCHcheck"; Value = ""; VariantName = "[No Variations]"
Add component (AddParameter): Name = "Accuracy"; Value = ""; VariantName = "[No Variations]"
Add component (AddParameter): Name = "Case Code (Imperial)"; Value = ""; VariantName = "[No Variations]"
Add component (AddParameter): Name = "Case Code (Metric)"; Value = ""; VariantName = "[No Variations]"
Add component (AddParameter): Name = "Case/Package"; Value = "TO-236-3"; VariantName = "[No Variations]"
Add component (AddParameter): Name = "Category"; Value = "MOSFETs"; VariantName = "[No Variations]"
Add component (AddParameter): Name = "Collector Base Voltage (VCBO)"; Value = ""; VariantName = "[No Variations]"
Add component (AddParameter): Name = "Collector Emitter Breakdown Voltage"; Value = ""; VariantName = "[No Variations]"
Add component (AddParameter): Name = "Collector Emitter Saturation Voltage"; Value = ""; VariantName = "[No Variations]"
Add component (AddParameter): Name = "Collector Emitter Voltage (VCEO)"; Value = ""; VariantName = "[No Variations]"
Add component (AddParameter): Name = "Collector-emitter Voltage-Max"; Value = ""; VariantName = "[No Variations]"
Add component (AddParameter): Name = "Color"; Value = ""; VariantName = "[No Variations]"
Add component (AddParameter): Name = "ComponentLink1Description"; Value = "datasheet"; VariantName = "[No Variations]"
Add component (AddParameter): Name = "ComponentLink1URL"; Value = "https://datasheet.ciiva.com/6379/infineon-bss308pe-ds-v02-03-en-6379920.pdf?src-supplier=Digi-Key"; VariantName = "[No Variations]"
Add component (AddParameter): Name = "ComponentLink2Description"; Value = "https://datasheet.ciiva.com/11171/infineon-bss308pe-ds-v02-03-en-11171385.pdf?src-supplier=Avnet"; VariantName = "[No Variations]"
Add component (AddParameter): Name = "ComponentLink2URL"; Value = "https://datasheet.ciiva.com/11171/infineon-bss308pe-ds-v02-03-en-11171385.pdf?src-supplier=Avnet"; VariantName = "[No Variations]"
Add component (AddParameter): Name = "Contact Plating"; Value = ""; VariantName = "[No Variations]"
Add component (AddParameter): Name = "Continuous Collector Current"; Value = ""; VariantName = "[No Variations]"
Add component (AddParameter): Name = "Continuous Drain Current (ID)"; Value = "2A"; VariantName = "[No Variations]"
Add component (AddParameter): Name = "Current Rating"; Value = ""; VariantName = "[No Variations]"
Add component (AddParameter): Name = "Design Item ID"; Value = "TRT-PCH-2/30-BSS"; VariantName = "[No Variations]"
Add component (AddParameter): Name = "Dominant Wavelength"; Value = ""; VariantName = "[No Variations]"
Add component (AddParameter): Name = "Drain to Source Breakdown Voltage"; Value = ""; VariantName = "[No Variations]"
Add component (AddParameter): Name = "Drain to Source Resistance"; Value = ""; VariantName = "[No Variations]"
Add component (AddParameter): Name = "Drain to Source Voltage (Vdss)"; Value = "30V"; VariantName = "[No Variations]"
Add component (AddParameter): Name = "Dropout Voltage"; Value = ""; VariantName = "[No Variations]"
Add component (AddParameter): Name = "Element Configuration"; Value = ""; VariantName = "[No Variations]"
Add component (AddParameter): Name = "Emitter Base Voltage (VEBO)"; Value = ""; VariantName = "[No Variations]"
Add component (AddParameter): Name = "Fall Time"; Value = "2.8ns"; VariantName = "[No Variations]"
Add component (AddParameter): Name = "Forward Current"; Value = ""; VariantName = "[No Variations]"
Add component (AddParameter): Name = "Forward Voltage"; Value = ""; VariantName = "[No Variations]"
Add component (AddParameter): Name = "Frequency"; Value = ""; VariantName = "[No Variations]"
Add component (AddParameter): Name = "Gain"; Value = ""; VariantName = "[No Variations]"
Add component (AddParameter): Name = "Gain Bandwidth Product"; Value = ""; VariantName = "[No Variations]"
Add component (AddParameter): Name = "Gate to Source Voltage (Vgs)"; Value = "20V"; VariantName = "[No Variations]"
Add component (AddParameter): Name = "Halogen Free"; Value = ""; VariantName = "[No Variations]"
Add component (AddParameter): Name = "Height"; Value = ""; VariantName = "[No Variations]"
Add component (AddParameter): Name = "hFE Min"; Value = ""; VariantName = "[No Variations]"
Add component (AddParameter): Name = "Ic max"; Value = ""; VariantName = "[No Variations]"
Add component (AddParameter): Name = "Input Capacitance"; Value = "500pF"; VariantName = "[No Variations]"
Add component (AddParameter): Name = "Lead Free"; Value = ""; VariantName = "[No Variations]"
Add component (AddParameter): Name = "Length"; Value = ""; VariantName = "[No Variations]"
Add component (AddParameter): Name = "Lens Color"; Value = ""; VariantName = "[No Variations]"
Add component (AddParameter): Name = "Lens Style"; Value = ""; VariantName = "[No Variations]"
Add component (AddParameter): Name = "Lens Transparency"; Value = ""; VariantName = "[No Variations]"
Add component (AddParameter): Name = "Luminous Flux"; Value = ""; VariantName = "[No Variations]"
Add component (AddParameter): Name = "Luminous Intensity"; Value = ""; VariantName = "[No Variations]"
Add component (AddParameter): Name = "Manufacturer"; Value = "Infineon"; VariantName = "[No Variations]"
Add component (AddParameter): Name = "Manufacturer 1"; Value = ""; VariantName = "[No Variations]"
Add component (AddParameter): Name = "Manufacturer Part Number"; Value = "BSS308PEH6327"; VariantName = "[No Variations]"
Add component (AddParameter): Name = "Manufacturer Part Number 1"; Value = ""; VariantName = "[No Variations]"
Add component (AddParameter): Name = "Max Breakdown Voltage"; Value = ""; VariantName = "[No Variations]"
Add component (AddParameter): Name = "Max Collector Current"; Value = ""; VariantName = "[No Variations]"
Add component (AddParameter): Name = "Max Current Rating"; Value = ""; VariantName = "[No Variations]"
Add component (AddParameter): Name = "Max Dual Supply Voltage"; Value = ""; VariantName = "[No Variations]"
Add component (AddParameter): Name = "Max Frequency"; Value = ""; VariantName = "[No Variations]"
Add component (AddParameter): Name = "Max Gain"; Value = ""; VariantName = "[No Variations]"
Add component (AddParameter): Name = "Max Input Voltage"; Value = ""; VariantName = "[No Variations]"
Add component (AddParameter): Name = "Max Operating Temperature"; Value = "150°C"; VariantName = "[No Variations]"
Add component (AddParameter): Name = "Max Output Current"; Value = ""; VariantName = "[No Variations]"
Add component (AddParameter): Name = "Max Power Dissipation"; Value = "500mW"; VariantName = "[No Variations]"
Add component (AddParameter): Name = "Max Supply Voltage"; Value = ""; VariantName = "[No Variations]"
Add component (AddParameter): Name = "Maximum current collector"; Value = ""; VariantName = "[No Variations]"
Add component (AddParameter): Name = "Min Current Limit"; Value = ""; VariantName = "[No Variations]"
Add component (AddParameter): Name = "Min Input Voltage"; Value = ""; VariantName = "[No Variations]"
Add component (AddParameter): Name = "Min Operating Temperature"; Value = "-55°C"; VariantName = "[No Variations]"
Add component (AddParameter): Name = "Min Supply Voltage"; Value = ""; VariantName = "[No Variations]"
Add component (AddParameter): Name = "Mount"; Value = "Surface Mount"; VariantName = "[No Variations]"
Add component (AddParameter): Name = "Nominal Output Voltage"; Value = ""; VariantName = "[No Variations]"
Add component (AddParameter): Name = "Number of Elements"; Value = ""; VariantName = "[No Variations]"
Add component (AddParameter): Name = "Number of Outputs"; Value = ""; VariantName = "[No Variations]"
Add component (AddParameter): Name = "Number of Pins"; Value = "3"; VariantName = "[No Variations]"
Add component (AddParameter): Name = "Number of Regulators"; Value = ""; VariantName = "[No Variations]"
Add component (AddParameter): Name = "Operating voltage BE sat"; Value = ""; VariantName = "[No Variations]"
Add component (AddParameter): Name = "Output Current"; Value = ""; VariantName = "[No Variations]"
Add component (AddParameter): Name = "Output Type"; Value = ""; VariantName = "[No Variations]"
Add component (AddParameter): Name = "Output Voltage"; Value = ""; VariantName = "[No Variations]"
Add component (AddParameter): Name = "Output Voltage Accuracy"; Value = ""; VariantName = "[No Variations]"
Add component (AddParameter): Name = "Package"; Value = ""; VariantName = "[No Variations]"
Add component (AddParameter): Name = "Package Quantity"; Value = "1"; VariantName = "[No Variations]"
Add component (AddParameter): Name = "Packaging"; Value = "Tape and Reel"; VariantName = "[No Variations]"
Add component (AddParameter): Name = "Polarity"; Value = ""; VariantName = "[No Variations]"
Add component (AddParameter): Name = "Polarization"; Value = ""; VariantName = "[No Variations]"
Add component (AddParameter): Name = "Power Dissipation"; Value = ""; VariantName = "[No Variations]"
Add component (AddParameter): Name = "Power rating"; Value = ""; VariantName = "[No Variations]"
Add component (AddParameter): Name = "Pricing 1"; Value = "50=0,50300, 100=0,26400, 250=0,25900, 500=0,25200, 1000=0,24700 (USD)"; VariantName = "[No Variations]"
Add component (AddParameter): Name = "Quiescent Current"; Value = ""; VariantName = "[No Variations]"
Add component (AddParameter): Name = "Radiation Hardening"; Value = ""; VariantName = "[No Variations]"
Add component (AddParameter): Name = "Rds On Max"; Value = "80mR"; VariantName = "[No Variations]"
Add component (AddParameter): Name = "REACH SVHC"; Value = "No SVHC"; VariantName = "[No Variations]"
Add component (AddParameter): Name = "Reach SVHC Compliant"; Value = ""; VariantName = "[No Variations]"
Add component (AddParameter): Name = "Rise Time"; Value = "7.7ns"; VariantName = "[No Variations]"
Add component (AddParameter): Name = "RoHS"; Value = "Yes"; VariantName = "[No Variations]"
Add component (AddParameter): Name = "RoHS Compliant"; Value = ""; VariantName = "[No Variations]"
Add component (AddParameter): Name = "Series"; Value = "OptiMOS™"; VariantName = "[No Variations]"
Add component (AddParameter): Name = "Source"; Value = "Semiconductor.SchLib"; VariantName = "[No Variations]"
Add component (AddParameter): Name = "Stock 1"; Value = "4000"; VariantName = "[No Variations]"
Add component (AddParameter): Name = "Termination"; Value = ""; VariantName = "[No Variations]"
Add component (AddParameter): Name = "Test Current"; Value = ""; VariantName = "[No Variations]"
Add component (AddParameter): Name = "Test Temperature"; Value = ""; VariantName = "[No Variations]"
Add component (AddParameter): Name = "Thermal Resistance of Package"; Value = ""; VariantName = "[No Variations]"
Add component (AddParameter): Name = "Threshold Voltage"; Value = "-1.5V"; VariantName = "[No Variations]"
Add component (AddParameter): Name = "Transition Frequency"; Value = ""; VariantName = "[No Variations]"
Add component (AddParameter): Name = "Turn-Off Delay Time"; Value = "15.3ns"; VariantName = "[No Variations]"
Add component (AddParameter): Name = "Turn-On Delay Time"; Value = "5.6ns"; VariantName = "[No Variations]"
Add component (AddParameter): Name = "Type"; Value = ""; VariantName = "[No Variations]"
Add component (AddParameter): Name = "Vce max"; Value = ""; VariantName = "[No Variations]"
Add component (AddParameter): Name = "Vds"; Value = ""; VariantName = "[No Variations]"
Add component (AddParameter): Name = "Viewing Angle"; Value = ""; VariantName = "[No Variations]"
Add component (AddParameter): Name = "Voltage"; Value = ""; VariantName = "[No Variations]"
Add component (AddParameter): Name = "Voltage Rating (DC)"; Value = ""; VariantName = "[No Variations]"
Add component (AddParameter): Name = "Wavelength"; Value = ""; VariantName = "[No Variations]"
Add component (AddParameter): Name = "Weight"; Value = ""; VariantName = "[No Variations]"
Add component (AddParameter): Name = "Width"; Value = ""; VariantName = "[No Variations]"
Added Component: Designator=Q601(TRT-NCH-D2PAK)
Add component (AddParameter): Name = ".Creator"; Value = ""; VariantName = "[No Variations]"
Add component (AddParameter): Name = ".PCBcheck"; Value = ""; VariantName = "[No Variations]"
Add component (AddParameter): Name = ".SCHcheck"; Value = ""; VariantName = "[No Variations]"
Add component (AddParameter): Name = "Accuracy"; Value = ""; VariantName = "[No Variations]"
Add component (AddParameter): Name = "Case Code (Imperial)"; Value = ""; VariantName = "[No Variations]"
Add component (AddParameter): Name = "Case Code (Metric)"; Value = ""; VariantName = "[No Variations]"
Add component (AddParameter): Name = "Case/Package"; Value = "TO-252-3"; VariantName = "[No Variations]"
Add component (AddParameter): Name = "Category"; Value = "MOSFETs"; VariantName = "[No Variations]"
Add component (AddParameter): Name = "Collector Base Voltage (VCBO)"; Value = ""; VariantName = "[No Variations]"
Add component (AddParameter): Name = "Collector Emitter Breakdown Voltage"; Value = ""; VariantName = "[No Variations]"
Add component (AddParameter): Name = "Collector Emitter Saturation Voltage"; Value = ""; VariantName = "[No Variations]"
Add component (AddParameter): Name = "Collector Emitter Voltage (VCEO)"; Value = ""; VariantName = "[No Variations]"
Add component (AddParameter): Name = "Collector-emitter Voltage-Max"; Value = ""; VariantName = "[No Variations]"
Add component (AddParameter): Name = "Color"; Value = ""; VariantName = "[No Variations]"
Add component (AddParameter): Name = "ComponentLink1Description"; Value = "Datasheet"; VariantName = "[No Variations]"
Add component (AddParameter): Name = "ComponentLink1URL"; Value = "https://www.mouser.es/datasheet/2/427/sq2318bes-1868475.pdf"; VariantName = "[No Variations]"
Add component (AddParameter): Name = "Contact Plating"; Value = ""; VariantName = "[No Variations]"
Add component (AddParameter): Name = "Continuous Collector Current"; Value = ""; VariantName = "[No Variations]"
Add component (AddParameter): Name = "Continuous Drain Current (ID)"; Value = "31A"; VariantName = "[No Variations]"
Add component (AddParameter): Name = "Current Rating"; Value = ""; VariantName = "[No Variations]"
Add component (AddParameter): Name = "Design Item ID"; Value = "TRT-NCH-31/100"; VariantName = "[No Variations]"
Add component (AddParameter): Name = "Dominant Wavelength"; Value = ""; VariantName = "[No Variations]"
Add component (AddParameter): Name = "Drain to Source Breakdown Voltage"; Value = "100V"; VariantName = "[No Variations]"
Add component (AddParameter): Name = "Drain to Source Resistance"; Value = "39mR"; VariantName = "[No Variations]"
Add component (AddParameter): Name = "Drain to Source Voltage (Vdss)"; Value = "100V"; VariantName = "[No Variations]"
Add component (AddParameter): Name = "Dropout Voltage"; Value = ""; VariantName = "[No Variations]"
Add component (AddParameter): Name = "Element Configuration"; Value = ""; VariantName = "[No Variations]"
Add component (AddParameter): Name = "Emitter Base Voltage (VEBO)"; Value = ""; VariantName = "[No Variations]"
Add component (AddParameter): Name = "Fall Time"; Value = ""; VariantName = "[No Variations]"
Add component (AddParameter): Name = "Forward Current"; Value = ""; VariantName = "[No Variations]"
Add component (AddParameter): Name = "Forward Voltage"; Value = ""; VariantName = "[No Variations]"
Add component (AddParameter): Name = "Frequency"; Value = ""; VariantName = "[No Variations]"
Add component (AddParameter): Name = "Gain"; Value = ""; VariantName = "[No Variations]"
Add component (AddParameter): Name = "Gain Bandwidth Product"; Value = ""; VariantName = "[No Variations]"
Add component (AddParameter): Name = "Gate to Source Voltage (Vgs)"; Value = "20V"; VariantName = "[No Variations]"
Add component (AddParameter): Name = "Halogen Free"; Value = "Halogen Free"; VariantName = "[No Variations]"
Add component (AddParameter): Name = "Height"; Value = "0.094inch"; VariantName = "[No Variations]"
Add component (AddParameter): Name = "hFE Min"; Value = ""; VariantName = "[No Variations]"
Add component (AddParameter): Name = "Ic max"; Value = ""; VariantName = "[No Variations]"
Add component (AddParameter): Name = "Input Capacitance"; Value = "1.69nF"; VariantName = "[No Variations]"
Add component (AddParameter): Name = "Lead Free"; Value = "Contains Lead"; VariantName = "[No Variations]"
Add component (AddParameter): Name = "Length"; Value = "0.264inch"; VariantName = "[No Variations]"
Add component (AddParameter): Name = "Lens Color"; Value = ""; VariantName = "[No Variations]"
Add component (AddParameter): Name = "Lens Style"; Value = ""; VariantName = "[No Variations]"
Add component (AddParameter): Name = "Lens Transparency"; Value = ""; VariantName = "[No Variations]"
Add component (AddParameter): Name = "Luminous Flux"; Value = ""; VariantName = "[No Variations]"
Add component (AddParameter): Name = "Luminous Intensity"; Value = ""; VariantName = "[No Variations]"
Add component (AddParameter): Name = "Manufacturer"; Value = ""; VariantName = "[No Variations]"
Add component (AddParameter): Name = "Manufacturer 1"; Value = "Infineon"; VariantName = "[No Variations]"
Add component (AddParameter): Name = "Manufacturer Part Number"; Value = ""; VariantName = "[No Variations]"
Add component (AddParameter): Name = "Manufacturer Part Number 1"; Value = "IRFR3410TRPBF"; VariantName = "[No Variations]"
Add component (AddParameter): Name = "Max Breakdown Voltage"; Value = ""; VariantName = "[No Variations]"
Add component (AddParameter): Name = "Max Collector Current"; Value = ""; VariantName = "[No Variations]"
Add component (AddParameter): Name = "Max Current Rating"; Value = ""; VariantName = "[No Variations]"
Add component (AddParameter): Name = "Max Dual Supply Voltage"; Value = "100V"; VariantName = "[No Variations]"
Add component (AddParameter): Name = "Max Frequency"; Value = ""; VariantName = "[No Variations]"
Add component (AddParameter): Name = "Max Gain"; Value = ""; VariantName = "[No Variations]"
Add component (AddParameter): Name = "Max Input Voltage"; Value = ""; VariantName = "[No Variations]"
Add component (AddParameter): Name = "Max Operating Temperature"; Value = "175°C"; VariantName = "[No Variations]"
Add component (AddParameter): Name = "Max Output Current"; Value = ""; VariantName = "[No Variations]"
Add component (AddParameter): Name = "Max Power Dissipation"; Value = "3W"; VariantName = "[No Variations]"
Add component (AddParameter): Name = "Max Supply Voltage"; Value = ""; VariantName = "[No Variations]"
Add component (AddParameter): Name = "Maximum current collector"; Value = ""; VariantName = "[No Variations]"
Add component (AddParameter): Name = "Min Current Limit"; Value = ""; VariantName = "[No Variations]"
Add component (AddParameter): Name = "Min Input Voltage"; Value = ""; VariantName = "[No Variations]"
Add component (AddParameter): Name = "Min Operating Temperature"; Value = "-55°C"; VariantName = "[No Variations]"
Add component (AddParameter): Name = "Min Supply Voltage"; Value = ""; VariantName = "[No Variations]"
Add component (AddParameter): Name = "Mount"; Value = "Surface Mount"; VariantName = "[No Variations]"
Add component (AddParameter): Name = "Nominal Output Voltage"; Value = ""; VariantName = "[No Variations]"
Add component (AddParameter): Name = "Number of Elements"; Value = ""; VariantName = "[No Variations]"
Add component (AddParameter): Name = "Number of Outputs"; Value = ""; VariantName = "[No Variations]"
Add component (AddParameter): Name = "Number of Pins"; Value = "3"; VariantName = "[No Variations]"
Add component (AddParameter): Name = "Number of Regulators"; Value = ""; VariantName = "[No Variations]"
Add component (AddParameter): Name = "Operating voltage BE sat"; Value = ""; VariantName = "[No Variations]"
Add component (AddParameter): Name = "Output Current"; Value = ""; VariantName = "[No Variations]"
Add component (AddParameter): Name = "Output Type"; Value = ""; VariantName = "[No Variations]"
Add component (AddParameter): Name = "Output Voltage"; Value = ""; VariantName = "[No Variations]"
Add component (AddParameter): Name = "Output Voltage Accuracy"; Value = ""; VariantName = "[No Variations]"
Add component (AddParameter): Name = "Package"; Value = ""; VariantName = "[No Variations]"
Add component (AddParameter): Name = "Package Quantity"; Value = ""; VariantName = "[No Variations]"
Add component (AddParameter): Name = "Packaging"; Value = "Cut Tape"; VariantName = "[No Variations]"
Add component (AddParameter): Name = "Polarity"; Value = ""; VariantName = "[No Variations]"
Add component (AddParameter): Name = "Polarization"; Value = "N"; VariantName = "[No Variations]"
Add component (AddParameter): Name = "Power Dissipation"; Value = "110W"; VariantName = "[No Variations]"
Add component (AddParameter): Name = "Power rating"; Value = ""; VariantName = "[No Variations]"
Add component (AddParameter): Name = "Pricing 1"; Value = "1=1,20000, 10=1,08000, 100=0,84200, 500=0,69600 (EUR)"; VariantName = "[No Variations]"
Add component (AddParameter): Name = "Quiescent Current"; Value = ""; VariantName = "[No Variations]"
Add component (AddParameter): Name = "Radiation Hardening"; Value = ""; VariantName = "[No Variations]"
Add component (AddParameter): Name = "Rds On Max"; Value = "39mR"; VariantName = "[No Variations]"
Add component (AddParameter): Name = "REACH SVHC"; Value = ""; VariantName = "[No Variations]"
Add component (AddParameter): Name = "Reach SVHC Compliant"; Value = "Yes"; VariantName = "[No Variations]"
Add component (AddParameter): Name = "Rise Time"; Value = ""; VariantName = "[No Variations]"
Add component (AddParameter): Name = "RoHS"; Value = "Yes"; VariantName = "[No Variations]"
Add component (AddParameter): Name = "RoHS Compliant"; Value = "Yes"; VariantName = "[No Variations]"
Add component (AddParameter): Name = "Series"; Value = "HEXFET®"; VariantName = "[No Variations]"
Add component (AddParameter): Name = "Source"; Value = "Semiconductor.SchLib"; VariantName = "[No Variations]"
Add component (AddParameter): Name = "Stock 1"; Value = "4070"; VariantName = "[No Variations]"
Add component (AddParameter): Name = "Termination"; Value = ""; VariantName = "[No Variations]"
Add component (AddParameter): Name = "Test Current"; Value = ""; VariantName = "[No Variations]"
Add component (AddParameter): Name = "Test Temperature"; Value = ""; VariantName = "[No Variations]"
Add component (AddParameter): Name = "Thermal Resistance of Package"; Value = ""; VariantName = "[No Variations]"
Add component (AddParameter): Name = "Threshold Voltage"; Value = "4V"; VariantName = "[No Variations]"
Add component (AddParameter): Name = "Transition Frequency"; Value = ""; VariantName = "[No Variations]"
Add component (AddParameter): Name = "Turn-Off Delay Time"; Value = "40ns"; VariantName = "[No Variations]"
Add component (AddParameter): Name = "Turn-On Delay Time"; Value = "12ns"; VariantName = "[No Variations]"
Add component (AddParameter): Name = "Type"; Value = ""; VariantName = "[No Variations]"
Add component (AddParameter): Name = "Vce max"; Value = ""; VariantName = "[No Variations]"
Add component (AddParameter): Name = "Vds"; Value = ""; VariantName = "[No Variations]"
Add component (AddParameter): Name = "Viewing Angle"; Value = ""; VariantName = "[No Variations]"
Add component (AddParameter): Name = "Voltage"; Value = ""; VariantName = "[No Variations]"
Add component (AddParameter): Name = "Voltage Rating (DC)"; Value = ""; VariantName = "[No Variations]"
Add component (AddParameter): Name = "Wavelength"; Value = ""; VariantName = "[No Variations]"
Add component (AddParameter): Name = "Weight"; Value = ""; VariantName = "[No Variations]"
Add component (AddParameter): Name = "Width"; Value = "0.245inch"; VariantName = "[No Variations]"
Added Component: Designator=Q703(WL-OCPT_LSOP4)
Add component (AddParameter): Name = "RoHS Compliant"; Value = "Yes"; VariantName = "[No Variations]"
Added Component: Designator=Q801(TRT-NCH-D2PAK)
Add component (AddParameter): Name = ".Creator"; Value = ""; VariantName = "[No Variations]"
Add component (AddParameter): Name = ".PCBcheck"; Value = ""; VariantName = "[No Variations]"
Add component (AddParameter): Name = ".SCHcheck"; Value = ""; VariantName = "[No Variations]"
Add component (AddParameter): Name = "Accuracy"; Value = ""; VariantName = "[No Variations]"
Add component (AddParameter): Name = "Case Code (Imperial)"; Value = ""; VariantName = "[No Variations]"
Add component (AddParameter): Name = "Case Code (Metric)"; Value = ""; VariantName = "[No Variations]"
Add component (AddParameter): Name = "Case/Package"; Value = "TO-252-3"; VariantName = "[No Variations]"
Add component (AddParameter): Name = "Category"; Value = "MOSFETs"; VariantName = "[No Variations]"
Add component (AddParameter): Name = "Collector Base Voltage (VCBO)"; Value = ""; VariantName = "[No Variations]"
Add component (AddParameter): Name = "Collector Emitter Breakdown Voltage"; Value = ""; VariantName = "[No Variations]"
Add component (AddParameter): Name = "Collector Emitter Saturation Voltage"; Value = ""; VariantName = "[No Variations]"
Add component (AddParameter): Name = "Collector Emitter Voltage (VCEO)"; Value = ""; VariantName = "[No Variations]"
Add component (AddParameter): Name = "Collector-emitter Voltage-Max"; Value = ""; VariantName = "[No Variations]"
Add component (AddParameter): Name = "Color"; Value = ""; VariantName = "[No Variations]"
Add component (AddParameter): Name = "ComponentLink1Description"; Value = "Datasheet"; VariantName = "[No Variations]"
Add component (AddParameter): Name = "ComponentLink1URL"; Value = "https://www.mouser.es/datasheet/2/427/sq2318bes-1868475.pdf"; VariantName = "[No Variations]"
Add component (AddParameter): Name = "Contact Plating"; Value = ""; VariantName = "[No Variations]"
Add component (AddParameter): Name = "Continuous Collector Current"; Value = ""; VariantName = "[No Variations]"
Add component (AddParameter): Name = "Continuous Drain Current (ID)"; Value = "31A"; VariantName = "[No Variations]"
Add component (AddParameter): Name = "Current Rating"; Value = ""; VariantName = "[No Variations]"
Add component (AddParameter): Name = "Design Item ID"; Value = "TRT-NCH-31/100"; VariantName = "[No Variations]"
Add component (AddParameter): Name = "Dominant Wavelength"; Value = ""; VariantName = "[No Variations]"
Add component (AddParameter): Name = "Drain to Source Breakdown Voltage"; Value = "100V"; VariantName = "[No Variations]"
Add component (AddParameter): Name = "Drain to Source Resistance"; Value = "39mR"; VariantName = "[No Variations]"
Add component (AddParameter): Name = "Drain to Source Voltage (Vdss)"; Value = "100V"; VariantName = "[No Variations]"
Add component (AddParameter): Name = "Dropout Voltage"; Value = ""; VariantName = "[No Variations]"
Add component (AddParameter): Name = "Element Configuration"; Value = ""; VariantName = "[No Variations]"
Add component (AddParameter): Name = "Emitter Base Voltage (VEBO)"; Value = ""; VariantName = "[No Variations]"
Add component (AddParameter): Name = "Fall Time"; Value = ""; VariantName = "[No Variations]"
Add component (AddParameter): Name = "Forward Current"; Value = ""; VariantName = "[No Variations]"
Add component (AddParameter): Name = "Forward Voltage"; Value = ""; VariantName = "[No Variations]"
Add component (AddParameter): Name = "Frequency"; Value = ""; VariantName = "[No Variations]"
Add component (AddParameter): Name = "Gain"; Value = ""; VariantName = "[No Variations]"
Add component (AddParameter): Name = "Gain Bandwidth Product"; Value = ""; VariantName = "[No Variations]"
Add component (AddParameter): Name = "Gate to Source Voltage (Vgs)"; Value = "20V"; VariantName = "[No Variations]"
Add component (AddParameter): Name = "Halogen Free"; Value = "Halogen Free"; VariantName = "[No Variations]"
Add component (AddParameter): Name = "Height"; Value = "0.094inch"; VariantName = "[No Variations]"
Add component (AddParameter): Name = "hFE Min"; Value = ""; VariantName = "[No Variations]"
Add component (AddParameter): Name = "Ic max"; Value = ""; VariantName = "[No Variations]"
Add component (AddParameter): Name = "Input Capacitance"; Value = "1.69nF"; VariantName = "[No Variations]"
Add component (AddParameter): Name = "Lead Free"; Value = "Contains Lead"; VariantName = "[No Variations]"
Add component (AddParameter): Name = "Length"; Value = "0.264inch"; VariantName = "[No Variations]"
Add component (AddParameter): Name = "Lens Color"; Value = ""; VariantName = "[No Variations]"
Add component (AddParameter): Name = "Lens Style"; Value = ""; VariantName = "[No Variations]"
Add component (AddParameter): Name = "Lens Transparency"; Value = ""; VariantName = "[No Variations]"
Add component (AddParameter): Name = "Luminous Flux"; Value = ""; VariantName = "[No Variations]"
Add component (AddParameter): Name = "Luminous Intensity"; Value = ""; VariantName = "[No Variations]"
Add component (AddParameter): Name = "Manufacturer"; Value = ""; VariantName = "[No Variations]"
Add component (AddParameter): Name = "Manufacturer 1"; Value = "Infineon"; VariantName = "[No Variations]"
Add component (AddParameter): Name = "Manufacturer Part Number"; Value = ""; VariantName = "[No Variations]"
Add component (AddParameter): Name = "Manufacturer Part Number 1"; Value = "IRFR3410TRPBF"; VariantName = "[No Variations]"
Add component (AddParameter): Name = "Max Breakdown Voltage"; Value = ""; VariantName = "[No Variations]"
Add component (AddParameter): Name = "Max Collector Current"; Value = ""; VariantName = "[No Variations]"
Add component (AddParameter): Name = "Max Current Rating"; Value = ""; VariantName = "[No Variations]"
Add component (AddParameter): Name = "Max Dual Supply Voltage"; Value = "100V"; VariantName = "[No Variations]"
Add component (AddParameter): Name = "Max Frequency"; Value = ""; VariantName = "[No Variations]"
Add component (AddParameter): Name = "Max Gain"; Value = ""; VariantName = "[No Variations]"
Add component (AddParameter): Name = "Max Input Voltage"; Value = ""; VariantName = "[No Variations]"
Add component (AddParameter): Name = "Max Operating Temperature"; Value = "175°C"; VariantName = "[No Variations]"
Add component (AddParameter): Name = "Max Output Current"; Value = ""; VariantName = "[No Variations]"
Add component (AddParameter): Name = "Max Power Dissipation"; Value = "3W"; VariantName = "[No Variations]"
Add component (AddParameter): Name = "Max Supply Voltage"; Value = ""; VariantName = "[No Variations]"
Add component (AddParameter): Name = "Maximum current collector"; Value = ""; VariantName = "[No Variations]"
Add component (AddParameter): Name = "Min Current Limit"; Value = ""; VariantName = "[No Variations]"
Add component (AddParameter): Name = "Min Input Voltage"; Value = ""; VariantName = "[No Variations]"
Add component (AddParameter): Name = "Min Operating Temperature"; Value = "-55°C"; VariantName = "[No Variations]"
Add component (AddParameter): Name = "Min Supply Voltage"; Value = ""; VariantName = "[No Variations]"
Add component (AddParameter): Name = "Mount"; Value = "Surface Mount"; VariantName = "[No Variations]"
Add component (AddParameter): Name = "Nominal Output Voltage"; Value = ""; VariantName = "[No Variations]"
Add component (AddParameter): Name = "Number of Elements"; Value = ""; VariantName = "[No Variations]"
Add component (AddParameter): Name = "Number of Outputs"; Value = ""; VariantName = "[No Variations]"
Add component (AddParameter): Name = "Number of Pins"; Value = "3"; VariantName = "[No Variations]"
Add component (AddParameter): Name = "Number of Regulators"; Value = ""; VariantName = "[No Variations]"
Add component (AddParameter): Name = "Operating voltage BE sat"; Value = ""; VariantName = "[No Variations]"
Add component (AddParameter): Name = "Output Current"; Value = ""; VariantName = "[No Variations]"
Add component (AddParameter): Name = "Output Type"; Value = ""; VariantName = "[No Variations]"
Add component (AddParameter): Name = "Output Voltage"; Value = ""; VariantName = "[No Variations]"
Add component (AddParameter): Name = "Output Voltage Accuracy"; Value = ""; VariantName = "[No Variations]"
Add component (AddParameter): Name = "Package"; Value = ""; VariantName = "[No Variations]"
Add component (AddParameter): Name = "Package Quantity"; Value = ""; VariantName = "[No Variations]"
Add component (AddParameter): Name = "Packaging"; Value = "Cut Tape"; VariantName = "[No Variations]"
Add component (AddParameter): Name = "Polarity"; Value = ""; VariantName = "[No Variations]"
Add component (AddParameter): Name = "Polarization"; Value = "N"; VariantName = "[No Variations]"
Add component (AddParameter): Name = "Power Dissipation"; Value = "110W"; VariantName = "[No Variations]"
Add component (AddParameter): Name = "Power rating"; Value = ""; VariantName = "[No Variations]"
Add component (AddParameter): Name = "Pricing 1"; Value = "1=1,20000, 10=1,08000, 100=0,84200, 500=0,69600 (EUR)"; VariantName = "[No Variations]"
Add component (AddParameter): Name = "Quiescent Current"; Value = ""; VariantName = "[No Variations]"
Add component (AddParameter): Name = "Radiation Hardening"; Value = ""; VariantName = "[No Variations]"
Add component (AddParameter): Name = "Rds On Max"; Value = "39mR"; VariantName = "[No Variations]"
Add component (AddParameter): Name = "REACH SVHC"; Value = ""; VariantName = "[No Variations]"
Add component (AddParameter): Name = "Reach SVHC Compliant"; Value = "Yes"; VariantName = "[No Variations]"
Add component (AddParameter): Name = "Rise Time"; Value = ""; VariantName = "[No Variations]"
Add component (AddParameter): Name = "RoHS"; Value = "Yes"; VariantName = "[No Variations]"
Add component (AddParameter): Name = "RoHS Compliant"; Value = "Yes"; VariantName = "[No Variations]"
Add component (AddParameter): Name = "Series"; Value = "HEXFET®"; VariantName = "[No Variations]"
Add component (AddParameter): Name = "Source"; Value = "Semiconductor.SchLib"; VariantName = "[No Variations]"
Add component (AddParameter): Name = "Stock 1"; Value = "4070"; VariantName = "[No Variations]"
Add component (AddParameter): Name = "Termination"; Value = ""; VariantName = "[No Variations]"
Add component (AddParameter): Name = "Test Current"; Value = ""; VariantName = "[No Variations]"
Add component (AddParameter): Name = "Test Temperature"; Value = ""; VariantName = "[No Variations]"
Add component (AddParameter): Name = "Thermal Resistance of Package"; Value = ""; VariantName = "[No Variations]"
Add component (AddParameter): Name = "Threshold Voltage"; Value = "4V"; VariantName = "[No Variations]"
Add component (AddParameter): Name = "Transition Frequency"; Value = ""; VariantName = "[No Variations]"
Add component (AddParameter): Name = "Turn-Off Delay Time"; Value = "40ns"; VariantName = "[No Variations]"
Add component (AddParameter): Name = "Turn-On Delay Time"; Value = "12ns"; VariantName = "[No Variations]"
Add component (AddParameter): Name = "Type"; Value = ""; VariantName = "[No Variations]"
Add component (AddParameter): Name = "Vce max"; Value = ""; VariantName = "[No Variations]"
Add component (AddParameter): Name = "Vds"; Value = ""; VariantName = "[No Variations]"
Add component (AddParameter): Name = "Viewing Angle"; Value = ""; VariantName = "[No Variations]"
Add component (AddParameter): Name = "Voltage"; Value = ""; VariantName = "[No Variations]"
Add component (AddParameter): Name = "Voltage Rating (DC)"; Value = ""; VariantName = "[No Variations]"
Add component (AddParameter): Name = "Wavelength"; Value = ""; VariantName = "[No Variations]"
Add component (AddParameter): Name = "Weight"; Value = ""; VariantName = "[No Variations]"
Add component (AddParameter): Name = "Width"; Value = "0.245inch"; VariantName = "[No Variations]"
Added Component: Designator=R1(R0805FTK)
Add component (AddParameter): Name = ".Creator"; Value = "DR"; VariantName = "[No Variations]"
Add component (AddParameter): Name = ".PCBcheck"; Value = ""; VariantName = "[No Variations]"
Add component (AddParameter): Name = ".SCHcheck"; Value = ""; VariantName = "[No Variations]"
Add component (AddParameter): Name = "Case Code (Metric)"; Value = "2012"; VariantName = "[No Variations]"
Add component (AddParameter): Name = "Case/Package"; Value = "0805"; VariantName = "[No Variations]"
Add component (AddParameter): Name = "Category"; Value = "Chip SMD Resistors"; VariantName = "[No Variations]"
Add component (AddParameter): Name = "Circuit Type"; Value = ""; VariantName = "[No Variations]"
Add component (AddParameter): Name = "Color"; Value = ""; VariantName = "[No Variations]"
Add component (AddParameter): Name = "ComponentLink1Description"; Value = "https://datasheet.ciiva.com/11821/0900766b80fcdb72-11821135.pdf?src-supplier=RSComponents"; VariantName = "[No Variations]"
Add component (AddParameter): Name = "ComponentLink1URL"; Value = "https://datasheet.ciiva.com/11821/0900766b80fcdb72-11821135.pdf?src-supplier=RSComponents"; VariantName = "[No Variations]"
Add component (AddParameter): Name = "ComponentLink2Description"; Value = "https://datasheet.ciiva.com/9122/chpreztr-9122374.pdf?src-supplier=Avnet"; VariantName = "[No Variations]"
Add component (AddParameter): Name = "ComponentLink2URL"; Value = "https://datasheet.ciiva.com/9122/chpreztr-9122374.pdf?src-supplier=Avnet"; VariantName = "[No Variations]"
Add component (AddParameter): Name = "ComponentLink3Description"; Value = "https://datasheet.ciiva.com/22693/1902866-22693254.pdf?src-supplier=Element14"; VariantName = "[No Variations]"
Add component (AddParameter): Name = "ComponentLink3URL"; Value = "https://datasheet.ciiva.com/22693/1902866-22693254.pdf?src-supplier=Element14"; VariantName = "[No Variations]"
Add component (AddParameter): Name = "ComponentLink4Description"; Value = "https://datasheet.ciiva.com/7986/691949-7986187.pdf?src-supplier=Element14"; VariantName = "[No Variations]"
Add component (AddParameter): Name = "ComponentLink4URL"; Value = "https://datasheet.ciiva.com/7986/691949-7986187.pdf?src-supplier=Element14"; VariantName = "[No Variations]"
Add component (AddParameter): Name = "ComponentLink5Description"; Value = "https://datasheet.ciiva.com/30065/159chpreztr-30065976.pdf?src-supplier=Onlinecomponents.com"; VariantName = "[No Variations]"
Add component (AddParameter): Name = "ComponentLink5URL"; Value = "https://datasheet.ciiva.com/30065/159chpreztr-30065976.pdf?src-supplier=Onlinecomponents.com"; VariantName = "[No Variations]"
Add component (AddParameter): Name = "ComponentLink6Description"; Value = "https://datasheet.ciiva.com/16783/70154685-16783482.pdf?src-supplier=Allied+Electronics"; VariantName = "[No Variations]"
Add component (AddParameter): Name = "ComponentLink6URL"; Value = "https://datasheet.ciiva.com/16783/70154685-16783482.pdf?src-supplier=Allied+Electronics"; VariantName = "[No Variations]"
Add component (AddParameter): Name = "ComponentLink7Description"; Value = "https://datasheet.ciiva.com/5548/chpreztr-5548491.pdf?src-supplier=Mouser"; VariantName = "[No Variations]"
Add component (AddParameter): Name = "ComponentLink7URL"; Value = "https://datasheet.ciiva.com/5548/chpreztr-5548491.pdf?src-supplier=Mouser"; VariantName = "[No Variations]"
Add component (AddParameter): Name = "ComponentLink8Description"; Value = "https://datasheet.ciiva.com/6559/chpreztr-6559900.pdf?src-supplier=Digi-Key"; VariantName = "[No Variations]"
Add component (AddParameter): Name = "ComponentLink8URL"; Value = "https://datasheet.ciiva.com/6559/chpreztr-6559900.pdf?src-supplier=Digi-Key"; VariantName = "[No Variations]"
Add component (AddParameter): Name = "ComponentLink9Description"; Value = "https://datasheet.ciiva.com/6559/chpreztr-6559901.pdf?src-supplier=Digi-Key"; VariantName = "[No Variations]"
Add component (AddParameter): Name = "ComponentLink9URL"; Value = "https://datasheet.ciiva.com/6559/chpreztr-6559901.pdf?src-supplier=Digi-Key"; VariantName = "[No Variations]"
Add component (AddParameter): Name = "ComponentLink10Description"; Value = "https://datasheet.ciiva.com/7985/1856384-7985869.pdf?src-supplier=Element14"; VariantName = "[No Variations]"
Add component (AddParameter): Name = "ComponentLink10URL"; Value = "https://datasheet.ciiva.com/7985/1856384-7985869.pdf?src-supplier=Element14"; VariantName = "[No Variations]"
Add component (AddParameter): Name = "ComponentLink11Description"; Value = "https://datasheet.ciiva.com/48692/001055517-da-01-en-smd-wid-cr0805-jw-103elf-10k-ohm-1-8w-48692118.pdf?src-supplier=Conrad"; VariantName = "[No Variations]"
Add component (AddParameter): Name = "ComponentLink11URL"; Value = "https://datasheet.ciiva.com/48692/001055517-da-01-en-smd-wid-cr0805-jw-103elf-10k-ohm-1-8w-48692118.pdf?src-supplier=Conrad"; VariantName = "[No Variations]"
Add component (AddParameter): Name = "Construction"; Value = "Rectangular"; VariantName = "[No Variations]"
Add component (AddParameter): Name = "Contact Plating"; Value = "Tin"; VariantName = "[No Variations]"
Add component (AddParameter): Name = "Current Rating"; Value = ""; VariantName = "[No Variations]"
Add component (AddParameter): Name = "Depth"; Value = "1.25mm"; VariantName = "[No Variations]"
Add component (AddParameter): Name = "Design Item ID"; Value = "R10k-0805FTK"; VariantName = "[No Variations]"
Add component (AddParameter): Name = "ELV"; Value = ""; VariantName = "[No Variations]"
Add component (AddParameter): Name = "Features"; Value = "Moisture Resistant"; VariantName = "[No Variations]"
Add component (AddParameter): Name = "Height"; Value = "0.5mm"; VariantName = "[No Variations]"
Add component (AddParameter): Name = "Insulation Resistance"; Value = ""; VariantName = "[No Variations]"
Add component (AddParameter): Name = "Lead Free"; Value = ""; VariantName = "[No Variations]"
Add component (AddParameter): Name = "Lead Length"; Value = ""; VariantName = "[No Variations]"
Add component (AddParameter): Name = "Length"; Value = "2mm"; VariantName = "[No Variations]"
Add component (AddParameter): Name = "Manufacturer"; Value = ""; VariantName = "[No Variations]"
Add component (AddParameter): Name = "Manufacturer 1"; Value = "Bourns"; VariantName = "[No Variations]"
Add component (AddParameter): Name = "Manufacturer Part Number"; Value = ""; VariantName = "[No Variations]"
Add component (AddParameter): Name = "Manufacturer Part Number 1"; Value = "CR0805-JW-103ELF"; VariantName = "[No Variations]"
Add component (AddParameter): Name = "Max Operating Temperature"; Value = "155°C"; VariantName = "[No Variations]"
Add component (AddParameter): Name = "Max Power Dissipation"; Value = "125mW"; VariantName = "[No Variations]"
Add component (AddParameter): Name = "Military Standard"; Value = "Not"; VariantName = "[No Variations]"
Add component (AddParameter): Name = "Min Operating Temperature"; Value = "-55°C"; VariantName = "[No Variations]"
Add component (AddParameter): Name = "Mount"; Value = "Surface Mount"; VariantName = "[No Variations]"
Add component (AddParameter): Name = "Mounting Technology"; Value = ""; VariantName = "[No Variations]"
Add component (AddParameter): Name = "Number of Contacts"; Value = ""; VariantName = "[No Variations]"
Add component (AddParameter): Name = "Number of Elements"; Value = ""; VariantName = "[No Variations]"
Add component (AddParameter): Name = "Number of Resistors"; Value = ""; VariantName = "[No Variations]"
Add component (AddParameter): Name = "Number of Terminals/Pins"; Value = ""; VariantName = "[No Variations]"
Add component (AddParameter): Name = "Number of Terminations"; Value = "2"; VariantName = "[No Variations]"
Add component (AddParameter): Name = "Number of Turns"; Value = ""; VariantName = "[No Variations]"
Add component (AddParameter): Name = "Package Quantity"; Value = "1"; VariantName = "[No Variations]"
Add component (AddParameter): Name = "Package Shape"; Value = ""; VariantName = "[No Variations]"
Add component (AddParameter): Name = "Packaging"; Value = "Tape and Reel"; VariantName = "[No Variations]"
Add component (AddParameter): Name = "Pins"; Value = "2"; VariantName = "[No Variations]"
Add component (AddParameter): Name = "Power"; Value = ""; VariantName = "[No Variations]"
Add component (AddParameter): Name = "Power Per Element"; Value = ""; VariantName = "[No Variations]"
Add component (AddParameter): Name = "Power Rating"; Value = "125mW"; VariantName = "[No Variations]"
Add component (AddParameter): Name = "Pricing 1"; Value = "1=0,05790, 10=0,01540, 25=0,01340, 100=0,00340 (USD)"; VariantName = "[No Variations]"
Add component (AddParameter): Name = "Radiation Hardening"; Value = "No"; VariantName = "[No Variations]"
Add component (AddParameter): Name = "REACH SVHC"; Value = "No SVHC"; VariantName = "[No Variations]"
Add component (AddParameter): Name = "Resistance"; Value = ""; VariantName = "[No Variations]"
Add component (AddParameter): Name = "Resistance Tolerance"; Value = "5%"; VariantName = "[No Variations]"
Add component (AddParameter): Name = "Resistence"; Value = ""; VariantName = "[No Variations]"
Add component (AddParameter): Name = "Resistor Type"; Value = "Thick Film"; VariantName = "[No Variations]"
Add component (AddParameter): Name = "RoHS"; Value = "Yes"; VariantName = "[No Variations]"
Add component (AddParameter): Name = "RoHS Compliant"; Value = "Yes"; VariantName = "[No Variations]"
Add component (AddParameter): Name = "Series"; Value = "CR0805"; VariantName = "[No Variations]"
Add component (AddParameter): Name = "Size Code"; Value = ""; VariantName = "[No Variations]"
Add component (AddParameter): Name = "Source"; Value = "Passives.SchLib"; VariantName = "[No Variations]"
Add component (AddParameter): Name = "Stock 1"; Value = "57566"; VariantName = "[No Variations]"
Add component (AddParameter): Name = "Taper"; Value = ""; VariantName = "[No Variations]"
Add component (AddParameter): Name = "Technology"; Value = "THICK FILM"; VariantName = "[No Variations]"
Add component (AddParameter): Name = "Temperature Coefficient"; Value = "200ppm/°C"; VariantName = "[No Variations]"
Add component (AddParameter): Name = "Terminal Finish"; Value = ""; VariantName = "[No Variations]"
Add component (AddParameter): Name = "Terminal Pitch"; Value = ""; VariantName = "[No Variations]"
Add component (AddParameter): Name = "Termination"; Value = "SMD/SMT"; VariantName = "[No Variations]"
Add component (AddParameter): Name = "Thickness"; Value = "508um"; VariantName = "[No Variations]"
Add component (AddParameter): Name = "Tolerance"; Value = "5%"; VariantName = "[No Variations]"
Add component (AddParameter): Name = "Value"; Value = "10k"; VariantName = "[No Variations]"
Add component (AddParameter): Name = "Voltage Rating"; Value = "150V"; VariantName = "[No Variations]"
Add component (AddParameter): Name = "Voltage Rating (DC)"; Value = "100V"; VariantName = "[No Variations]"
Add component (AddParameter): Name = "Weight"; Value = ""; VariantName = "[No Variations]"
Add component (AddParameter): Name = "Width"; Value = "1.25mm"; VariantName = "[No Variations]"
Add component (AddParameter): Name = "Working Voltage"; Value = ""; VariantName = "[No Variations]"
Added Component: Designator=R2(R0805FTK)
Add component (AddParameter): Name = ".Creator"; Value = "DR"; VariantName = "[No Variations]"
Add component (AddParameter): Name = ".PCBcheck"; Value = ""; VariantName = "[No Variations]"
Add component (AddParameter): Name = ".SCHcheck"; Value = ""; VariantName = "[No Variations]"
Add component (AddParameter): Name = "Case Code (Metric)"; Value = "2012"; VariantName = "[No Variations]"
Add component (AddParameter): Name = "Case/Package"; Value = "0805"; VariantName = "[No Variations]"
Add component (AddParameter): Name = "Category"; Value = "Chip SMD Resistors"; VariantName = "[No Variations]"
Add component (AddParameter): Name = "Circuit Type"; Value = ""; VariantName = "[No Variations]"
Add component (AddParameter): Name = "Color"; Value = ""; VariantName = "[No Variations]"
Add component (AddParameter): Name = "ComponentLink1Description"; Value = "https://datasheet.ciiva.com/11821/0900766b80fcdb72-11821135.pdf?src-supplier=RSComponents"; VariantName = "[No Variations]"
Add component (AddParameter): Name = "ComponentLink1URL"; Value = "https://datasheet.ciiva.com/11821/0900766b80fcdb72-11821135.pdf?src-supplier=RSComponents"; VariantName = "[No Variations]"
Add component (AddParameter): Name = "ComponentLink2Description"; Value = "https://datasheet.ciiva.com/9122/chpreztr-9122374.pdf?src-supplier=Avnet"; VariantName = "[No Variations]"
Add component (AddParameter): Name = "ComponentLink2URL"; Value = "https://datasheet.ciiva.com/9122/chpreztr-9122374.pdf?src-supplier=Avnet"; VariantName = "[No Variations]"
Add component (AddParameter): Name = "ComponentLink3Description"; Value = "https://datasheet.ciiva.com/22693/1902866-22693254.pdf?src-supplier=Element14"; VariantName = "[No Variations]"
Add component (AddParameter): Name = "ComponentLink3URL"; Value = "https://datasheet.ciiva.com/22693/1902866-22693254.pdf?src-supplier=Element14"; VariantName = "[No Variations]"
Add component (AddParameter): Name = "ComponentLink4Description"; Value = "https://datasheet.ciiva.com/7986/691949-7986187.pdf?src-supplier=Element14"; VariantName = "[No Variations]"
Add component (AddParameter): Name = "ComponentLink4URL"; Value = "https://datasheet.ciiva.com/7986/691949-7986187.pdf?src-supplier=Element14"; VariantName = "[No Variations]"
Add component (AddParameter): Name = "ComponentLink5Description"; Value = "https://datasheet.ciiva.com/30065/159chpreztr-30065976.pdf?src-supplier=Onlinecomponents.com"; VariantName = "[No Variations]"
Add component (AddParameter): Name = "ComponentLink5URL"; Value = "https://datasheet.ciiva.com/30065/159chpreztr-30065976.pdf?src-supplier=Onlinecomponents.com"; VariantName = "[No Variations]"
Add component (AddParameter): Name = "ComponentLink6Description"; Value = "https://datasheet.ciiva.com/16783/70154685-16783482.pdf?src-supplier=Allied+Electronics"; VariantName = "[No Variations]"
Add component (AddParameter): Name = "ComponentLink6URL"; Value = "https://datasheet.ciiva.com/16783/70154685-16783482.pdf?src-supplier=Allied+Electronics"; VariantName = "[No Variations]"
Add component (AddParameter): Name = "ComponentLink7Description"; Value = "https://datasheet.ciiva.com/5548/chpreztr-5548491.pdf?src-supplier=Mouser"; VariantName = "[No Variations]"
Add component (AddParameter): Name = "ComponentLink7URL"; Value = "https://datasheet.ciiva.com/5548/chpreztr-5548491.pdf?src-supplier=Mouser"; VariantName = "[No Variations]"
Add component (AddParameter): Name = "ComponentLink8Description"; Value = "https://datasheet.ciiva.com/6559/chpreztr-6559900.pdf?src-supplier=Digi-Key"; VariantName = "[No Variations]"
Add component (AddParameter): Name = "ComponentLink8URL"; Value = "https://datasheet.ciiva.com/6559/chpreztr-6559900.pdf?src-supplier=Digi-Key"; VariantName = "[No Variations]"
Add component (AddParameter): Name = "ComponentLink9Description"; Value = "https://datasheet.ciiva.com/6559/chpreztr-6559901.pdf?src-supplier=Digi-Key"; VariantName = "[No Variations]"
Add component (AddParameter): Name = "ComponentLink9URL"; Value = "https://datasheet.ciiva.com/6559/chpreztr-6559901.pdf?src-supplier=Digi-Key"; VariantName = "[No Variations]"
Add component (AddParameter): Name = "ComponentLink10Description"; Value = "https://datasheet.ciiva.com/7985/1856384-7985869.pdf?src-supplier=Element14"; VariantName = "[No Variations]"
Add component (AddParameter): Name = "ComponentLink10URL"; Value = "https://datasheet.ciiva.com/7985/1856384-7985869.pdf?src-supplier=Element14"; VariantName = "[No Variations]"
Add component (AddParameter): Name = "ComponentLink11Description"; Value = "https://datasheet.ciiva.com/48692/001055517-da-01-en-smd-wid-cr0805-jw-103elf-10k-ohm-1-8w-48692118.pdf?src-supplier=Conrad"; VariantName = "[No Variations]"
Add component (AddParameter): Name = "ComponentLink11URL"; Value = "https://datasheet.ciiva.com/48692/001055517-da-01-en-smd-wid-cr0805-jw-103elf-10k-ohm-1-8w-48692118.pdf?src-supplier=Conrad"; VariantName = "[No Variations]"
Add component (AddParameter): Name = "Construction"; Value = "Rectangular"; VariantName = "[No Variations]"
Add component (AddParameter): Name = "Contact Plating"; Value = "Tin"; VariantName = "[No Variations]"
Add component (AddParameter): Name = "Current Rating"; Value = ""; VariantName = "[No Variations]"
Add component (AddParameter): Name = "Depth"; Value = "1.25mm"; VariantName = "[No Variations]"
Add component (AddParameter): Name = "Design Item ID"; Value = "R10k-0805FTK"; VariantName = "[No Variations]"
Add component (AddParameter): Name = "ELV"; Value = ""; VariantName = "[No Variations]"
Add component (AddParameter): Name = "Features"; Value = "Moisture Resistant"; VariantName = "[No Variations]"
Add component (AddParameter): Name = "Height"; Value = "0.5mm"; VariantName = "[No Variations]"
Add component (AddParameter): Name = "Insulation Resistance"; Value = ""; VariantName = "[No Variations]"
Add component (AddParameter): Name = "Lead Free"; Value = ""; VariantName = "[No Variations]"
Add component (AddParameter): Name = "Lead Length"; Value = ""; VariantName = "[No Variations]"
Add component (AddParameter): Name = "Length"; Value = "2mm"; VariantName = "[No Variations]"
Add component (AddParameter): Name = "Manufacturer"; Value = ""; VariantName = "[No Variations]"
Add component (AddParameter): Name = "Manufacturer 1"; Value = "Bourns"; VariantName = "[No Variations]"
Add component (AddParameter): Name = "Manufacturer Part Number"; Value = ""; VariantName = "[No Variations]"
Add component (AddParameter): Name = "Manufacturer Part Number 1"; Value = "CR0805-JW-103ELF"; VariantName = "[No Variations]"
Add component (AddParameter): Name = "Max Operating Temperature"; Value = "155°C"; VariantName = "[No Variations]"
Add component (AddParameter): Name = "Max Power Dissipation"; Value = "125mW"; VariantName = "[No Variations]"
Add component (AddParameter): Name = "Military Standard"; Value = "Not"; VariantName = "[No Variations]"
Add component (AddParameter): Name = "Min Operating Temperature"; Value = "-55°C"; VariantName = "[No Variations]"
Add component (AddParameter): Name = "Mount"; Value = "Surface Mount"; VariantName = "[No Variations]"
Add component (AddParameter): Name = "Mounting Technology"; Value = ""; VariantName = "[No Variations]"
Add component (AddParameter): Name = "Number of Contacts"; Value = ""; VariantName = "[No Variations]"
Add component (AddParameter): Name = "Number of Elements"; Value = ""; VariantName = "[No Variations]"
Add component (AddParameter): Name = "Number of Resistors"; Value = ""; VariantName = "[No Variations]"
Add component (AddParameter): Name = "Number of Terminals/Pins"; Value = ""; VariantName = "[No Variations]"
Add component (AddParameter): Name = "Number of Terminations"; Value = "2"; VariantName = "[No Variations]"
Add component (AddParameter): Name = "Number of Turns"; Value = ""; VariantName = "[No Variations]"
Add component (AddParameter): Name = "Package Quantity"; Value = "1"; VariantName = "[No Variations]"
Add component (AddParameter): Name = "Package Shape"; Value = ""; VariantName = "[No Variations]"
Add component (AddParameter): Name = "Packaging"; Value = "Tape and Reel"; VariantName = "[No Variations]"
Add component (AddParameter): Name = "Pins"; Value = "2"; VariantName = "[No Variations]"
Add component (AddParameter): Name = "Power"; Value = ""; VariantName = "[No Variations]"
Add component (AddParameter): Name = "Power Per Element"; Value = ""; VariantName = "[No Variations]"
Add component (AddParameter): Name = "Power Rating"; Value = "125mW"; VariantName = "[No Variations]"
Add component (AddParameter): Name = "Pricing 1"; Value = "1=0,05790, 10=0,01540, 25=0,01340, 100=0,00340 (USD)"; VariantName = "[No Variations]"
Add component (AddParameter): Name = "Radiation Hardening"; Value = "No"; VariantName = "[No Variations]"
Add component (AddParameter): Name = "REACH SVHC"; Value = "No SVHC"; VariantName = "[No Variations]"
Add component (AddParameter): Name = "Resistance"; Value = ""; VariantName = "[No Variations]"
Add component (AddParameter): Name = "Resistance Tolerance"; Value = "5%"; VariantName = "[No Variations]"
Add component (AddParameter): Name = "Resistence"; Value = ""; VariantName = "[No Variations]"
Add component (AddParameter): Name = "Resistor Type"; Value = "Thick Film"; VariantName = "[No Variations]"
Add component (AddParameter): Name = "RoHS"; Value = "Yes"; VariantName = "[No Variations]"
Add component (AddParameter): Name = "RoHS Compliant"; Value = "Yes"; VariantName = "[No Variations]"
Add component (AddParameter): Name = "Series"; Value = "CR0805"; VariantName = "[No Variations]"
Add component (AddParameter): Name = "Size Code"; Value = ""; VariantName = "[No Variations]"
Add component (AddParameter): Name = "Source"; Value = "Passives.SchLib"; VariantName = "[No Variations]"
Add component (AddParameter): Name = "Stock 1"; Value = "57566"; VariantName = "[No Variations]"
Add component (AddParameter): Name = "Taper"; Value = ""; VariantName = "[No Variations]"
Add component (AddParameter): Name = "Technology"; Value = "THICK FILM"; VariantName = "[No Variations]"
Add component (AddParameter): Name = "Temperature Coefficient"; Value = "200ppm/°C"; VariantName = "[No Variations]"
Add component (AddParameter): Name = "Terminal Finish"; Value = ""; VariantName = "[No Variations]"
Add component (AddParameter): Name = "Terminal Pitch"; Value = ""; VariantName = "[No Variations]"
Add component (AddParameter): Name = "Termination"; Value = "SMD/SMT"; VariantName = "[No Variations]"
Add component (AddParameter): Name = "Thickness"; Value = "508um"; VariantName = "[No Variations]"
Add component (AddParameter): Name = "Tolerance"; Value = "5%"; VariantName = "[No Variations]"
Add component (AddParameter): Name = "Value"; Value = "10k"; VariantName = "[No Variations]"
Add component (AddParameter): Name = "Voltage Rating"; Value = "150V"; VariantName = "[No Variations]"
Add component (AddParameter): Name = "Voltage Rating (DC)"; Value = "100V"; VariantName = "[No Variations]"
Add component (AddParameter): Name = "Weight"; Value = ""; VariantName = "[No Variations]"
Add component (AddParameter): Name = "Width"; Value = "1.25mm"; VariantName = "[No Variations]"
Add component (AddParameter): Name = "Working Voltage"; Value = ""; VariantName = "[No Variations]"
Added Component: Designator=R3(0805)
Add component (AddParameter): Name = "Case/Package"; Value = "0805"; VariantName = "[No Variations]"
Add component (AddParameter): Name = "Connector Type"; Value = ""; VariantName = "[No Variations]"
Add component (AddParameter): Name = "Gender"; Value = ""; VariantName = "[No Variations]"
Add component (AddParameter): Name = "Max Current Rating"; Value = ""; VariantName = "[No Variations]"
Add component (AddParameter): Name = "Max Operating Temperature"; Value = "155°C"; VariantName = "[No Variations]"
Add component (AddParameter): Name = "Min Operating Temperature"; Value = "-55°C"; VariantName = "[No Variations]"
Add component (AddParameter): Name = "Mounting Technology"; Value = "Surface Mount"; VariantName = "[No Variations]"
Add component (AddParameter): Name = "Pins"; Value = "2"; VariantName = "[No Variations]"
Add component (AddParameter): Name = "Power"; Value = "125mW"; VariantName = "[No Variations]"
Add component (AddParameter): Name = "Resistance"; Value = ""; VariantName = "[No Variations]"
Add component (AddParameter): Name = "RoHS Compliant"; Value = "Yes"; VariantName = "[No Variations]"
Add component (AddParameter): Name = "Tolerance"; Value = "1%"; VariantName = "[No Variations]"
Add component (AddParameter): Name = "Value"; Value = "12.4k"; VariantName = "[No Variations]"
Add component (AddParameter): Name = "Voltage Rating"; Value = ""; VariantName = "[No Variations]"
Added Component: Designator=R4(0805)
Add component (AddParameter): Name = "Case/Package"; Value = "0805"; VariantName = "[No Variations]"
Add component (AddParameter): Name = "Max Operating Temperature"; Value = "155°C"; VariantName = "[No Variations]"
Add component (AddParameter): Name = "Min Operating Temperature"; Value = "-55°C"; VariantName = "[No Variations]"
Add component (AddParameter): Name = "Mounting Technology"; Value = "Surface Mount"; VariantName = "[No Variations]"
Add component (AddParameter): Name = "Pins"; Value = "2"; VariantName = "[No Variations]"
Add component (AddParameter): Name = "Power"; Value = "125mW"; VariantName = "[No Variations]"
Add component (AddParameter): Name = "Resistance"; Value = ""; VariantName = "[No Variations]"
Add component (AddParameter): Name = "RoHS Compliant"; Value = "Yes"; VariantName = "[No Variations]"
Add component (AddParameter): Name = "Tolerance"; Value = "1%"; VariantName = "[No Variations]"
Add component (AddParameter): Name = "Value"; Value = "8.2k"; VariantName = "[No Variations]"
Add component (AddParameter): Name = "Voltage Rating"; Value = ""; VariantName = "[No Variations]"
Added Component: Designator=R5(0805)
Add component (AddParameter): Name = "Case/Package"; Value = "0805"; VariantName = "[No Variations]"
Add component (AddParameter): Name = "Connector Type"; Value = ""; VariantName = "[No Variations]"
Add component (AddParameter): Name = "Gender"; Value = ""; VariantName = "[No Variations]"
Add component (AddParameter): Name = "Max Current Rating"; Value = ""; VariantName = "[No Variations]"
Add component (AddParameter): Name = "Max Operating Temperature"; Value = "155°C"; VariantName = "[No Variations]"
Add component (AddParameter): Name = "Min Operating Temperature"; Value = "-55°C"; VariantName = "[No Variations]"
Add component (AddParameter): Name = "Mounting Technology"; Value = "Surface Mount"; VariantName = "[No Variations]"
Add component (AddParameter): Name = "Pins"; Value = "2"; VariantName = "[No Variations]"
Add component (AddParameter): Name = "Power"; Value = "125mW"; VariantName = "[No Variations]"
Add component (AddParameter): Name = "Resistance"; Value = ""; VariantName = "[No Variations]"
Add component (AddParameter): Name = "RoHS Compliant"; Value = "Yes"; VariantName = "[No Variations]"
Add component (AddParameter): Name = "Tolerance"; Value = "1%"; VariantName = "[No Variations]"
Add component (AddParameter): Name = "Value"; Value = "12.4k"; VariantName = "[No Variations]"
Add component (AddParameter): Name = "Voltage Rating"; Value = ""; VariantName = "[No Variations]"
Added Component: Designator=R6(0805)
Add component (AddParameter): Name = "Case/Package"; Value = "0805"; VariantName = "[No Variations]"
Add component (AddParameter): Name = "Max Operating Temperature"; Value = "155°C"; VariantName = "[No Variations]"
Add component (AddParameter): Name = "Min Operating Temperature"; Value = "-55°C"; VariantName = "[No Variations]"
Add component (AddParameter): Name = "Mounting Technology"; Value = "Surface Mount"; VariantName = "[No Variations]"
Add component (AddParameter): Name = "Pins"; Value = "2"; VariantName = "[No Variations]"
Add component (AddParameter): Name = "Power"; Value = "125mW"; VariantName = "[No Variations]"
Add component (AddParameter): Name = "Resistance"; Value = ""; VariantName = "[No Variations]"
Add component (AddParameter): Name = "RoHS Compliant"; Value = "Yes"; VariantName = "[No Variations]"
Add component (AddParameter): Name = "Tolerance"; Value = "1%"; VariantName = "[No Variations]"
Add component (AddParameter): Name = "Value"; Value = "8.2k"; VariantName = "[No Variations]"
Add component (AddParameter): Name = "Voltage Rating"; Value = ""; VariantName = "[No Variations]"
Added Component: Designator=R7(0805)
Add component (AddParameter): Name = "Case/Package"; Value = "0805"; VariantName = "[No Variations]"
Add component (AddParameter): Name = "Connector Type"; Value = ""; VariantName = "[No Variations]"
Add component (AddParameter): Name = "Gender"; Value = ""; VariantName = "[No Variations]"
Add component (AddParameter): Name = "Max Current Rating"; Value = ""; VariantName = "[No Variations]"
Add component (AddParameter): Name = "Max Operating Temperature"; Value = "155°C"; VariantName = "[No Variations]"
Add component (AddParameter): Name = "Min Operating Temperature"; Value = "-55°C"; VariantName = "[No Variations]"
Add component (AddParameter): Name = "Mounting Technology"; Value = "Surface Mount"; VariantName = "[No Variations]"
Add component (AddParameter): Name = "Pins"; Value = "2"; VariantName = "[No Variations]"
Add component (AddParameter): Name = "Power"; Value = "125mW"; VariantName = "[No Variations]"
Add component (AddParameter): Name = "Resistance"; Value = ""; VariantName = "[No Variations]"
Add component (AddParameter): Name = "RoHS Compliant"; Value = "Yes"; VariantName = "[No Variations]"
Add component (AddParameter): Name = "Tolerance"; Value = "1%"; VariantName = "[No Variations]"
Add component (AddParameter): Name = "Value"; Value = "12.4k"; VariantName = "[No Variations]"
Add component (AddParameter): Name = "Voltage Rating"; Value = ""; VariantName = "[No Variations]"
Added Component: Designator=R8(0805)
Add component (AddParameter): Name = "Case/Package"; Value = "0805"; VariantName = "[No Variations]"
Add component (AddParameter): Name = "Max Operating Temperature"; Value = "155°C"; VariantName = "[No Variations]"
Add component (AddParameter): Name = "Min Operating Temperature"; Value = "-55°C"; VariantName = "[No Variations]"
Add component (AddParameter): Name = "Mounting Technology"; Value = "Surface Mount"; VariantName = "[No Variations]"
Add component (AddParameter): Name = "Pins"; Value = "2"; VariantName = "[No Variations]"
Add component (AddParameter): Name = "Power"; Value = "125mW"; VariantName = "[No Variations]"
Add component (AddParameter): Name = "Resistance"; Value = ""; VariantName = "[No Variations]"
Add component (AddParameter): Name = "RoHS Compliant"; Value = "Yes"; VariantName = "[No Variations]"
Add component (AddParameter): Name = "Tolerance"; Value = "1%"; VariantName = "[No Variations]"
Add component (AddParameter): Name = "Value"; Value = "8.2k"; VariantName = "[No Variations]"
Add component (AddParameter): Name = "Voltage Rating"; Value = ""; VariantName = "[No Variations]"
Added Component: Designator=R9(0805)
Add component (AddParameter): Name = "Case/Package"; Value = "0805"; VariantName = "[No Variations]"
Add component (AddParameter): Name = "Connector Type"; Value = ""; VariantName = "[No Variations]"
Add component (AddParameter): Name = "Gender"; Value = ""; VariantName = "[No Variations]"
Add component (AddParameter): Name = "Max Current Rating"; Value = ""; VariantName = "[No Variations]"
Add component (AddParameter): Name = "Max Operating Temperature"; Value = "155°C"; VariantName = "[No Variations]"
Add component (AddParameter): Name = "Min Operating Temperature"; Value = "-55°C"; VariantName = "[No Variations]"
Add component (AddParameter): Name = "Mounting Technology"; Value = "Surface Mount"; VariantName = "[No Variations]"
Add component (AddParameter): Name = "Pins"; Value = "2"; VariantName = "[No Variations]"
Add component (AddParameter): Name = "Power"; Value = "125mW"; VariantName = "[No Variations]"
Add component (AddParameter): Name = "Resistance"; Value = ""; VariantName = "[No Variations]"
Add component (AddParameter): Name = "RoHS Compliant"; Value = "Yes"; VariantName = "[No Variations]"
Add component (AddParameter): Name = "Tolerance"; Value = "1%"; VariantName = "[No Variations]"
Add component (AddParameter): Name = "Value"; Value = "12.4k"; VariantName = "[No Variations]"
Add component (AddParameter): Name = "Voltage Rating"; Value = ""; VariantName = "[No Variations]"
Added Component: Designator=R10(0805)
Add component (AddParameter): Name = "Case/Package"; Value = "0805"; VariantName = "[No Variations]"
Add component (AddParameter): Name = "Max Operating Temperature"; Value = "155°C"; VariantName = "[No Variations]"
Add component (AddParameter): Name = "Min Operating Temperature"; Value = "-55°C"; VariantName = "[No Variations]"
Add component (AddParameter): Name = "Mounting Technology"; Value = "Surface Mount"; VariantName = "[No Variations]"
Add component (AddParameter): Name = "Pins"; Value = "2"; VariantName = "[No Variations]"
Add component (AddParameter): Name = "Power"; Value = "125mW"; VariantName = "[No Variations]"
Add component (AddParameter): Name = "Resistance"; Value = ""; VariantName = "[No Variations]"
Add component (AddParameter): Name = "RoHS Compliant"; Value = "Yes"; VariantName = "[No Variations]"
Add component (AddParameter): Name = "Tolerance"; Value = "1%"; VariantName = "[No Variations]"
Add component (AddParameter): Name = "Value"; Value = "8.2k"; VariantName = "[No Variations]"
Add component (AddParameter): Name = "Voltage Rating"; Value = ""; VariantName = "[No Variations]"
Added Component: Designator=R201(R0805FTK)
Add component (AddParameter): Name = ".Creator"; Value = "DR"; VariantName = "[No Variations]"
Add component (AddParameter): Name = ".PCBcheck"; Value = ""; VariantName = "[No Variations]"
Add component (AddParameter): Name = ".SCHcheck"; Value = ""; VariantName = "[No Variations]"
Add component (AddParameter): Name = "Case Code (Metric)"; Value = "2012"; VariantName = "[No Variations]"
Add component (AddParameter): Name = "Case/Package"; Value = "0805"; VariantName = "[No Variations]"
Add component (AddParameter): Name = "Category"; Value = "Chip SMD Resistors"; VariantName = "[No Variations]"
Add component (AddParameter): Name = "Circuit Type"; Value = ""; VariantName = "[No Variations]"
Add component (AddParameter): Name = "Color"; Value = ""; VariantName = "[No Variations]"
Add component (AddParameter): Name = "ComponentLink1Description"; Value = "https://datasheet.ciiva.com/11821/0900766b80fcdb72-11821135.pdf?src-supplier=RSComponents"; VariantName = "[No Variations]"
Add component (AddParameter): Name = "ComponentLink1URL"; Value = "https://datasheet.ciiva.com/11821/0900766b80fcdb72-11821135.pdf?src-supplier=RSComponents"; VariantName = "[No Variations]"
Add component (AddParameter): Name = "ComponentLink2Description"; Value = "https://datasheet.ciiva.com/9122/chpreztr-9122374.pdf?src-supplier=Avnet"; VariantName = "[No Variations]"
Add component (AddParameter): Name = "ComponentLink2URL"; Value = "https://datasheet.ciiva.com/9122/chpreztr-9122374.pdf?src-supplier=Avnet"; VariantName = "[No Variations]"
Add component (AddParameter): Name = "ComponentLink3Description"; Value = "https://datasheet.ciiva.com/22693/1902866-22693254.pdf?src-supplier=Element14"; VariantName = "[No Variations]"
Add component (AddParameter): Name = "ComponentLink3URL"; Value = "https://datasheet.ciiva.com/22693/1902866-22693254.pdf?src-supplier=Element14"; VariantName = "[No Variations]"
Add component (AddParameter): Name = "ComponentLink4Description"; Value = "https://datasheet.ciiva.com/7986/691949-7986187.pdf?src-supplier=Element14"; VariantName = "[No Variations]"
Add component (AddParameter): Name = "ComponentLink4URL"; Value = "https://datasheet.ciiva.com/7986/691949-7986187.pdf?src-supplier=Element14"; VariantName = "[No Variations]"
Add component (AddParameter): Name = "ComponentLink5Description"; Value = "https://datasheet.ciiva.com/30065/159chpreztr-30065976.pdf?src-supplier=Onlinecomponents.com"; VariantName = "[No Variations]"
Add component (AddParameter): Name = "ComponentLink5URL"; Value = "https://datasheet.ciiva.com/30065/159chpreztr-30065976.pdf?src-supplier=Onlinecomponents.com"; VariantName = "[No Variations]"
Add component (AddParameter): Name = "ComponentLink6Description"; Value = "https://datasheet.ciiva.com/16783/70154685-16783482.pdf?src-supplier=Allied+Electronics"; VariantName = "[No Variations]"
Add component (AddParameter): Name = "ComponentLink6URL"; Value = "https://datasheet.ciiva.com/16783/70154685-16783482.pdf?src-supplier=Allied+Electronics"; VariantName = "[No Variations]"
Add component (AddParameter): Name = "ComponentLink7Description"; Value = "https://datasheet.ciiva.com/5548/chpreztr-5548491.pdf?src-supplier=Mouser"; VariantName = "[No Variations]"
Add component (AddParameter): Name = "ComponentLink7URL"; Value = "https://datasheet.ciiva.com/5548/chpreztr-5548491.pdf?src-supplier=Mouser"; VariantName = "[No Variations]"
Add component (AddParameter): Name = "ComponentLink8Description"; Value = "https://datasheet.ciiva.com/6559/chpreztr-6559900.pdf?src-supplier=Digi-Key"; VariantName = "[No Variations]"
Add component (AddParameter): Name = "ComponentLink8URL"; Value = "https://datasheet.ciiva.com/6559/chpreztr-6559900.pdf?src-supplier=Digi-Key"; VariantName = "[No Variations]"
Add component (AddParameter): Name = "ComponentLink9Description"; Value = "https://datasheet.ciiva.com/6559/chpreztr-6559901.pdf?src-supplier=Digi-Key"; VariantName = "[No Variations]"
Add component (AddParameter): Name = "ComponentLink9URL"; Value = "https://datasheet.ciiva.com/6559/chpreztr-6559901.pdf?src-supplier=Digi-Key"; VariantName = "[No Variations]"
Add component (AddParameter): Name = "ComponentLink10Description"; Value = "https://datasheet.ciiva.com/7985/1856384-7985869.pdf?src-supplier=Element14"; VariantName = "[No Variations]"
Add component (AddParameter): Name = "ComponentLink10URL"; Value = "https://datasheet.ciiva.com/7985/1856384-7985869.pdf?src-supplier=Element14"; VariantName = "[No Variations]"
Add component (AddParameter): Name = "ComponentLink11Description"; Value = "https://datasheet.ciiva.com/48692/001055517-da-01-en-smd-wid-cr0805-jw-103elf-10k-ohm-1-8w-48692118.pdf?src-supplier=Conrad"; VariantName = "[No Variations]"
Add component (AddParameter): Name = "ComponentLink11URL"; Value = "https://datasheet.ciiva.com/48692/001055517-da-01-en-smd-wid-cr0805-jw-103elf-10k-ohm-1-8w-48692118.pdf?src-supplier=Conrad"; VariantName = "[No Variations]"
Add component (AddParameter): Name = "Construction"; Value = "Rectangular"; VariantName = "[No Variations]"
Add component (AddParameter): Name = "Contact Plating"; Value = "Tin"; VariantName = "[No Variations]"
Add component (AddParameter): Name = "Current Rating"; Value = ""; VariantName = "[No Variations]"
Add component (AddParameter): Name = "Depth"; Value = "1.25mm"; VariantName = "[No Variations]"
Add component (AddParameter): Name = "Design Item ID"; Value = "R10k-0805FTK"; VariantName = "[No Variations]"
Add component (AddParameter): Name = "ELV"; Value = ""; VariantName = "[No Variations]"
Add component (AddParameter): Name = "Features"; Value = "Moisture Resistant"; VariantName = "[No Variations]"
Add component (AddParameter): Name = "Height"; Value = "0.5mm"; VariantName = "[No Variations]"
Add component (AddParameter): Name = "Insulation Resistance"; Value = ""; VariantName = "[No Variations]"
Add component (AddParameter): Name = "Lead Free"; Value = ""; VariantName = "[No Variations]"
Add component (AddParameter): Name = "Lead Length"; Value = ""; VariantName = "[No Variations]"
Add component (AddParameter): Name = "Length"; Value = "2mm"; VariantName = "[No Variations]"
Add component (AddParameter): Name = "Manufacturer"; Value = ""; VariantName = "[No Variations]"
Add component (AddParameter): Name = "Manufacturer 1"; Value = "Bourns"; VariantName = "[No Variations]"
Add component (AddParameter): Name = "Manufacturer Part Number"; Value = ""; VariantName = "[No Variations]"
Add component (AddParameter): Name = "Manufacturer Part Number 1"; Value = "CR0805-JW-103ELF"; VariantName = "[No Variations]"
Add component (AddParameter): Name = "Max Operating Temperature"; Value = "155°C"; VariantName = "[No Variations]"
Add component (AddParameter): Name = "Max Power Dissipation"; Value = "125mW"; VariantName = "[No Variations]"
Add component (AddParameter): Name = "Military Standard"; Value = "Not"; VariantName = "[No Variations]"
Add component (AddParameter): Name = "Min Operating Temperature"; Value = "-55°C"; VariantName = "[No Variations]"
Add component (AddParameter): Name = "Mount"; Value = "Surface Mount"; VariantName = "[No Variations]"
Add component (AddParameter): Name = "Mounting Technology"; Value = ""; VariantName = "[No Variations]"
Add component (AddParameter): Name = "Number of Contacts"; Value = ""; VariantName = "[No Variations]"
Add component (AddParameter): Name = "Number of Elements"; Value = ""; VariantName = "[No Variations]"
Add component (AddParameter): Name = "Number of Resistors"; Value = ""; VariantName = "[No Variations]"
Add component (AddParameter): Name = "Number of Terminals/Pins"; Value = ""; VariantName = "[No Variations]"
Add component (AddParameter): Name = "Number of Terminations"; Value = "2"; VariantName = "[No Variations]"
Add component (AddParameter): Name = "Number of Turns"; Value = ""; VariantName = "[No Variations]"
Add component (AddParameter): Name = "Package Quantity"; Value = "1"; VariantName = "[No Variations]"
Add component (AddParameter): Name = "Package Shape"; Value = ""; VariantName = "[No Variations]"
Add component (AddParameter): Name = "Packaging"; Value = "Tape and Reel"; VariantName = "[No Variations]"
Add component (AddParameter): Name = "Pins"; Value = "2"; VariantName = "[No Variations]"
Add component (AddParameter): Name = "Power"; Value = ""; VariantName = "[No Variations]"
Add component (AddParameter): Name = "Power Per Element"; Value = ""; VariantName = "[No Variations]"
Add component (AddParameter): Name = "Power Rating"; Value = "125mW"; VariantName = "[No Variations]"
Add component (AddParameter): Name = "Pricing 1"; Value = "1=0,05790, 10=0,01540, 25=0,01340, 100=0,00340 (USD)"; VariantName = "[No Variations]"
Add component (AddParameter): Name = "Radiation Hardening"; Value = "No"; VariantName = "[No Variations]"
Add component (AddParameter): Name = "REACH SVHC"; Value = "No SVHC"; VariantName = "[No Variations]"
Add component (AddParameter): Name = "Resistance"; Value = ""; VariantName = "[No Variations]"
Add component (AddParameter): Name = "Resistance Tolerance"; Value = "5%"; VariantName = "[No Variations]"
Add component (AddParameter): Name = "Resistence"; Value = ""; VariantName = "[No Variations]"
Add component (AddParameter): Name = "Resistor Type"; Value = "Thick Film"; VariantName = "[No Variations]"
Add component (AddParameter): Name = "RoHS"; Value = "Yes"; VariantName = "[No Variations]"
Add component (AddParameter): Name = "RoHS Compliant"; Value = "Yes"; VariantName = "[No Variations]"
Add component (AddParameter): Name = "Series"; Value = "CR0805"; VariantName = "[No Variations]"
Add component (AddParameter): Name = "Size Code"; Value = ""; VariantName = "[No Variations]"
Add component (AddParameter): Name = "Source"; Value = "Passives.SchLib"; VariantName = "[No Variations]"
Add component (AddParameter): Name = "Stock 1"; Value = "57566"; VariantName = "[No Variations]"
Add component (AddParameter): Name = "Taper"; Value = ""; VariantName = "[No Variations]"
Add component (AddParameter): Name = "Technology"; Value = "THICK FILM"; VariantName = "[No Variations]"
Add component (AddParameter): Name = "Temperature Coefficient"; Value = "200ppm/°C"; VariantName = "[No Variations]"
Add component (AddParameter): Name = "Terminal Finish"; Value = ""; VariantName = "[No Variations]"
Add component (AddParameter): Name = "Terminal Pitch"; Value = ""; VariantName = "[No Variations]"
Add component (AddParameter): Name = "Termination"; Value = "SMD/SMT"; VariantName = "[No Variations]"
Add component (AddParameter): Name = "Thickness"; Value = "508um"; VariantName = "[No Variations]"
Add component (AddParameter): Name = "Tolerance"; Value = "5%"; VariantName = "[No Variations]"
Add component (AddParameter): Name = "Value"; Value = "10k"; VariantName = "[No Variations]"
Add component (AddParameter): Name = "Voltage Rating"; Value = "150V"; VariantName = "[No Variations]"
Add component (AddParameter): Name = "Voltage Rating (DC)"; Value = "100V"; VariantName = "[No Variations]"
Add component (AddParameter): Name = "Weight"; Value = ""; VariantName = "[No Variations]"
Add component (AddParameter): Name = "Width"; Value = "1.25mm"; VariantName = "[No Variations]"
Add component (AddParameter): Name = "Working Voltage"; Value = ""; VariantName = "[No Variations]"
Added Component: Designator=R202(R0805FTK)
Add component (AddParameter): Name = ".Creator"; Value = "DR"; VariantName = "[No Variations]"
Add component (AddParameter): Name = ".PCBcheck"; Value = ""; VariantName = "[No Variations]"
Add component (AddParameter): Name = ".SCHcheck"; Value = ""; VariantName = "[No Variations]"
Add component (AddParameter): Name = "Case Code (Metric)"; Value = "2012"; VariantName = "[No Variations]"
Add component (AddParameter): Name = "Case/Package"; Value = "0805"; VariantName = "[No Variations]"
Add component (AddParameter): Name = "Category"; Value = "Chip SMD Resistors"; VariantName = "[No Variations]"
Add component (AddParameter): Name = "Circuit Type"; Value = ""; VariantName = "[No Variations]"
Add component (AddParameter): Name = "Color"; Value = ""; VariantName = "[No Variations]"
Add component (AddParameter): Name = "ComponentLink1Description"; Value = "https://datasheet.ciiva.com/11821/0900766b80fcdb72-11821135.pdf?src-supplier=RSComponents"; VariantName = "[No Variations]"
Add component (AddParameter): Name = "ComponentLink1URL"; Value = "https://datasheet.ciiva.com/11821/0900766b80fcdb72-11821135.pdf?src-supplier=RSComponents"; VariantName = "[No Variations]"
Add component (AddParameter): Name = "ComponentLink2Description"; Value = "https://datasheet.ciiva.com/9122/chpreztr-9122374.pdf?src-supplier=Avnet"; VariantName = "[No Variations]"
Add component (AddParameter): Name = "ComponentLink2URL"; Value = "https://datasheet.ciiva.com/9122/chpreztr-9122374.pdf?src-supplier=Avnet"; VariantName = "[No Variations]"
Add component (AddParameter): Name = "ComponentLink3Description"; Value = "https://datasheet.ciiva.com/22693/1902866-22693254.pdf?src-supplier=Element14"; VariantName = "[No Variations]"
Add component (AddParameter): Name = "ComponentLink3URL"; Value = "https://datasheet.ciiva.com/22693/1902866-22693254.pdf?src-supplier=Element14"; VariantName = "[No Variations]"
Add component (AddParameter): Name = "ComponentLink4Description"; Value = "https://datasheet.ciiva.com/7986/691949-7986187.pdf?src-supplier=Element14"; VariantName = "[No Variations]"
Add component (AddParameter): Name = "ComponentLink4URL"; Value = "https://datasheet.ciiva.com/7986/691949-7986187.pdf?src-supplier=Element14"; VariantName = "[No Variations]"
Add component (AddParameter): Name = "ComponentLink5Description"; Value = "https://datasheet.ciiva.com/30065/159chpreztr-30065976.pdf?src-supplier=Onlinecomponents.com"; VariantName = "[No Variations]"
Add component (AddParameter): Name = "ComponentLink5URL"; Value = "https://datasheet.ciiva.com/30065/159chpreztr-30065976.pdf?src-supplier=Onlinecomponents.com"; VariantName = "[No Variations]"
Add component (AddParameter): Name = "ComponentLink6Description"; Value = "https://datasheet.ciiva.com/16783/70154685-16783482.pdf?src-supplier=Allied+Electronics"; VariantName = "[No Variations]"
Add component (AddParameter): Name = "ComponentLink6URL"; Value = "https://datasheet.ciiva.com/16783/70154685-16783482.pdf?src-supplier=Allied+Electronics"; VariantName = "[No Variations]"
Add component (AddParameter): Name = "ComponentLink7Description"; Value = "https://datasheet.ciiva.com/5548/chpreztr-5548491.pdf?src-supplier=Mouser"; VariantName = "[No Variations]"
Add component (AddParameter): Name = "ComponentLink7URL"; Value = "https://datasheet.ciiva.com/5548/chpreztr-5548491.pdf?src-supplier=Mouser"; VariantName = "[No Variations]"
Add component (AddParameter): Name = "ComponentLink8Description"; Value = "https://datasheet.ciiva.com/6559/chpreztr-6559900.pdf?src-supplier=Digi-Key"; VariantName = "[No Variations]"
Add component (AddParameter): Name = "ComponentLink8URL"; Value = "https://datasheet.ciiva.com/6559/chpreztr-6559900.pdf?src-supplier=Digi-Key"; VariantName = "[No Variations]"
Add component (AddParameter): Name = "ComponentLink9Description"; Value = "https://datasheet.ciiva.com/6559/chpreztr-6559901.pdf?src-supplier=Digi-Key"; VariantName = "[No Variations]"
Add component (AddParameter): Name = "ComponentLink9URL"; Value = "https://datasheet.ciiva.com/6559/chpreztr-6559901.pdf?src-supplier=Digi-Key"; VariantName = "[No Variations]"
Add component (AddParameter): Name = "ComponentLink10Description"; Value = "https://datasheet.ciiva.com/7985/1856384-7985869.pdf?src-supplier=Element14"; VariantName = "[No Variations]"
Add component (AddParameter): Name = "ComponentLink10URL"; Value = "https://datasheet.ciiva.com/7985/1856384-7985869.pdf?src-supplier=Element14"; VariantName = "[No Variations]"
Add component (AddParameter): Name = "ComponentLink11Description"; Value = "https://datasheet.ciiva.com/48692/001055517-da-01-en-smd-wid-cr0805-jw-103elf-10k-ohm-1-8w-48692118.pdf?src-supplier=Conrad"; VariantName = "[No Variations]"
Add component (AddParameter): Name = "ComponentLink11URL"; Value = "https://datasheet.ciiva.com/48692/001055517-da-01-en-smd-wid-cr0805-jw-103elf-10k-ohm-1-8w-48692118.pdf?src-supplier=Conrad"; VariantName = "[No Variations]"
Add component (AddParameter): Name = "Construction"; Value = "Rectangular"; VariantName = "[No Variations]"
Add component (AddParameter): Name = "Contact Plating"; Value = "Tin"; VariantName = "[No Variations]"
Add component (AddParameter): Name = "Current Rating"; Value = ""; VariantName = "[No Variations]"
Add component (AddParameter): Name = "Depth"; Value = "1.25mm"; VariantName = "[No Variations]"
Add component (AddParameter): Name = "Design Item ID"; Value = "R10k-0805FTK"; VariantName = "[No Variations]"
Add component (AddParameter): Name = "ELV"; Value = ""; VariantName = "[No Variations]"
Add component (AddParameter): Name = "Features"; Value = "Moisture Resistant"; VariantName = "[No Variations]"
Add component (AddParameter): Name = "Height"; Value = "0.5mm"; VariantName = "[No Variations]"
Add component (AddParameter): Name = "Insulation Resistance"; Value = ""; VariantName = "[No Variations]"
Add component (AddParameter): Name = "Lead Free"; Value = ""; VariantName = "[No Variations]"
Add component (AddParameter): Name = "Lead Length"; Value = ""; VariantName = "[No Variations]"
Add component (AddParameter): Name = "Length"; Value = "2mm"; VariantName = "[No Variations]"
Add component (AddParameter): Name = "Manufacturer"; Value = ""; VariantName = "[No Variations]"
Add component (AddParameter): Name = "Manufacturer 1"; Value = "Bourns"; VariantName = "[No Variations]"
Add component (AddParameter): Name = "Manufacturer Part Number"; Value = ""; VariantName = "[No Variations]"
Add component (AddParameter): Name = "Manufacturer Part Number 1"; Value = "CR0805-JW-103ELF"; VariantName = "[No Variations]"
Add component (AddParameter): Name = "Max Operating Temperature"; Value = "155°C"; VariantName = "[No Variations]"
Add component (AddParameter): Name = "Max Power Dissipation"; Value = "125mW"; VariantName = "[No Variations]"
Add component (AddParameter): Name = "Military Standard"; Value = "Not"; VariantName = "[No Variations]"
Add component (AddParameter): Name = "Min Operating Temperature"; Value = "-55°C"; VariantName = "[No Variations]"
Add component (AddParameter): Name = "Mount"; Value = "Surface Mount"; VariantName = "[No Variations]"
Add component (AddParameter): Name = "Mounting Technology"; Value = ""; VariantName = "[No Variations]"
Add component (AddParameter): Name = "Number of Contacts"; Value = ""; VariantName = "[No Variations]"
Add component (AddParameter): Name = "Number of Elements"; Value = ""; VariantName = "[No Variations]"
Add component (AddParameter): Name = "Number of Resistors"; Value = ""; VariantName = "[No Variations]"
Add component (AddParameter): Name = "Number of Terminals/Pins"; Value = ""; VariantName = "[No Variations]"
Add component (AddParameter): Name = "Number of Terminations"; Value = "2"; VariantName = "[No Variations]"
Add component (AddParameter): Name = "Number of Turns"; Value = ""; VariantName = "[No Variations]"
Add component (AddParameter): Name = "Package Quantity"; Value = "1"; VariantName = "[No Variations]"
Add component (AddParameter): Name = "Package Shape"; Value = ""; VariantName = "[No Variations]"
Add component (AddParameter): Name = "Packaging"; Value = "Tape and Reel"; VariantName = "[No Variations]"
Add component (AddParameter): Name = "Pins"; Value = "2"; VariantName = "[No Variations]"
Add component (AddParameter): Name = "Power"; Value = ""; VariantName = "[No Variations]"
Add component (AddParameter): Name = "Power Per Element"; Value = ""; VariantName = "[No Variations]"
Add component (AddParameter): Name = "Power Rating"; Value = "125mW"; VariantName = "[No Variations]"
Add component (AddParameter): Name = "Pricing 1"; Value = "1=0,05790, 10=0,01540, 25=0,01340, 100=0,00340 (USD)"; VariantName = "[No Variations]"
Add component (AddParameter): Name = "Radiation Hardening"; Value = "No"; VariantName = "[No Variations]"
Add component (AddParameter): Name = "REACH SVHC"; Value = "No SVHC"; VariantName = "[No Variations]"
Add component (AddParameter): Name = "Resistance"; Value = ""; VariantName = "[No Variations]"
Add component (AddParameter): Name = "Resistance Tolerance"; Value = "5%"; VariantName = "[No Variations]"
Add component (AddParameter): Name = "Resistence"; Value = ""; VariantName = "[No Variations]"
Add component (AddParameter): Name = "Resistor Type"; Value = "Thick Film"; VariantName = "[No Variations]"
Add component (AddParameter): Name = "RoHS"; Value = "Yes"; VariantName = "[No Variations]"
Add component (AddParameter): Name = "RoHS Compliant"; Value = "Yes"; VariantName = "[No Variations]"
Add component (AddParameter): Name = "Series"; Value = "CR0805"; VariantName = "[No Variations]"
Add component (AddParameter): Name = "Size Code"; Value = ""; VariantName = "[No Variations]"
Add component (AddParameter): Name = "Source"; Value = "Passives.SchLib"; VariantName = "[No Variations]"
Add component (AddParameter): Name = "Stock 1"; Value = "57566"; VariantName = "[No Variations]"
Add component (AddParameter): Name = "Taper"; Value = ""; VariantName = "[No Variations]"
Add component (AddParameter): Name = "Technology"; Value = "THICK FILM"; VariantName = "[No Variations]"
Add component (AddParameter): Name = "Temperature Coefficient"; Value = "200ppm/°C"; VariantName = "[No Variations]"
Add component (AddParameter): Name = "Terminal Finish"; Value = ""; VariantName = "[No Variations]"
Add component (AddParameter): Name = "Terminal Pitch"; Value = ""; VariantName = "[No Variations]"
Add component (AddParameter): Name = "Termination"; Value = "SMD/SMT"; VariantName = "[No Variations]"
Add component (AddParameter): Name = "Thickness"; Value = "508um"; VariantName = "[No Variations]"
Add component (AddParameter): Name = "Tolerance"; Value = "5%"; VariantName = "[No Variations]"
Add component (AddParameter): Name = "Value"; Value = "10k"; VariantName = "[No Variations]"
Add component (AddParameter): Name = "Voltage Rating"; Value = "150V"; VariantName = "[No Variations]"
Add component (AddParameter): Name = "Voltage Rating (DC)"; Value = "100V"; VariantName = "[No Variations]"
Add component (AddParameter): Name = "Weight"; Value = ""; VariantName = "[No Variations]"
Add component (AddParameter): Name = "Width"; Value = "1.25mm"; VariantName = "[No Variations]"
Add component (AddParameter): Name = "Working Voltage"; Value = ""; VariantName = "[No Variations]"
Added Component: Designator=R203(0805)
Add component (AddParameter): Name = "Case/Package"; Value = "0805"; VariantName = "[No Variations]"
Add component (AddParameter): Name = "Connector Type"; Value = ""; VariantName = "[No Variations]"
Add component (AddParameter): Name = "Gender"; Value = ""; VariantName = "[No Variations]"
Add component (AddParameter): Name = "Max Current Rating"; Value = ""; VariantName = "[No Variations]"
Add component (AddParameter): Name = "Max Operating Temperature"; Value = "155°C"; VariantName = "[No Variations]"
Add component (AddParameter): Name = "Min Operating Temperature"; Value = "-55°C"; VariantName = "[No Variations]"
Add component (AddParameter): Name = "Mounting Technology"; Value = "Surface Mount"; VariantName = "[No Variations]"
Add component (AddParameter): Name = "Pins"; Value = "2"; VariantName = "[No Variations]"
Add component (AddParameter): Name = "Power"; Value = "500mW"; VariantName = "[No Variations]"
Add component (AddParameter): Name = "Resistance"; Value = ""; VariantName = "[No Variations]"
Add component (AddParameter): Name = "RoHS Compliant"; Value = "Yes"; VariantName = "[No Variations]"
Add component (AddParameter): Name = "Tolerance"; Value = "1%"; VariantName = "[No Variations]"
Add component (AddParameter): Name = "Value"; Value = "1k"; VariantName = "[No Variations]"
Add component (AddParameter): Name = "Voltage Rating"; Value = ""; VariantName = "[No Variations]"
Added Component: Designator=R204(0805)
Add component (AddParameter): Name = "Case/Package"; Value = "0805"; VariantName = "[No Variations]"
Add component (AddParameter): Name = "Connector Type"; Value = ""; VariantName = "[No Variations]"
Add component (AddParameter): Name = "Gender"; Value = ""; VariantName = "[No Variations]"
Add component (AddParameter): Name = "Max Current Rating"; Value = ""; VariantName = "[No Variations]"
Add component (AddParameter): Name = "Max Operating Temperature"; Value = "155°C"; VariantName = "[No Variations]"
Add component (AddParameter): Name = "Min Operating Temperature"; Value = "-55°C"; VariantName = "[No Variations]"
Add component (AddParameter): Name = "Mounting Technology"; Value = "Surface Mount"; VariantName = "[No Variations]"
Add component (AddParameter): Name = "Pins"; Value = "2"; VariantName = "[No Variations]"
Add component (AddParameter): Name = "Power"; Value = "500mW"; VariantName = "[No Variations]"
Add component (AddParameter): Name = "Resistance"; Value = ""; VariantName = "[No Variations]"
Add component (AddParameter): Name = "RoHS Compliant"; Value = "Yes"; VariantName = "[No Variations]"
Add component (AddParameter): Name = "Tolerance"; Value = "1%"; VariantName = "[No Variations]"
Add component (AddParameter): Name = "Value"; Value = "1k"; VariantName = "[No Variations]"
Add component (AddParameter): Name = "Voltage Rating"; Value = ""; VariantName = "[No Variations]"
Added Component: Designator=R501(R0805FTK)
Add component (AddParameter): Name = ".Creator"; Value = "GP"; VariantName = "[No Variations]"
Add component (AddParameter): Name = ".PCBcheck"; Value = ""; VariantName = "[No Variations]"
Add component (AddParameter): Name = ".SCHcheck"; Value = ""; VariantName = "[No Variations]"
Add component (AddParameter): Name = "Case Code (Metric)"; Value = "2012"; VariantName = "[No Variations]"
Add component (AddParameter): Name = "Case/Package"; Value = "0805"; VariantName = "[No Variations]"
Add component (AddParameter): Name = "Category"; Value = "Chip SMD Resistors"; VariantName = "[No Variations]"
Add component (AddParameter): Name = "Circuit Type"; Value = ""; VariantName = "[No Variations]"
Add component (AddParameter): Name = "Color"; Value = ""; VariantName = "[No Variations]"
Add component (AddParameter): Name = "ComponentLink1Description"; Value = "https://datasheet.ciiva.com/11821/0900766b80fcdb72-11821134.pdf?src-supplier=RSComponents"; VariantName = "[No Variations]"
Add component (AddParameter): Name = "ComponentLink1URL"; Value = "https://datasheet.ciiva.com/11821/0900766b80fcdb72-11821134.pdf?src-supplier=RSComponents"; VariantName = "[No Variations]"
Add component (AddParameter): Name = "ComponentLink2Description"; Value = "https://datasheet.ciiva.com/15225/getdatasheetpartid-78155-15225381.pdf?src-supplier=Verical"; VariantName = "[No Variations]"
Add component (AddParameter): Name = "ComponentLink2URL"; Value = "https://datasheet.ciiva.com/15225/getdatasheetpartid-78155-15225381.pdf?src-supplier=Verical"; VariantName = "[No Variations]"
Add component (AddParameter): Name = "ComponentLink3Description"; Value = "https://datasheet.ciiva.com/22693/1902866-22693253.pdf?src-supplier=Element14"; VariantName = "[No Variations]"
Add component (AddParameter): Name = "ComponentLink3URL"; Value = "https://datasheet.ciiva.com/22693/1902866-22693253.pdf?src-supplier=Element14"; VariantName = "[No Variations]"
Add component (AddParameter): Name = "ComponentLink4Description"; Value = "https://datasheet.ciiva.com/7986/1856384-7986184.pdf?src-supplier=Element14"; VariantName = "[No Variations]"
Add component (AddParameter): Name = "ComponentLink4URL"; Value = "https://datasheet.ciiva.com/7986/1856384-7986184.pdf?src-supplier=Element14"; VariantName = "[No Variations]"
Add component (AddParameter): Name = "ComponentLink5Description"; Value = "https://datasheet.ciiva.com/7985/1856384-7985867.pdf?src-supplier=Element14"; VariantName = "[No Variations]"
Add component (AddParameter): Name = "ComponentLink5URL"; Value = "https://datasheet.ciiva.com/7985/1856384-7985867.pdf?src-supplier=Element14"; VariantName = "[No Variations]"
Add component (AddParameter): Name = "ComponentLink6Description"; Value = "https://datasheet.ciiva.com/30242/159chpreztr-30242765.pdf?src-supplier=Onlinecomponents.com"; VariantName = "[No Variations]"
Add component (AddParameter): Name = "ComponentLink6URL"; Value = "https://datasheet.ciiva.com/30242/159chpreztr-30242765.pdf?src-supplier=Onlinecomponents.com"; VariantName = "[No Variations]"
Add component (AddParameter): Name = "ComponentLink7Description"; Value = "https://datasheet.ciiva.com/6547/chpreztr-6547359.pdf?src-supplier=Digi-Key"; VariantName = "[No Variations]"
Add component (AddParameter): Name = "ComponentLink7URL"; Value = "https://datasheet.ciiva.com/6547/chpreztr-6547359.pdf?src-supplier=Digi-Key"; VariantName = "[No Variations]"
Add component (AddParameter): Name = "Construction"; Value = ""; VariantName = "[No Variations]"
Add component (AddParameter): Name = "Contact Plating"; Value = "Tin"; VariantName = "[No Variations]"
Add component (AddParameter): Name = "Current Rating"; Value = ""; VariantName = "[No Variations]"
Add component (AddParameter): Name = "Depth"; Value = "1.25mm"; VariantName = "[No Variations]"
Add component (AddParameter): Name = "Design Item ID"; Value = "R1k-0805FTK"; VariantName = "[No Variations]"
Add component (AddParameter): Name = "ELV"; Value = ""; VariantName = "[No Variations]"
Add component (AddParameter): Name = "Features"; Value = "Moisture Resistant"; VariantName = "[No Variations]"
Add component (AddParameter): Name = "Height"; Value = "0.5mm"; VariantName = "[No Variations]"
Add component (AddParameter): Name = "Insulation Resistance"; Value = ""; VariantName = "[No Variations]"
Add component (AddParameter): Name = "Lead Free"; Value = "Lead Free"; VariantName = "[No Variations]"
Add component (AddParameter): Name = "Lead Length"; Value = ""; VariantName = "[No Variations]"
Add component (AddParameter): Name = "Length"; Value = "2mm"; VariantName = "[No Variations]"
Add component (AddParameter): Name = "Manufacturer"; Value = ""; VariantName = "[No Variations]"
Add component (AddParameter): Name = "Manufacturer 1"; Value = "Bourns"; VariantName = "[No Variations]"
Add component (AddParameter): Name = "Manufacturer Part Number"; Value = ""; VariantName = "[No Variations]"
Add component (AddParameter): Name = "Manufacturer Part Number 1"; Value = "CR0805-JW-102ELF"; VariantName = "[No Variations]"
Add component (AddParameter): Name = "Max Operating Temperature"; Value = "155°C"; VariantName = "[No Variations]"
Add component (AddParameter): Name = "Max Power Dissipation"; Value = "125mW"; VariantName = "[No Variations]"
Add component (AddParameter): Name = "Military Standard"; Value = "Not"; VariantName = "[No Variations]"
Add component (AddParameter): Name = "Min Operating Temperature"; Value = "-55°C"; VariantName = "[No Variations]"
Add component (AddParameter): Name = "Mount"; Value = "Surface Mount"; VariantName = "[No Variations]"
Add component (AddParameter): Name = "Number of Contacts"; Value = ""; VariantName = "[No Variations]"
Add component (AddParameter): Name = "Number of Elements"; Value = ""; VariantName = "[No Variations]"
Add component (AddParameter): Name = "Number of Resistors"; Value = ""; VariantName = "[No Variations]"
Add component (AddParameter): Name = "Number of Terminals/Pins"; Value = ""; VariantName = "[No Variations]"
Add component (AddParameter): Name = "Number of Terminations"; Value = "2"; VariantName = "[No Variations]"
Add component (AddParameter): Name = "Number of Turns"; Value = ""; VariantName = "[No Variations]"
Add component (AddParameter): Name = "Package Quantity"; Value = "1"; VariantName = "[No Variations]"
Add component (AddParameter): Name = "Package Shape"; Value = ""; VariantName = "[No Variations]"
Add component (AddParameter): Name = "Packaging"; Value = "Tape and Reel"; VariantName = "[No Variations]"
Add component (AddParameter): Name = "Pins"; Value = "2"; VariantName = "[No Variations]"
Add component (AddParameter): Name = "Power Per Element"; Value = ""; VariantName = "[No Variations]"
Add component (AddParameter): Name = "Power Rating"; Value = "125mW"; VariantName = "[No Variations]"
Add component (AddParameter): Name = "Pricing 1"; Value = "1=0,05930, 10=0,03510, 25=0,01790, 100=0,00800, 250=0,00790, 500=0,00590, 1000=0,00360, 3000=0,00350, 6000=0,00250 (USD)"; VariantName = "[No Variations]"
Add component (AddParameter): Name = "Radiation Hardening"; Value = "No"; VariantName = "[No Variations]"
Add component (AddParameter): Name = "REACH SVHC"; Value = "No SVHC"; VariantName = "[No Variations]"
Add component (AddParameter): Name = "Resistance"; Value = ""; VariantName = "[No Variations]"
Add component (AddParameter): Name = "Resistance Tolerance"; Value = ""; VariantName = "[No Variations]"
Add component (AddParameter): Name = "Resistence"; Value = ""; VariantName = "[No Variations]"
Add component (AddParameter): Name = "Resistor Type"; Value = "Thick Film"; VariantName = "[No Variations]"
Add component (AddParameter): Name = "RoHS"; Value = "Yes"; VariantName = "[No Variations]"
Add component (AddParameter): Name = "RoHS Compliant"; Value = ""; VariantName = "[No Variations]"
Add component (AddParameter): Name = "Series"; Value = ""; VariantName = "[No Variations]"
Add component (AddParameter): Name = "Size Code"; Value = ""; VariantName = "[No Variations]"
Add component (AddParameter): Name = "Source"; Value = "Passives.SchLib"; VariantName = "[No Variations]"
Add component (AddParameter): Name = "Stock 1"; Value = "27510"; VariantName = "[No Variations]"
Add component (AddParameter): Name = "Taper"; Value = ""; VariantName = "[No Variations]"
Add component (AddParameter): Name = "Technology"; Value = ""; VariantName = "[No Variations]"
Add component (AddParameter): Name = "Temperature Coefficient"; Value = "200ppm/°C"; VariantName = "[No Variations]"
Add component (AddParameter): Name = "Terminal Finish"; Value = ""; VariantName = "[No Variations]"
Add component (AddParameter): Name = "Terminal Pitch"; Value = ""; VariantName = "[No Variations]"
Add component (AddParameter): Name = "Termination"; Value = "SMD/SMT"; VariantName = "[No Variations]"
Add component (AddParameter): Name = "Thickness"; Value = "508um"; VariantName = "[No Variations]"
Add component (AddParameter): Name = "Tolerance"; Value = "5%"; VariantName = "[No Variations]"
Add component (AddParameter): Name = "Value"; Value = "1k"; VariantName = "[No Variations]"
Add component (AddParameter): Name = "Voltage Rating"; Value = "150V"; VariantName = "[No Variations]"
Add component (AddParameter): Name = "Voltage Rating (DC)"; Value = "150V"; VariantName = "[No Variations]"
Add component (AddParameter): Name = "Weight"; Value = ""; VariantName = "[No Variations]"
Add component (AddParameter): Name = "Width"; Value = "1.25mm"; VariantName = "[No Variations]"
Add component (AddParameter): Name = "Working Voltage"; Value = ""; VariantName = "[No Variations]"
Added Component: Designator=R502(R0805FTK)
Add component (AddParameter): Name = ".Creator"; Value = "GP"; VariantName = "[No Variations]"
Add component (AddParameter): Name = ".PCBcheck"; Value = ""; VariantName = "[No Variations]"
Add component (AddParameter): Name = ".SCHcheck"; Value = ""; VariantName = "[No Variations]"
Add component (AddParameter): Name = "Case Code (Metric)"; Value = "2012"; VariantName = "[No Variations]"
Add component (AddParameter): Name = "Case/Package"; Value = "0805"; VariantName = "[No Variations]"
Add component (AddParameter): Name = "Category"; Value = "Chip SMD Resistors"; VariantName = "[No Variations]"
Add component (AddParameter): Name = "Circuit Type"; Value = ""; VariantName = "[No Variations]"
Add component (AddParameter): Name = "Color"; Value = ""; VariantName = "[No Variations]"
Add component (AddParameter): Name = "ComponentLink1Description"; Value = "https://datasheet.ciiva.com/11821/0900766b80fcdb72-11821134.pdf?src-supplier=RSComponents"; VariantName = "[No Variations]"
Add component (AddParameter): Name = "ComponentLink1URL"; Value = "https://datasheet.ciiva.com/11821/0900766b80fcdb72-11821134.pdf?src-supplier=RSComponents"; VariantName = "[No Variations]"
Add component (AddParameter): Name = "ComponentLink2Description"; Value = "https://datasheet.ciiva.com/15225/getdatasheetpartid-78155-15225381.pdf?src-supplier=Verical"; VariantName = "[No Variations]"
Add component (AddParameter): Name = "ComponentLink2URL"; Value = "https://datasheet.ciiva.com/15225/getdatasheetpartid-78155-15225381.pdf?src-supplier=Verical"; VariantName = "[No Variations]"
Add component (AddParameter): Name = "ComponentLink3Description"; Value = "https://datasheet.ciiva.com/22693/1902866-22693253.pdf?src-supplier=Element14"; VariantName = "[No Variations]"
Add component (AddParameter): Name = "ComponentLink3URL"; Value = "https://datasheet.ciiva.com/22693/1902866-22693253.pdf?src-supplier=Element14"; VariantName = "[No Variations]"
Add component (AddParameter): Name = "ComponentLink4Description"; Value = "https://datasheet.ciiva.com/7986/1856384-7986184.pdf?src-supplier=Element14"; VariantName = "[No Variations]"
Add component (AddParameter): Name = "ComponentLink4URL"; Value = "https://datasheet.ciiva.com/7986/1856384-7986184.pdf?src-supplier=Element14"; VariantName = "[No Variations]"
Add component (AddParameter): Name = "ComponentLink5Description"; Value = "https://datasheet.ciiva.com/7985/1856384-7985867.pdf?src-supplier=Element14"; VariantName = "[No Variations]"
Add component (AddParameter): Name = "ComponentLink5URL"; Value = "https://datasheet.ciiva.com/7985/1856384-7985867.pdf?src-supplier=Element14"; VariantName = "[No Variations]"
Add component (AddParameter): Name = "ComponentLink6Description"; Value = "https://datasheet.ciiva.com/30242/159chpreztr-30242765.pdf?src-supplier=Onlinecomponents.com"; VariantName = "[No Variations]"
Add component (AddParameter): Name = "ComponentLink6URL"; Value = "https://datasheet.ciiva.com/30242/159chpreztr-30242765.pdf?src-supplier=Onlinecomponents.com"; VariantName = "[No Variations]"
Add component (AddParameter): Name = "ComponentLink7Description"; Value = "https://datasheet.ciiva.com/6547/chpreztr-6547359.pdf?src-supplier=Digi-Key"; VariantName = "[No Variations]"
Add component (AddParameter): Name = "ComponentLink7URL"; Value = "https://datasheet.ciiva.com/6547/chpreztr-6547359.pdf?src-supplier=Digi-Key"; VariantName = "[No Variations]"
Add component (AddParameter): Name = "Construction"; Value = ""; VariantName = "[No Variations]"
Add component (AddParameter): Name = "Contact Plating"; Value = "Tin"; VariantName = "[No Variations]"
Add component (AddParameter): Name = "Current Rating"; Value = ""; VariantName = "[No Variations]"
Add component (AddParameter): Name = "Depth"; Value = "1.25mm"; VariantName = "[No Variations]"
Add component (AddParameter): Name = "Design Item ID"; Value = "R1k-0805FTK"; VariantName = "[No Variations]"
Add component (AddParameter): Name = "ELV"; Value = ""; VariantName = "[No Variations]"
Add component (AddParameter): Name = "Features"; Value = "Moisture Resistant"; VariantName = "[No Variations]"
Add component (AddParameter): Name = "Height"; Value = "0.5mm"; VariantName = "[No Variations]"
Add component (AddParameter): Name = "Insulation Resistance"; Value = ""; VariantName = "[No Variations]"
Add component (AddParameter): Name = "Lead Free"; Value = "Lead Free"; VariantName = "[No Variations]"
Add component (AddParameter): Name = "Lead Length"; Value = ""; VariantName = "[No Variations]"
Add component (AddParameter): Name = "Length"; Value = "2mm"; VariantName = "[No Variations]"
Add component (AddParameter): Name = "Manufacturer"; Value = ""; VariantName = "[No Variations]"
Add component (AddParameter): Name = "Manufacturer 1"; Value = "Bourns"; VariantName = "[No Variations]"
Add component (AddParameter): Name = "Manufacturer Part Number"; Value = ""; VariantName = "[No Variations]"
Add component (AddParameter): Name = "Manufacturer Part Number 1"; Value = "CR0805-JW-102ELF"; VariantName = "[No Variations]"
Add component (AddParameter): Name = "Max Operating Temperature"; Value = "155°C"; VariantName = "[No Variations]"
Add component (AddParameter): Name = "Max Power Dissipation"; Value = "125mW"; VariantName = "[No Variations]"
Add component (AddParameter): Name = "Military Standard"; Value = "Not"; VariantName = "[No Variations]"
Add component (AddParameter): Name = "Min Operating Temperature"; Value = "-55°C"; VariantName = "[No Variations]"
Add component (AddParameter): Name = "Mount"; Value = "Surface Mount"; VariantName = "[No Variations]"
Add component (AddParameter): Name = "Number of Contacts"; Value = ""; VariantName = "[No Variations]"
Add component (AddParameter): Name = "Number of Elements"; Value = ""; VariantName = "[No Variations]"
Add component (AddParameter): Name = "Number of Resistors"; Value = ""; VariantName = "[No Variations]"
Add component (AddParameter): Name = "Number of Terminals/Pins"; Value = ""; VariantName = "[No Variations]"
Add component (AddParameter): Name = "Number of Terminations"; Value = "2"; VariantName = "[No Variations]"
Add component (AddParameter): Name = "Number of Turns"; Value = ""; VariantName = "[No Variations]"
Add component (AddParameter): Name = "Package Quantity"; Value = "1"; VariantName = "[No Variations]"
Add component (AddParameter): Name = "Package Shape"; Value = ""; VariantName = "[No Variations]"
Add component (AddParameter): Name = "Packaging"; Value = "Tape and Reel"; VariantName = "[No Variations]"
Add component (AddParameter): Name = "Pins"; Value = "2"; VariantName = "[No Variations]"
Add component (AddParameter): Name = "Power Per Element"; Value = ""; VariantName = "[No Variations]"
Add component (AddParameter): Name = "Power Rating"; Value = "125mW"; VariantName = "[No Variations]"
Add component (AddParameter): Name = "Pricing 1"; Value = "1=0,05930, 10=0,03510, 25=0,01790, 100=0,00800, 250=0,00790, 500=0,00590, 1000=0,00360, 3000=0,00350, 6000=0,00250 (USD)"; VariantName = "[No Variations]"
Add component (AddParameter): Name = "Radiation Hardening"; Value = "No"; VariantName = "[No Variations]"
Add component (AddParameter): Name = "REACH SVHC"; Value = "No SVHC"; VariantName = "[No Variations]"
Add component (AddParameter): Name = "Resistance"; Value = ""; VariantName = "[No Variations]"
Add component (AddParameter): Name = "Resistance Tolerance"; Value = ""; VariantName = "[No Variations]"
Add component (AddParameter): Name = "Resistence"; Value = ""; VariantName = "[No Variations]"
Add component (AddParameter): Name = "Resistor Type"; Value = "Thick Film"; VariantName = "[No Variations]"
Add component (AddParameter): Name = "RoHS"; Value = "Yes"; VariantName = "[No Variations]"
Add component (AddParameter): Name = "RoHS Compliant"; Value = ""; VariantName = "[No Variations]"
Add component (AddParameter): Name = "Series"; Value = ""; VariantName = "[No Variations]"
Add component (AddParameter): Name = "Size Code"; Value = ""; VariantName = "[No Variations]"
Add component (AddParameter): Name = "Source"; Value = "Passives.SchLib"; VariantName = "[No Variations]"
Add component (AddParameter): Name = "Stock 1"; Value = "27510"; VariantName = "[No Variations]"
Add component (AddParameter): Name = "Taper"; Value = ""; VariantName = "[No Variations]"
Add component (AddParameter): Name = "Technology"; Value = ""; VariantName = "[No Variations]"
Add component (AddParameter): Name = "Temperature Coefficient"; Value = "200ppm/°C"; VariantName = "[No Variations]"
Add component (AddParameter): Name = "Terminal Finish"; Value = ""; VariantName = "[No Variations]"
Add component (AddParameter): Name = "Terminal Pitch"; Value = ""; VariantName = "[No Variations]"
Add component (AddParameter): Name = "Termination"; Value = "SMD/SMT"; VariantName = "[No Variations]"
Add component (AddParameter): Name = "Thickness"; Value = "508um"; VariantName = "[No Variations]"
Add component (AddParameter): Name = "Tolerance"; Value = "5%"; VariantName = "[No Variations]"
Add component (AddParameter): Name = "Value"; Value = "1k"; VariantName = "[No Variations]"
Add component (AddParameter): Name = "Voltage Rating"; Value = "150V"; VariantName = "[No Variations]"
Add component (AddParameter): Name = "Voltage Rating (DC)"; Value = "150V"; VariantName = "[No Variations]"
Add component (AddParameter): Name = "Weight"; Value = ""; VariantName = "[No Variations]"
Add component (AddParameter): Name = "Width"; Value = "1.25mm"; VariantName = "[No Variations]"
Add component (AddParameter): Name = "Working Voltage"; Value = ""; VariantName = "[No Variations]"
Added Component: Designator=R503(R0805FTK)
Add component (AddParameter): Name = ".Creator"; Value = "GP"; VariantName = "[No Variations]"
Add component (AddParameter): Name = ".PCBcheck"; Value = ""; VariantName = "[No Variations]"
Add component (AddParameter): Name = ".SCHcheck"; Value = ""; VariantName = "[No Variations]"
Add component (AddParameter): Name = "Case Code (Metric)"; Value = "2012"; VariantName = "[No Variations]"
Add component (AddParameter): Name = "Case/Package"; Value = "0805"; VariantName = "[No Variations]"
Add component (AddParameter): Name = "Category"; Value = "Chip SMD Resistors"; VariantName = "[No Variations]"
Add component (AddParameter): Name = "Circuit Type"; Value = ""; VariantName = "[No Variations]"
Add component (AddParameter): Name = "Color"; Value = ""; VariantName = "[No Variations]"
Add component (AddParameter): Name = "ComponentLink1Description"; Value = "https://datasheet.ciiva.com/11821/0900766b80fcdb72-11821134.pdf?src-supplier=RSComponents"; VariantName = "[No Variations]"
Add component (AddParameter): Name = "ComponentLink1URL"; Value = "https://datasheet.ciiva.com/11821/0900766b80fcdb72-11821134.pdf?src-supplier=RSComponents"; VariantName = "[No Variations]"
Add component (AddParameter): Name = "ComponentLink2Description"; Value = "https://datasheet.ciiva.com/15225/getdatasheetpartid-78155-15225381.pdf?src-supplier=Verical"; VariantName = "[No Variations]"
Add component (AddParameter): Name = "ComponentLink2URL"; Value = "https://datasheet.ciiva.com/15225/getdatasheetpartid-78155-15225381.pdf?src-supplier=Verical"; VariantName = "[No Variations]"
Add component (AddParameter): Name = "ComponentLink3Description"; Value = "https://datasheet.ciiva.com/22693/1902866-22693253.pdf?src-supplier=Element14"; VariantName = "[No Variations]"
Add component (AddParameter): Name = "ComponentLink3URL"; Value = "https://datasheet.ciiva.com/22693/1902866-22693253.pdf?src-supplier=Element14"; VariantName = "[No Variations]"
Add component (AddParameter): Name = "ComponentLink4Description"; Value = "https://datasheet.ciiva.com/7986/1856384-7986184.pdf?src-supplier=Element14"; VariantName = "[No Variations]"
Add component (AddParameter): Name = "ComponentLink4URL"; Value = "https://datasheet.ciiva.com/7986/1856384-7986184.pdf?src-supplier=Element14"; VariantName = "[No Variations]"
Add component (AddParameter): Name = "ComponentLink5Description"; Value = "https://datasheet.ciiva.com/7985/1856384-7985867.pdf?src-supplier=Element14"; VariantName = "[No Variations]"
Add component (AddParameter): Name = "ComponentLink5URL"; Value = "https://datasheet.ciiva.com/7985/1856384-7985867.pdf?src-supplier=Element14"; VariantName = "[No Variations]"
Add component (AddParameter): Name = "ComponentLink6Description"; Value = "https://datasheet.ciiva.com/30242/159chpreztr-30242765.pdf?src-supplier=Onlinecomponents.com"; VariantName = "[No Variations]"
Add component (AddParameter): Name = "ComponentLink6URL"; Value = "https://datasheet.ciiva.com/30242/159chpreztr-30242765.pdf?src-supplier=Onlinecomponents.com"; VariantName = "[No Variations]"
Add component (AddParameter): Name = "ComponentLink7Description"; Value = "https://datasheet.ciiva.com/6547/chpreztr-6547359.pdf?src-supplier=Digi-Key"; VariantName = "[No Variations]"
Add component (AddParameter): Name = "ComponentLink7URL"; Value = "https://datasheet.ciiva.com/6547/chpreztr-6547359.pdf?src-supplier=Digi-Key"; VariantName = "[No Variations]"
Add component (AddParameter): Name = "Construction"; Value = ""; VariantName = "[No Variations]"
Add component (AddParameter): Name = "Contact Plating"; Value = "Tin"; VariantName = "[No Variations]"
Add component (AddParameter): Name = "Current Rating"; Value = ""; VariantName = "[No Variations]"
Add component (AddParameter): Name = "Depth"; Value = "1.25mm"; VariantName = "[No Variations]"
Add component (AddParameter): Name = "Design Item ID"; Value = "R1k-0805FTK"; VariantName = "[No Variations]"
Add component (AddParameter): Name = "ELV"; Value = ""; VariantName = "[No Variations]"
Add component (AddParameter): Name = "Features"; Value = "Moisture Resistant"; VariantName = "[No Variations]"
Add component (AddParameter): Name = "Height"; Value = "0.5mm"; VariantName = "[No Variations]"
Add component (AddParameter): Name = "Insulation Resistance"; Value = ""; VariantName = "[No Variations]"
Add component (AddParameter): Name = "Lead Free"; Value = "Lead Free"; VariantName = "[No Variations]"
Add component (AddParameter): Name = "Lead Length"; Value = ""; VariantName = "[No Variations]"
Add component (AddParameter): Name = "Length"; Value = "2mm"; VariantName = "[No Variations]"
Add component (AddParameter): Name = "Manufacturer"; Value = ""; VariantName = "[No Variations]"
Add component (AddParameter): Name = "Manufacturer 1"; Value = "Bourns"; VariantName = "[No Variations]"
Add component (AddParameter): Name = "Manufacturer Part Number"; Value = ""; VariantName = "[No Variations]"
Add component (AddParameter): Name = "Manufacturer Part Number 1"; Value = "CR0805-JW-102ELF"; VariantName = "[No Variations]"
Add component (AddParameter): Name = "Max Operating Temperature"; Value = "155°C"; VariantName = "[No Variations]"
Add component (AddParameter): Name = "Max Power Dissipation"; Value = "125mW"; VariantName = "[No Variations]"
Add component (AddParameter): Name = "Military Standard"; Value = "Not"; VariantName = "[No Variations]"
Add component (AddParameter): Name = "Min Operating Temperature"; Value = "-55°C"; VariantName = "[No Variations]"
Add component (AddParameter): Name = "Mount"; Value = "Surface Mount"; VariantName = "[No Variations]"
Add component (AddParameter): Name = "Number of Contacts"; Value = ""; VariantName = "[No Variations]"
Add component (AddParameter): Name = "Number of Elements"; Value = ""; VariantName = "[No Variations]"
Add component (AddParameter): Name = "Number of Resistors"; Value = ""; VariantName = "[No Variations]"
Add component (AddParameter): Name = "Number of Terminals/Pins"; Value = ""; VariantName = "[No Variations]"
Add component (AddParameter): Name = "Number of Terminations"; Value = "2"; VariantName = "[No Variations]"
Add component (AddParameter): Name = "Number of Turns"; Value = ""; VariantName = "[No Variations]"
Add component (AddParameter): Name = "Package Quantity"; Value = "1"; VariantName = "[No Variations]"
Add component (AddParameter): Name = "Package Shape"; Value = ""; VariantName = "[No Variations]"
Add component (AddParameter): Name = "Packaging"; Value = "Tape and Reel"; VariantName = "[No Variations]"
Add component (AddParameter): Name = "Pins"; Value = "2"; VariantName = "[No Variations]"
Add component (AddParameter): Name = "Power Per Element"; Value = ""; VariantName = "[No Variations]"
Add component (AddParameter): Name = "Power Rating"; Value = "125mW"; VariantName = "[No Variations]"
Add component (AddParameter): Name = "Pricing 1"; Value = "1=0,05930, 10=0,03510, 25=0,01790, 100=0,00800, 250=0,00790, 500=0,00590, 1000=0,00360, 3000=0,00350, 6000=0,00250 (USD)"; VariantName = "[No Variations]"
Add component (AddParameter): Name = "Radiation Hardening"; Value = "No"; VariantName = "[No Variations]"
Add component (AddParameter): Name = "REACH SVHC"; Value = "No SVHC"; VariantName = "[No Variations]"
Add component (AddParameter): Name = "Resistance"; Value = ""; VariantName = "[No Variations]"
Add component (AddParameter): Name = "Resistance Tolerance"; Value = ""; VariantName = "[No Variations]"
Add component (AddParameter): Name = "Resistence"; Value = ""; VariantName = "[No Variations]"
Add component (AddParameter): Name = "Resistor Type"; Value = "Thick Film"; VariantName = "[No Variations]"
Add component (AddParameter): Name = "RoHS"; Value = "Yes"; VariantName = "[No Variations]"
Add component (AddParameter): Name = "RoHS Compliant"; Value = ""; VariantName = "[No Variations]"
Add component (AddParameter): Name = "Series"; Value = ""; VariantName = "[No Variations]"
Add component (AddParameter): Name = "Size Code"; Value = ""; VariantName = "[No Variations]"
Add component (AddParameter): Name = "Source"; Value = "Passives.SchLib"; VariantName = "[No Variations]"
Add component (AddParameter): Name = "Stock 1"; Value = "27510"; VariantName = "[No Variations]"
Add component (AddParameter): Name = "Taper"; Value = ""; VariantName = "[No Variations]"
Add component (AddParameter): Name = "Technology"; Value = ""; VariantName = "[No Variations]"
Add component (AddParameter): Name = "Temperature Coefficient"; Value = "200ppm/°C"; VariantName = "[No Variations]"
Add component (AddParameter): Name = "Terminal Finish"; Value = ""; VariantName = "[No Variations]"
Add component (AddParameter): Name = "Terminal Pitch"; Value = ""; VariantName = "[No Variations]"
Add component (AddParameter): Name = "Termination"; Value = "SMD/SMT"; VariantName = "[No Variations]"
Add component (AddParameter): Name = "Thickness"; Value = "508um"; VariantName = "[No Variations]"
Add component (AddParameter): Name = "Tolerance"; Value = "5%"; VariantName = "[No Variations]"
Add component (AddParameter): Name = "Value"; Value = "1k"; VariantName = "[No Variations]"
Add component (AddParameter): Name = "Voltage Rating"; Value = "150V"; VariantName = "[No Variations]"
Add component (AddParameter): Name = "Voltage Rating (DC)"; Value = "150V"; VariantName = "[No Variations]"
Add component (AddParameter): Name = "Weight"; Value = ""; VariantName = "[No Variations]"
Add component (AddParameter): Name = "Width"; Value = "1.25mm"; VariantName = "[No Variations]"
Add component (AddParameter): Name = "Working Voltage"; Value = ""; VariantName = "[No Variations]"
Added Component: Designator=R504(R0805FTK)
Add component (AddParameter): Name = ".Creator"; Value = "GP"; VariantName = "[No Variations]"
Add component (AddParameter): Name = ".PCBcheck"; Value = ""; VariantName = "[No Variations]"
Add component (AddParameter): Name = ".SCHcheck"; Value = ""; VariantName = "[No Variations]"
Add component (AddParameter): Name = "Case Code (Metric)"; Value = "2012"; VariantName = "[No Variations]"
Add component (AddParameter): Name = "Case/Package"; Value = "0805"; VariantName = "[No Variations]"
Add component (AddParameter): Name = "Category"; Value = "Chip SMD Resistors"; VariantName = "[No Variations]"
Add component (AddParameter): Name = "Circuit Type"; Value = ""; VariantName = "[No Variations]"
Add component (AddParameter): Name = "Color"; Value = ""; VariantName = "[No Variations]"
Add component (AddParameter): Name = "ComponentLink1Description"; Value = "https://datasheet.ciiva.com/11821/0900766b80fcdb72-11821134.pdf?src-supplier=RSComponents"; VariantName = "[No Variations]"
Add component (AddParameter): Name = "ComponentLink1URL"; Value = "https://datasheet.ciiva.com/11821/0900766b80fcdb72-11821134.pdf?src-supplier=RSComponents"; VariantName = "[No Variations]"
Add component (AddParameter): Name = "ComponentLink2Description"; Value = "https://datasheet.ciiva.com/15225/getdatasheetpartid-78155-15225381.pdf?src-supplier=Verical"; VariantName = "[No Variations]"
Add component (AddParameter): Name = "ComponentLink2URL"; Value = "https://datasheet.ciiva.com/15225/getdatasheetpartid-78155-15225381.pdf?src-supplier=Verical"; VariantName = "[No Variations]"
Add component (AddParameter): Name = "ComponentLink3Description"; Value = "https://datasheet.ciiva.com/22693/1902866-22693253.pdf?src-supplier=Element14"; VariantName = "[No Variations]"
Add component (AddParameter): Name = "ComponentLink3URL"; Value = "https://datasheet.ciiva.com/22693/1902866-22693253.pdf?src-supplier=Element14"; VariantName = "[No Variations]"
Add component (AddParameter): Name = "ComponentLink4Description"; Value = "https://datasheet.ciiva.com/7986/1856384-7986184.pdf?src-supplier=Element14"; VariantName = "[No Variations]"
Add component (AddParameter): Name = "ComponentLink4URL"; Value = "https://datasheet.ciiva.com/7986/1856384-7986184.pdf?src-supplier=Element14"; VariantName = "[No Variations]"
Add component (AddParameter): Name = "ComponentLink5Description"; Value = "https://datasheet.ciiva.com/7985/1856384-7985867.pdf?src-supplier=Element14"; VariantName = "[No Variations]"
Add component (AddParameter): Name = "ComponentLink5URL"; Value = "https://datasheet.ciiva.com/7985/1856384-7985867.pdf?src-supplier=Element14"; VariantName = "[No Variations]"
Add component (AddParameter): Name = "ComponentLink6Description"; Value = "https://datasheet.ciiva.com/30242/159chpreztr-30242765.pdf?src-supplier=Onlinecomponents.com"; VariantName = "[No Variations]"
Add component (AddParameter): Name = "ComponentLink6URL"; Value = "https://datasheet.ciiva.com/30242/159chpreztr-30242765.pdf?src-supplier=Onlinecomponents.com"; VariantName = "[No Variations]"
Add component (AddParameter): Name = "ComponentLink7Description"; Value = "https://datasheet.ciiva.com/6547/chpreztr-6547359.pdf?src-supplier=Digi-Key"; VariantName = "[No Variations]"
Add component (AddParameter): Name = "ComponentLink7URL"; Value = "https://datasheet.ciiva.com/6547/chpreztr-6547359.pdf?src-supplier=Digi-Key"; VariantName = "[No Variations]"
Add component (AddParameter): Name = "Construction"; Value = ""; VariantName = "[No Variations]"
Add component (AddParameter): Name = "Contact Plating"; Value = "Tin"; VariantName = "[No Variations]"
Add component (AddParameter): Name = "Current Rating"; Value = ""; VariantName = "[No Variations]"
Add component (AddParameter): Name = "Depth"; Value = "1.25mm"; VariantName = "[No Variations]"
Add component (AddParameter): Name = "Design Item ID"; Value = "R1k-0805FTK"; VariantName = "[No Variations]"
Add component (AddParameter): Name = "ELV"; Value = ""; VariantName = "[No Variations]"
Add component (AddParameter): Name = "Features"; Value = "Moisture Resistant"; VariantName = "[No Variations]"
Add component (AddParameter): Name = "Height"; Value = "0.5mm"; VariantName = "[No Variations]"
Add component (AddParameter): Name = "Insulation Resistance"; Value = ""; VariantName = "[No Variations]"
Add component (AddParameter): Name = "Lead Free"; Value = "Lead Free"; VariantName = "[No Variations]"
Add component (AddParameter): Name = "Lead Length"; Value = ""; VariantName = "[No Variations]"
Add component (AddParameter): Name = "Length"; Value = "2mm"; VariantName = "[No Variations]"
Add component (AddParameter): Name = "Manufacturer"; Value = ""; VariantName = "[No Variations]"
Add component (AddParameter): Name = "Manufacturer 1"; Value = "Bourns"; VariantName = "[No Variations]"
Add component (AddParameter): Name = "Manufacturer Part Number"; Value = ""; VariantName = "[No Variations]"
Add component (AddParameter): Name = "Manufacturer Part Number 1"; Value = "CR0805-JW-102ELF"; VariantName = "[No Variations]"
Add component (AddParameter): Name = "Max Operating Temperature"; Value = "155°C"; VariantName = "[No Variations]"
Add component (AddParameter): Name = "Max Power Dissipation"; Value = "125mW"; VariantName = "[No Variations]"
Add component (AddParameter): Name = "Military Standard"; Value = "Not"; VariantName = "[No Variations]"
Add component (AddParameter): Name = "Min Operating Temperature"; Value = "-55°C"; VariantName = "[No Variations]"
Add component (AddParameter): Name = "Mount"; Value = "Surface Mount"; VariantName = "[No Variations]"
Add component (AddParameter): Name = "Number of Contacts"; Value = ""; VariantName = "[No Variations]"
Add component (AddParameter): Name = "Number of Elements"; Value = ""; VariantName = "[No Variations]"
Add component (AddParameter): Name = "Number of Resistors"; Value = ""; VariantName = "[No Variations]"
Add component (AddParameter): Name = "Number of Terminals/Pins"; Value = ""; VariantName = "[No Variations]"
Add component (AddParameter): Name = "Number of Terminations"; Value = "2"; VariantName = "[No Variations]"
Add component (AddParameter): Name = "Number of Turns"; Value = ""; VariantName = "[No Variations]"
Add component (AddParameter): Name = "Package Quantity"; Value = "1"; VariantName = "[No Variations]"
Add component (AddParameter): Name = "Package Shape"; Value = ""; VariantName = "[No Variations]"
Add component (AddParameter): Name = "Packaging"; Value = "Tape and Reel"; VariantName = "[No Variations]"
Add component (AddParameter): Name = "Pins"; Value = "2"; VariantName = "[No Variations]"
Add component (AddParameter): Name = "Power Per Element"; Value = ""; VariantName = "[No Variations]"
Add component (AddParameter): Name = "Power Rating"; Value = "125mW"; VariantName = "[No Variations]"
Add component (AddParameter): Name = "Pricing 1"; Value = "1=0,05930, 10=0,03510, 25=0,01790, 100=0,00800, 250=0,00790, 500=0,00590, 1000=0,00360, 3000=0,00350, 6000=0,00250 (USD)"; VariantName = "[No Variations]"
Add component (AddParameter): Name = "Radiation Hardening"; Value = "No"; VariantName = "[No Variations]"
Add component (AddParameter): Name = "REACH SVHC"; Value = "No SVHC"; VariantName = "[No Variations]"
Add component (AddParameter): Name = "Resistance"; Value = ""; VariantName = "[No Variations]"
Add component (AddParameter): Name = "Resistance Tolerance"; Value = ""; VariantName = "[No Variations]"
Add component (AddParameter): Name = "Resistence"; Value = ""; VariantName = "[No Variations]"
Add component (AddParameter): Name = "Resistor Type"; Value = "Thick Film"; VariantName = "[No Variations]"
Add component (AddParameter): Name = "RoHS"; Value = "Yes"; VariantName = "[No Variations]"
Add component (AddParameter): Name = "RoHS Compliant"; Value = ""; VariantName = "[No Variations]"
Add component (AddParameter): Name = "Series"; Value = ""; VariantName = "[No Variations]"
Add component (AddParameter): Name = "Size Code"; Value = ""; VariantName = "[No Variations]"
Add component (AddParameter): Name = "Source"; Value = "Passives.SchLib"; VariantName = "[No Variations]"
Add component (AddParameter): Name = "Stock 1"; Value = "27510"; VariantName = "[No Variations]"
Add component (AddParameter): Name = "Taper"; Value = ""; VariantName = "[No Variations]"
Add component (AddParameter): Name = "Technology"; Value = ""; VariantName = "[No Variations]"
Add component (AddParameter): Name = "Temperature Coefficient"; Value = "200ppm/°C"; VariantName = "[No Variations]"
Add component (AddParameter): Name = "Terminal Finish"; Value = ""; VariantName = "[No Variations]"
Add component (AddParameter): Name = "Terminal Pitch"; Value = ""; VariantName = "[No Variations]"
Add component (AddParameter): Name = "Termination"; Value = "SMD/SMT"; VariantName = "[No Variations]"
Add component (AddParameter): Name = "Thickness"; Value = "508um"; VariantName = "[No Variations]"
Add component (AddParameter): Name = "Tolerance"; Value = "5%"; VariantName = "[No Variations]"
Add component (AddParameter): Name = "Value"; Value = "1k"; VariantName = "[No Variations]"
Add component (AddParameter): Name = "Voltage Rating"; Value = "150V"; VariantName = "[No Variations]"
Add component (AddParameter): Name = "Voltage Rating (DC)"; Value = "150V"; VariantName = "[No Variations]"
Add component (AddParameter): Name = "Weight"; Value = ""; VariantName = "[No Variations]"
Add component (AddParameter): Name = "Width"; Value = "1.25mm"; VariantName = "[No Variations]"
Add component (AddParameter): Name = "Working Voltage"; Value = ""; VariantName = "[No Variations]"
Added Component: Designator=R505(R1k-VTR)
Add component (AddParameter): Name = ".Creator"; Value = "DO"; VariantName = "[No Variations]"
Add component (AddParameter): Name = ".PCBcheck"; Value = ""; VariantName = "[No Variations]"
Add component (AddParameter): Name = ".SCHcheck"; Value = ""; VariantName = "[No Variations]"
Add component (AddParameter): Name = "Case Code (Metric)"; Value = ""; VariantName = "[No Variations]"
Add component (AddParameter): Name = "Case/Package"; Value = ""; VariantName = "[No Variations]"
Add component (AddParameter): Name = "Category"; Value = "Variable Resistors and Potentiometers"; VariantName = "[No Variations]"
Add component (AddParameter): Name = "Circuit Type"; Value = ""; VariantName = "[No Variations]"
Add component (AddParameter): Name = "Color"; Value = "Blue"; VariantName = "[No Variations]"
Add component (AddParameter): Name = "ComponentLink1Description"; Value = "https://datasheet.ciiva.com/19482/1156947-19482160.pdf?src-supplier=Jameco"; VariantName = "[No Variations]"
Add component (AddParameter): Name = "ComponentLink1URL"; Value = "https://datasheet.ciiva.com/19482/1156947-19482160.pdf?src-supplier=Jameco"; VariantName = "[No Variations]"
Add component (AddParameter): Name = "ComponentLink2Description"; Value = "https://datasheet.ciiva.com/11832/0900766b8069ccf4-11832263.pdf?src-supplier=RSComponents"; VariantName = "[No Variations]"
Add component (AddParameter): Name = "ComponentLink2URL"; Value = "https://datasheet.ciiva.com/11832/0900766b8069ccf4-11832263.pdf?src-supplier=RSComponents"; VariantName = "[No Variations]"
Add component (AddParameter): Name = "ComponentLink3Description"; Value = "https://datasheet.ciiva.com/29122/447301-da-01-en-trimmer-tht3296y-1-102lf-1k-0-5w-29122384.pdf?src-supplier=Conrad"; VariantName = "[No Variations]"
Add component (AddParameter): Name = "ComponentLink3URL"; Value = "https://datasheet.ciiva.com/29122/447301-da-01-en-trimmer-tht3296y-1-102lf-1k-0-5w-29122384.pdf?src-supplier=Conrad"; VariantName = "[No Variations]"
Add component (AddParameter): Name = "ComponentLink4Description"; Value = "https://datasheet.ciiva.com/14173/dabourns3296-data-e-14173007.pdf?src-supplier=Distrelec"; VariantName = "[No Variations]"
Add component (AddParameter): Name = "ComponentLink4URL"; Value = "https://datasheet.ciiva.com/14173/dabourns3296-data-e-14173007.pdf?src-supplier=Distrelec"; VariantName = "[No Variations]"
Add component (AddParameter): Name = "ComponentLink5Description"; Value = "https://datasheet.ciiva.com/3267/3296-3267278.pdf?src-supplier=Avnet"; VariantName = "[No Variations]"
Add component (AddParameter): Name = "ComponentLink5URL"; Value = "https://datasheet.ciiva.com/3267/3296-3267278.pdf?src-supplier=Avnet"; VariantName = "[No Variations]"
Add component (AddParameter): Name = "ComponentLink6Description"; Value = "https://datasheet.ciiva.com/15156/getdatasheetpartid-88201-15156460.pdf?src-supplier=Verical"; VariantName = "[No Variations]"
Add component (AddParameter): Name = "ComponentLink6URL"; Value = "https://datasheet.ciiva.com/15156/getdatasheetpartid-88201-15156460.pdf?src-supplier=Verical"; VariantName = "[No Variations]"
Add component (AddParameter): Name = "ComponentLink7Description"; Value = "https://datasheet.ciiva.com/25907/3296-25907272.pdf?src-supplier=Avnet+Europe"; VariantName = "[No Variations]"
Add component (AddParameter): Name = "ComponentLink7URL"; Value = "https://datasheet.ciiva.com/25907/3296-25907272.pdf?src-supplier=Avnet+Europe"; VariantName = "[No Variations]"
Add component (AddParameter): Name = "ComponentLink8Description"; Value = "https://datasheet.ciiva.com/2156/3296-2156899.pdf?src-supplier=Digi-Key"; VariantName = "[No Variations]"
Add component (AddParameter): Name = "ComponentLink8URL"; Value = "https://datasheet.ciiva.com/2156/3296-2156899.pdf?src-supplier=Digi-Key"; VariantName = "[No Variations]"
Add component (AddParameter): Name = "ComponentLink9Description"; Value = "https://datasheet.ciiva.com/16714/70153578-16714745.pdf?src-supplier=Allied+Electronics"; VariantName = "[No Variations]"
Add component (AddParameter): Name = "ComponentLink9URL"; Value = "https://datasheet.ciiva.com/16714/70153578-16714745.pdf?src-supplier=Allied+Electronics"; VariantName = "[No Variations]"
Add component (AddParameter): Name = "ComponentLink10Description"; Value = "https://datasheet.ciiva.com/1131/1815117-1131446.pdf?src-supplier=Element14"; VariantName = "[No Variations]"
Add component (AddParameter): Name = "ComponentLink10URL"; Value = "https://datasheet.ciiva.com/1131/1815117-1131446.pdf?src-supplier=Element14"; VariantName = "[No Variations]"
Add component (AddParameter): Name = "Construction"; Value = ""; VariantName = "[No Variations]"
Add component (AddParameter): Name = "Contact Plating"; Value = "Tin,Matte"; VariantName = "[No Variations]"
Add component (AddParameter): Name = "Current Rating"; Value = ""; VariantName = "[No Variations]"
Add component (AddParameter): Name = "Depth"; Value = "4.83mm"; VariantName = "[No Variations]"
Add component (AddParameter): Name = "Design Item ID"; Value = "R1k-VTR"; VariantName = "[No Variations]"
Add component (AddParameter): Name = "ELV"; Value = ""; VariantName = "[No Variations]"
Add component (AddParameter): Name = "Features"; Value = ""; VariantName = "[No Variations]"
Add component (AddParameter): Name = "Height"; Value = "0.395inch"; VariantName = "[No Variations]"
Add component (AddParameter): Name = "Insulation Resistance"; Value = ""; VariantName = "[No Variations]"
Add component (AddParameter): Name = "Lead Free"; Value = "Lead Free"; VariantName = "[No Variations]"
Add component (AddParameter): Name = "Lead Length"; Value = ""; VariantName = "[No Variations]"
Add component (AddParameter): Name = "Length"; Value = "9.53mm"; VariantName = "[No Variations]"
Add component (AddParameter): Name = "Manufacturer"; Value = "Bourns"; VariantName = "[No Variations]"
Add component (AddParameter): Name = "Manufacturer 1"; Value = ""; VariantName = "[No Variations]"
Add component (AddParameter): Name = "Manufacturer Part Number"; Value = "3296Y-1-102LF"; VariantName = "[No Variations]"
Add component (AddParameter): Name = "Manufacturer Part Number 1"; Value = ""; VariantName = "[No Variations]"
Add component (AddParameter): Name = "Max Operating Temperature"; Value = "125°C"; VariantName = "[No Variations]"
Add component (AddParameter): Name = "Max Power Dissipation"; Value = "500mW"; VariantName = "[No Variations]"
Add component (AddParameter): Name = "Military Standard"; Value = "Not"; VariantName = "[No Variations]"
Add component (AddParameter): Name = "Min Operating Temperature"; Value = "-55°C"; VariantName = "[No Variations]"
Add component (AddParameter): Name = "Mount"; Value = "Through Hole,Panel,PCB"; VariantName = "[No Variations]"
Add component (AddParameter): Name = "Number of Contacts"; Value = ""; VariantName = "[No Variations]"
Add component (AddParameter): Name = "Number of Elements"; Value = ""; VariantName = "[No Variations]"
Add component (AddParameter): Name = "Number of Resistors"; Value = ""; VariantName = "[No Variations]"
Add component (AddParameter): Name = "Number of Terminals/Pins"; Value = ""; VariantName = "[No Variations]"
Add component (AddParameter): Name = "Number of Terminations"; Value = ""; VariantName = "[No Variations]"
Add component (AddParameter): Name = "Number of Turns"; Value = "25"; VariantName = "[No Variations]"
Add component (AddParameter): Name = "Package Quantity"; Value = "50"; VariantName = "[No Variations]"
Add component (AddParameter): Name = "Package Shape"; Value = ""; VariantName = "[No Variations]"
Add component (AddParameter): Name = "Packaging"; Value = "Rail/Tube"; VariantName = "[No Variations]"
Add component (AddParameter): Name = "Pins"; Value = ""; VariantName = "[No Variations]"
Add component (AddParameter): Name = "Power Per Element"; Value = ""; VariantName = "[No Variations]"
Add component (AddParameter): Name = "Power Rating"; Value = "500mW"; VariantName = "[No Variations]"
Add component (AddParameter): Name = "Pricing 1"; Value = "1=3,12300, 10=2,81500, 25=2,56000, 50=2,35900, 100=1,87600 (USD)"; VariantName = "[No Variations]"
Add component (AddParameter): Name = "Radiation Hardening"; Value = "No"; VariantName = "[No Variations]"
Add component (AddParameter): Name = "REACH SVHC"; Value = "No SVHC"; VariantName = "[No Variations]"
Add component (AddParameter): Name = "Resistance"; Value = ""; VariantName = "[No Variations]"
Add component (AddParameter): Name = "Resistance Tolerance"; Value = "10%"; VariantName = "[No Variations]"
Add component (AddParameter): Name = "Resistence"; Value = ""; VariantName = "[No Variations]"
Add component (AddParameter): Name = "Resistor Type"; Value = "Cermet"; VariantName = "[No Variations]"
Add component (AddParameter): Name = "RoHS"; Value = "Yes"; VariantName = "[No Variations]"
Add component (AddParameter): Name = "RoHS Compliant"; Value = "Yes"; VariantName = "[No Variations]"
Add component (AddParameter): Name = "Series"; Value = "3296"; VariantName = "[No Variations]"
Add component (AddParameter): Name = "Size Code"; Value = ""; VariantName = "[No Variations]"
Add component (AddParameter): Name = "Source"; Value = "Passives.SchLib"; VariantName = "[No Variations]"
Add component (AddParameter): Name = "Stock 1"; Value = "230"; VariantName = "[No Variations]"
Add component (AddParameter): Name = "Taper"; Value = "Linear"; VariantName = "[No Variations]"
Add component (AddParameter): Name = "Technology"; Value = "CERMET"; VariantName = "[No Variations]"
Add component (AddParameter): Name = "Temperature Coefficient"; Value = "100ppm/°C"; VariantName = "[No Variations]"
Add component (AddParameter): Name = "Terminal Finish"; Value = ""; VariantName = "[No Variations]"
Add component (AddParameter): Name = "Terminal Pitch"; Value = ""; VariantName = "[No Variations]"
Add component (AddParameter): Name = "Termination"; Value = "Pin"; VariantName = "[No Variations]"
Add component (AddParameter): Name = "Thickness"; Value = ""; VariantName = "[No Variations]"
Add component (AddParameter): Name = "Tolerance"; Value = "10%"; VariantName = "[No Variations]"
Add component (AddParameter): Name = "Value"; Value = "1k"; VariantName = "[No Variations]"
Add component (AddParameter): Name = "Voltage Rating"; Value = ""; VariantName = "[No Variations]"
Add component (AddParameter): Name = "Voltage Rating (DC)"; Value = ""; VariantName = "[No Variations]"
Add component (AddParameter): Name = "Weight"; Value = "0.03oz"; VariantName = "[No Variations]"
Add component (AddParameter): Name = "Width"; Value = "9.53mm"; VariantName = "[No Variations]"
Add component (AddParameter): Name = "Working Voltage"; Value = ""; VariantName = "[No Variations]"
Added Component: Designator=R601(R0805FTK)
Add component (AddParameter): Name = ".Creator"; Value = "DR"; VariantName = "[No Variations]"
Add component (AddParameter): Name = ".PCBcheck"; Value = ""; VariantName = "[No Variations]"
Add component (AddParameter): Name = ".SCHcheck"; Value = ""; VariantName = "[No Variations]"
Add component (AddParameter): Name = "Case Code (Metric)"; Value = "2012"; VariantName = "[No Variations]"
Add component (AddParameter): Name = "Case/Package"; Value = "0805"; VariantName = "[No Variations]"
Add component (AddParameter): Name = "Category"; Value = "Chip SMD Resistors"; VariantName = "[No Variations]"
Add component (AddParameter): Name = "Circuit Type"; Value = ""; VariantName = "[No Variations]"
Add component (AddParameter): Name = "Color"; Value = ""; VariantName = "[No Variations]"
Add component (AddParameter): Name = "ComponentLink1Description"; Value = "https://datasheet.ciiva.com/11809/0900766b80fcdb72-11809178.pdf?src-supplier=RSComponents"; VariantName = "[No Variations]"
Add component (AddParameter): Name = "ComponentLink1URL"; Value = "https://datasheet.ciiva.com/11809/0900766b80fcdb72-11809178.pdf?src-supplier=RSComponents"; VariantName = "[No Variations]"
Add component (AddParameter): Name = "ComponentLink2Description"; Value = "https://datasheet.ciiva.com/6547/chpreztr-6547413.pdf?src-supplier=Digi-Key"; VariantName = "[No Variations]"
Add component (AddParameter): Name = "ComponentLink2URL"; Value = "https://datasheet.ciiva.com/6547/chpreztr-6547413.pdf?src-supplier=Digi-Key"; VariantName = "[No Variations]"
Add component (AddParameter): Name = "ComponentLink3Description"; Value = "https://datasheet.ciiva.com/6547/chpreztr-6547414.pdf?src-supplier=Digi-Key"; VariantName = "[No Variations]"
Add component (AddParameter): Name = "ComponentLink3URL"; Value = "https://datasheet.ciiva.com/6547/chpreztr-6547414.pdf?src-supplier=Digi-Key"; VariantName = "[No Variations]"
Add component (AddParameter): Name = "ComponentLink4Description"; Value = "https://datasheet.ciiva.com/6547/chpreztr-6547415.pdf?src-supplier=Digi-Key"; VariantName = "[No Variations]"
Add component (AddParameter): Name = "ComponentLink4URL"; Value = "https://datasheet.ciiva.com/6547/chpreztr-6547415.pdf?src-supplier=Digi-Key"; VariantName = "[No Variations]"
Add component (AddParameter): Name = "ComponentLink5Description"; Value = "https://datasheet.ciiva.com/9120/chpreztr-9120744.pdf?src-supplier=Avnet"; VariantName = "[No Variations]"
Add component (AddParameter): Name = "ComponentLink5URL"; Value = "https://datasheet.ciiva.com/9120/chpreztr-9120744.pdf?src-supplier=Avnet"; VariantName = "[No Variations]"
Add component (AddParameter): Name = "Construction"; Value = "Rectangular"; VariantName = "[No Variations]"
Add component (AddParameter): Name = "Contact Plating"; Value = "Tin"; VariantName = "[No Variations]"
Add component (AddParameter): Name = "Current Rating"; Value = ""; VariantName = "[No Variations]"
Add component (AddParameter): Name = "Depth"; Value = "1.25mm"; VariantName = "[No Variations]"
Add component (AddParameter): Name = "Design Item ID"; Value = "R100-0805FTK"; VariantName = "[No Variations]"
Add component (AddParameter): Name = "ELV"; Value = ""; VariantName = "[No Variations]"
Add component (AddParameter): Name = "Features"; Value = "Moisture Resistant"; VariantName = "[No Variations]"
Add component (AddParameter): Name = "Height"; Value = "0.5mm"; VariantName = "[No Variations]"
Add component (AddParameter): Name = "Insulation Resistance"; Value = ""; VariantName = "[No Variations]"
Add component (AddParameter): Name = "Lead Free"; Value = ""; VariantName = "[No Variations]"
Add component (AddParameter): Name = "Lead Length"; Value = ""; VariantName = "[No Variations]"
Add component (AddParameter): Name = "Length"; Value = "2mm"; VariantName = "[No Variations]"
Add component (AddParameter): Name = "Manufacturer"; Value = ""; VariantName = "[No Variations]"
Add component (AddParameter): Name = "Manufacturer 1"; Value = "Bourns"; VariantName = "[No Variations]"
Add component (AddParameter): Name = "Manufacturer Part Number"; Value = ""; VariantName = "[No Variations]"
Add component (AddParameter): Name = "Manufacturer Part Number 1"; Value = "CR0805-FX-1000ELF"; VariantName = "[No Variations]"
Add component (AddParameter): Name = "Max Operating Temperature"; Value = "155°C"; VariantName = "[No Variations]"
Add component (AddParameter): Name = "Max Power Dissipation"; Value = "125mW"; VariantName = "[No Variations]"
Add component (AddParameter): Name = "Military Standard"; Value = "Not"; VariantName = "[No Variations]"
Add component (AddParameter): Name = "Min Operating Temperature"; Value = "-55°C"; VariantName = "[No Variations]"
Add component (AddParameter): Name = "Mount"; Value = "Surface Mount"; VariantName = "[No Variations]"
Add component (AddParameter): Name = "Number of Contacts"; Value = ""; VariantName = "[No Variations]"
Add component (AddParameter): Name = "Number of Elements"; Value = ""; VariantName = "[No Variations]"
Add component (AddParameter): Name = "Number of Resistors"; Value = ""; VariantName = "[No Variations]"
Add component (AddParameter): Name = "Number of Terminals/Pins"; Value = ""; VariantName = "[No Variations]"
Add component (AddParameter): Name = "Number of Terminations"; Value = "2"; VariantName = "[No Variations]"
Add component (AddParameter): Name = "Number of Turns"; Value = ""; VariantName = "[No Variations]"
Add component (AddParameter): Name = "Package Quantity"; Value = "1"; VariantName = "[No Variations]"
Add component (AddParameter): Name = "Package Shape"; Value = ""; VariantName = "[No Variations]"
Add component (AddParameter): Name = "Packaging"; Value = "Tape and Reel"; VariantName = "[No Variations]"
Add component (AddParameter): Name = "Pins"; Value = "2"; VariantName = "[No Variations]"
Add component (AddParameter): Name = "Power Per Element"; Value = ""; VariantName = "[No Variations]"
Add component (AddParameter): Name = "Power Rating"; Value = "125mW"; VariantName = "[No Variations]"
Add component (AddParameter): Name = "Pricing 1"; Value = "1=0,05840, 10=0,03430, 25=0,01780, 100=0,00750, 250=0,00560, 500=0,00490, 3000=0,00470 (USD)"; VariantName = "[No Variations]"
Add component (AddParameter): Name = "Radiation Hardening"; Value = "No"; VariantName = "[No Variations]"
Add component (AddParameter): Name = "REACH SVHC"; Value = "No SVHC"; VariantName = "[No Variations]"
Add component (AddParameter): Name = "Resistance"; Value = ""; VariantName = "[No Variations]"
Add component (AddParameter): Name = "Resistance Tolerance"; Value = "1%"; VariantName = "[No Variations]"
Add component (AddParameter): Name = "Resistence"; Value = ""; VariantName = "[No Variations]"
Add component (AddParameter): Name = "Resistor Type"; Value = "Thick Film"; VariantName = "[No Variations]"
Add component (AddParameter): Name = "RoHS"; Value = "Yes"; VariantName = "[No Variations]"
Add component (AddParameter): Name = "RoHS Compliant"; Value = "Yes"; VariantName = "[No Variations]"
Add component (AddParameter): Name = "Series"; Value = "CR0805"; VariantName = "[No Variations]"
Add component (AddParameter): Name = "Size Code"; Value = ""; VariantName = "[No Variations]"
Add component (AddParameter): Name = "Source"; Value = "Passives.SchLib"; VariantName = "[No Variations]"
Add component (AddParameter): Name = "Stock 1"; Value = "49802"; VariantName = "[No Variations]"
Add component (AddParameter): Name = "Taper"; Value = ""; VariantName = "[No Variations]"
Add component (AddParameter): Name = "Technology"; Value = "THICK FILM"; VariantName = "[No Variations]"
Add component (AddParameter): Name = "Temperature Coefficient"; Value = "100ppm/°C"; VariantName = "[No Variations]"
Add component (AddParameter): Name = "Terminal Finish"; Value = ""; VariantName = "[No Variations]"
Add component (AddParameter): Name = "Terminal Pitch"; Value = ""; VariantName = "[No Variations]"
Add component (AddParameter): Name = "Termination"; Value = "SMD/SMT"; VariantName = "[No Variations]"
Add component (AddParameter): Name = "Thickness"; Value = "508um"; VariantName = "[No Variations]"
Add component (AddParameter): Name = "Tolerance"; Value = "1%"; VariantName = "[No Variations]"
Add component (AddParameter): Name = "Value"; Value = "100"; VariantName = "[No Variations]"
Add component (AddParameter): Name = "Voltage Rating"; Value = "150V"; VariantName = "[No Variations]"
Add component (AddParameter): Name = "Voltage Rating (DC)"; Value = "150V"; VariantName = "[No Variations]"
Add component (AddParameter): Name = "Weight"; Value = ""; VariantName = "[No Variations]"
Add component (AddParameter): Name = "Width"; Value = "1.25mm"; VariantName = "[No Variations]"
Add component (AddParameter): Name = "Working Voltage"; Value = ""; VariantName = "[No Variations]"
Added Component: Designator=R602(R0805FTK)
Add component (AddParameter): Name = ".Creator"; Value = "GP"; VariantName = "[No Variations]"
Add component (AddParameter): Name = ".PCBcheck"; Value = ""; VariantName = "[No Variations]"
Add component (AddParameter): Name = ".SCHcheck"; Value = ""; VariantName = "[No Variations]"
Add component (AddParameter): Name = "Case Code (Metric)"; Value = "2012"; VariantName = "[No Variations]"
Add component (AddParameter): Name = "Case/Package"; Value = "0805"; VariantName = "[No Variations]"
Add component (AddParameter): Name = "Category"; Value = "Chip SMD Resistors"; VariantName = "[No Variations]"
Add component (AddParameter): Name = "Circuit Type"; Value = ""; VariantName = "[No Variations]"
Add component (AddParameter): Name = "Color"; Value = ""; VariantName = "[No Variations]"
Add component (AddParameter): Name = "ComponentLink1Description"; Value = "https://datasheet.ciiva.com/11821/0900766b80fcdb72-11821134.pdf?src-supplier=RSComponents"; VariantName = "[No Variations]"
Add component (AddParameter): Name = "ComponentLink1URL"; Value = "https://datasheet.ciiva.com/11821/0900766b80fcdb72-11821134.pdf?src-supplier=RSComponents"; VariantName = "[No Variations]"
Add component (AddParameter): Name = "ComponentLink2Description"; Value = "https://datasheet.ciiva.com/15225/getdatasheetpartid-78155-15225381.pdf?src-supplier=Verical"; VariantName = "[No Variations]"
Add component (AddParameter): Name = "ComponentLink2URL"; Value = "https://datasheet.ciiva.com/15225/getdatasheetpartid-78155-15225381.pdf?src-supplier=Verical"; VariantName = "[No Variations]"
Add component (AddParameter): Name = "ComponentLink3Description"; Value = "https://datasheet.ciiva.com/22693/1902866-22693253.pdf?src-supplier=Element14"; VariantName = "[No Variations]"
Add component (AddParameter): Name = "ComponentLink3URL"; Value = "https://datasheet.ciiva.com/22693/1902866-22693253.pdf?src-supplier=Element14"; VariantName = "[No Variations]"
Add component (AddParameter): Name = "ComponentLink4Description"; Value = "https://datasheet.ciiva.com/7986/1856384-7986184.pdf?src-supplier=Element14"; VariantName = "[No Variations]"
Add component (AddParameter): Name = "ComponentLink4URL"; Value = "https://datasheet.ciiva.com/7986/1856384-7986184.pdf?src-supplier=Element14"; VariantName = "[No Variations]"
Add component (AddParameter): Name = "ComponentLink5Description"; Value = "https://datasheet.ciiva.com/7985/1856384-7985867.pdf?src-supplier=Element14"; VariantName = "[No Variations]"
Add component (AddParameter): Name = "ComponentLink5URL"; Value = "https://datasheet.ciiva.com/7985/1856384-7985867.pdf?src-supplier=Element14"; VariantName = "[No Variations]"
Add component (AddParameter): Name = "ComponentLink6Description"; Value = "https://datasheet.ciiva.com/30242/159chpreztr-30242765.pdf?src-supplier=Onlinecomponents.com"; VariantName = "[No Variations]"
Add component (AddParameter): Name = "ComponentLink6URL"; Value = "https://datasheet.ciiva.com/30242/159chpreztr-30242765.pdf?src-supplier=Onlinecomponents.com"; VariantName = "[No Variations]"
Add component (AddParameter): Name = "ComponentLink7Description"; Value = "https://datasheet.ciiva.com/6547/chpreztr-6547359.pdf?src-supplier=Digi-Key"; VariantName = "[No Variations]"
Add component (AddParameter): Name = "ComponentLink7URL"; Value = "https://datasheet.ciiva.com/6547/chpreztr-6547359.pdf?src-supplier=Digi-Key"; VariantName = "[No Variations]"
Add component (AddParameter): Name = "Construction"; Value = ""; VariantName = "[No Variations]"
Add component (AddParameter): Name = "Contact Plating"; Value = "Tin"; VariantName = "[No Variations]"
Add component (AddParameter): Name = "Current Rating"; Value = ""; VariantName = "[No Variations]"
Add component (AddParameter): Name = "Depth"; Value = "1.25mm"; VariantName = "[No Variations]"
Add component (AddParameter): Name = "Design Item ID"; Value = "R1k-0805FTK"; VariantName = "[No Variations]"
Add component (AddParameter): Name = "ELV"; Value = ""; VariantName = "[No Variations]"
Add component (AddParameter): Name = "Features"; Value = "Moisture Resistant"; VariantName = "[No Variations]"
Add component (AddParameter): Name = "Height"; Value = "0.5mm"; VariantName = "[No Variations]"
Add component (AddParameter): Name = "Insulation Resistance"; Value = ""; VariantName = "[No Variations]"
Add component (AddParameter): Name = "Lead Free"; Value = "Lead Free"; VariantName = "[No Variations]"
Add component (AddParameter): Name = "Lead Length"; Value = ""; VariantName = "[No Variations]"
Add component (AddParameter): Name = "Length"; Value = "2mm"; VariantName = "[No Variations]"
Add component (AddParameter): Name = "Manufacturer"; Value = ""; VariantName = "[No Variations]"
Add component (AddParameter): Name = "Manufacturer 1"; Value = "Bourns"; VariantName = "[No Variations]"
Add component (AddParameter): Name = "Manufacturer Part Number"; Value = ""; VariantName = "[No Variations]"
Add component (AddParameter): Name = "Manufacturer Part Number 1"; Value = "CR0805-JW-102ELF"; VariantName = "[No Variations]"
Add component (AddParameter): Name = "Max Operating Temperature"; Value = "155°C"; VariantName = "[No Variations]"
Add component (AddParameter): Name = "Max Power Dissipation"; Value = "125mW"; VariantName = "[No Variations]"
Add component (AddParameter): Name = "Military Standard"; Value = "Not"; VariantName = "[No Variations]"
Add component (AddParameter): Name = "Min Operating Temperature"; Value = "-55°C"; VariantName = "[No Variations]"
Add component (AddParameter): Name = "Mount"; Value = "Surface Mount"; VariantName = "[No Variations]"
Add component (AddParameter): Name = "Number of Contacts"; Value = ""; VariantName = "[No Variations]"
Add component (AddParameter): Name = "Number of Elements"; Value = ""; VariantName = "[No Variations]"
Add component (AddParameter): Name = "Number of Resistors"; Value = ""; VariantName = "[No Variations]"
Add component (AddParameter): Name = "Number of Terminals/Pins"; Value = ""; VariantName = "[No Variations]"
Add component (AddParameter): Name = "Number of Terminations"; Value = "2"; VariantName = "[No Variations]"
Add component (AddParameter): Name = "Number of Turns"; Value = ""; VariantName = "[No Variations]"
Add component (AddParameter): Name = "Package Quantity"; Value = "1"; VariantName = "[No Variations]"
Add component (AddParameter): Name = "Package Shape"; Value = ""; VariantName = "[No Variations]"
Add component (AddParameter): Name = "Packaging"; Value = "Tape and Reel"; VariantName = "[No Variations]"
Add component (AddParameter): Name = "Pins"; Value = "2"; VariantName = "[No Variations]"
Add component (AddParameter): Name = "Power Per Element"; Value = ""; VariantName = "[No Variations]"
Add component (AddParameter): Name = "Power Rating"; Value = "125mW"; VariantName = "[No Variations]"
Add component (AddParameter): Name = "Pricing 1"; Value = "1=0,05930, 10=0,03510, 25=0,01790, 100=0,00800, 250=0,00790, 500=0,00590, 1000=0,00360, 3000=0,00350, 6000=0,00250 (USD)"; VariantName = "[No Variations]"
Add component (AddParameter): Name = "Radiation Hardening"; Value = "No"; VariantName = "[No Variations]"
Add component (AddParameter): Name = "REACH SVHC"; Value = "No SVHC"; VariantName = "[No Variations]"
Add component (AddParameter): Name = "Resistance"; Value = ""; VariantName = "[No Variations]"
Add component (AddParameter): Name = "Resistance Tolerance"; Value = ""; VariantName = "[No Variations]"
Add component (AddParameter): Name = "Resistence"; Value = ""; VariantName = "[No Variations]"
Add component (AddParameter): Name = "Resistor Type"; Value = "Thick Film"; VariantName = "[No Variations]"
Add component (AddParameter): Name = "RoHS"; Value = "Yes"; VariantName = "[No Variations]"
Add component (AddParameter): Name = "RoHS Compliant"; Value = ""; VariantName = "[No Variations]"
Add component (AddParameter): Name = "Series"; Value = ""; VariantName = "[No Variations]"
Add component (AddParameter): Name = "Size Code"; Value = ""; VariantName = "[No Variations]"
Add component (AddParameter): Name = "Source"; Value = "Passives.SchLib"; VariantName = "[No Variations]"
Add component (AddParameter): Name = "Stock 1"; Value = "27510"; VariantName = "[No Variations]"
Add component (AddParameter): Name = "Taper"; Value = ""; VariantName = "[No Variations]"
Add component (AddParameter): Name = "Technology"; Value = ""; VariantName = "[No Variations]"
Add component (AddParameter): Name = "Temperature Coefficient"; Value = "200ppm/°C"; VariantName = "[No Variations]"
Add component (AddParameter): Name = "Terminal Finish"; Value = ""; VariantName = "[No Variations]"
Add component (AddParameter): Name = "Terminal Pitch"; Value = ""; VariantName = "[No Variations]"
Add component (AddParameter): Name = "Termination"; Value = "SMD/SMT"; VariantName = "[No Variations]"
Add component (AddParameter): Name = "Thickness"; Value = "508um"; VariantName = "[No Variations]"
Add component (AddParameter): Name = "Tolerance"; Value = "5%"; VariantName = "[No Variations]"
Add component (AddParameter): Name = "Value"; Value = "1k"; VariantName = "[No Variations]"
Add component (AddParameter): Name = "Voltage Rating"; Value = "150V"; VariantName = "[No Variations]"
Add component (AddParameter): Name = "Voltage Rating (DC)"; Value = "150V"; VariantName = "[No Variations]"
Add component (AddParameter): Name = "Weight"; Value = ""; VariantName = "[No Variations]"
Add component (AddParameter): Name = "Width"; Value = "1.25mm"; VariantName = "[No Variations]"
Add component (AddParameter): Name = "Working Voltage"; Value = ""; VariantName = "[No Variations]"
Added Component: Designator=R603(R_3521)
Add component (AddParameter): Name = ".Creator"; Value = "DR"; VariantName = "[No Variations]"
Add component (AddParameter): Name = ".PCBcheck"; Value = ""; VariantName = "[No Variations]"
Add component (AddParameter): Name = ".SCHcheck"; Value = ""; VariantName = "[No Variations]"
Add component (AddParameter): Name = "Case Code (Metric)"; Value = "6432"; VariantName = "[No Variations]"
Add component (AddParameter): Name = "Case/Package"; Value = "2512"; VariantName = "[No Variations]"
Add component (AddParameter): Name = "Category"; Value = "Chip SMD Resistors"; VariantName = "[No Variations]"
Add component (AddParameter): Name = "Circuit Type"; Value = ""; VariantName = "[No Variations]"
Add component (AddParameter): Name = "Color"; Value = ""; VariantName = "[No Variations]"
Add component (AddParameter): Name = "ComponentLink1Description"; Value = "Datasheet"; VariantName = "[No Variations]"
Add component (AddParameter): Name = "ComponentLink1URL"; Value = "https://docs.rs-online.com/8bc1/0900766b81096b90.pdf"; VariantName = "[No Variations]"
Add component (AddParameter): Name = "ComponentLink2Description"; Value = "Where buy it"; VariantName = "[No Variations]"
Add component (AddParameter): Name = "ComponentLink2URL"; Value = "https://es.rs-online.com/web/p/resistencias-de-montaje-en-superficie/7551110"; VariantName = "[No Variations]"
Add component (AddParameter): Name = "ComponentLink3Description"; Value = "https://datasheet.ciiva.com/25610/0900766b81096b90-25610033.pdf?src-supplier=RSComponents"; VariantName = "[No Variations]"
Add component (AddParameter): Name = "ComponentLink3URL"; Value = "https://datasheet.ciiva.com/25610/0900766b81096b90-25610033.pdf?src-supplier=RSComponents"; VariantName = "[No Variations]"
Add component (AddParameter): Name = "ComponentLink4Description"; Value = "https://datasheet.ciiva.com/46391/1610601-46391493.pdf?src-supplier=Element14"; VariantName = "[No Variations]"
Add component (AddParameter): Name = "ComponentLink4URL"; Value = "https://datasheet.ciiva.com/46391/1610601-46391493.pdf?src-supplier=Element14"; VariantName = "[No Variations]"
Add component (AddParameter): Name = "ComponentLink5Description"; Value = "https://datasheet.ciiva.com/7657/1610601-7657542.pdf?src-supplier=Element14"; VariantName = "[No Variations]"
Add component (AddParameter): Name = "ComponentLink5URL"; Value = "https://datasheet.ciiva.com/7657/1610601-7657542.pdf?src-supplier=Element14"; VariantName = "[No Variations]"
Add component (AddParameter): Name = "Construction"; Value = ""; VariantName = "[No Variations]"
Add component (AddParameter): Name = "Contact Plating"; Value = ""; VariantName = "[No Variations]"
Add component (AddParameter): Name = "Current Rating"; Value = ""; VariantName = "[No Variations]"
Add component (AddParameter): Name = "Depth"; Value = "3.2mm"; VariantName = "[No Variations]"
Add component (AddParameter): Name = "Design Item ID"; Value = "R15-2512FTK"; VariantName = "[No Variations]"
Add component (AddParameter): Name = "ELV"; Value = "Compliant"; VariantName = "[No Variations]"
Add component (AddParameter): Name = "Features"; Value = "Automotive AEC-Q200"; VariantName = "[No Variations]"
Add component (AddParameter): Name = "Height"; Value = "0.55mm"; VariantName = "[No Variations]"
Add component (AddParameter): Name = "Insulation Resistance"; Value = ""; VariantName = "[No Variations]"
Add component (AddParameter): Name = "Lead Free"; Value = ""; VariantName = "[No Variations]"
Add component (AddParameter): Name = "Lead Length"; Value = ""; VariantName = "[No Variations]"
Add component (AddParameter): Name = "Length"; Value = "6.3mm"; VariantName = "[No Variations]"
Add component (AddParameter): Name = "Manufacturer"; Value = ""; VariantName = "[No Variations]"
Add component (AddParameter): Name = "Manufacturer 1"; Value = "TE Connectivity"; VariantName = "[No Variations]"
Add component (AddParameter): Name = "Manufacturer Part Number"; Value = ""; VariantName = "[No Variations]"
Add component (AddParameter): Name = "Manufacturer Part Number 1"; Value = "352115RFT"; VariantName = "[No Variations]"
Add component (AddParameter): Name = "Max Operating Temperature"; Value = "155°C"; VariantName = "[No Variations]"
Add component (AddParameter): Name = "Max Power Dissipation"; Value = "2W"; VariantName = "[No Variations]"
Add component (AddParameter): Name = "Military Standard"; Value = ""; VariantName = "[No Variations]"
Add component (AddParameter): Name = "Min Operating Temperature"; Value = "-55°C"; VariantName = "[No Variations]"
Add component (AddParameter): Name = "Mount"; Value = "Surface Mount"; VariantName = "[No Variations]"
Add component (AddParameter): Name = "Mounting Technology"; Value = ""; VariantName = "[No Variations]"
Add component (AddParameter): Name = "Number of Contacts"; Value = ""; VariantName = "[No Variations]"
Add component (AddParameter): Name = "Number of Elements"; Value = ""; VariantName = "[No Variations]"
Add component (AddParameter): Name = "Number of Resistors"; Value = "1"; VariantName = "[No Variations]"
Add component (AddParameter): Name = "Number of Terminals/Pins"; Value = ""; VariantName = "[No Variations]"
Add component (AddParameter): Name = "Number of Terminations"; Value = "2"; VariantName = "[No Variations]"
Add component (AddParameter): Name = "Number of Turns"; Value = ""; VariantName = "[No Variations]"
Add component (AddParameter): Name = "Package Quantity"; Value = ""; VariantName = "[No Variations]"
Add component (AddParameter): Name = "Package Shape"; Value = ""; VariantName = "[No Variations]"
Add component (AddParameter): Name = "Packaging"; Value = "Tape and Reel"; VariantName = "[No Variations]"
Add component (AddParameter): Name = "Pins"; Value = ""; VariantName = "[No Variations]"
Add component (AddParameter): Name = "Power"; Value = ""; VariantName = "[No Variations]"
Add component (AddParameter): Name = "Power Per Element"; Value = ""; VariantName = "[No Variations]"
Add component (AddParameter): Name = "Power Rating"; Value = ""; VariantName = "[No Variations]"
Add component (AddParameter): Name = "Pricing 1"; Value = "10=0,64300, 250=0,62200, 1000=0,60000, 2000=0,55400, 2500=0,52100 (USD)"; VariantName = "[No Variations]"
Add component (AddParameter): Name = "Radiation Hardening"; Value = ""; VariantName = "[No Variations]"
Add component (AddParameter): Name = "REACH SVHC"; Value = "No SVHC"; VariantName = "[No Variations]"
Add component (AddParameter): Name = "Resistance"; Value = ""; VariantName = "[No Variations]"
Add component (AddParameter): Name = "Resistance Tolerance"; Value = "1%"; VariantName = "[No Variations]"
Add component (AddParameter): Name = "Resistence"; Value = ""; VariantName = "[No Variations]"
Add component (AddParameter): Name = "Resistor Type"; Value = "Thick Film,Power resistor"; VariantName = "[No Variations]"
Add component (AddParameter): Name = "RoHS"; Value = "Yes"; VariantName = "[No Variations]"
Add component (AddParameter): Name = "RoHS Compliant"; Value = "Yes"; VariantName = "[No Variations]"
Add component (AddParameter): Name = "Series"; Value = "3521, CGS"; VariantName = "[No Variations]"
Add component (AddParameter): Name = "Size Code"; Value = ""; VariantName = "[No Variations]"
Add component (AddParameter): Name = "Source"; Value = "Passives.SchLib"; VariantName = "[No Variations]"
Add component (AddParameter): Name = "Stock 1"; Value = "1"; VariantName = "[No Variations]"
Add component (AddParameter): Name = "Taper"; Value = ""; VariantName = "[No Variations]"
Add component (AddParameter): Name = "Technology"; Value = "THICK FILM"; VariantName = "[No Variations]"
Add component (AddParameter): Name = "Temperature Coefficient"; Value = "100ppm/°C"; VariantName = "[No Variations]"
Add component (AddParameter): Name = "Terminal Finish"; Value = ""; VariantName = "[No Variations]"
Add component (AddParameter): Name = "Terminal Pitch"; Value = ""; VariantName = "[No Variations]"
Add component (AddParameter): Name = "Termination"; Value = "Solder"; VariantName = "[No Variations]"
Add component (AddParameter): Name = "Thickness"; Value = ""; VariantName = "[No Variations]"
Add component (AddParameter): Name = "Tolerance"; Value = "1%"; VariantName = "[No Variations]"
Add component (AddParameter): Name = "Value"; Value = "15"; VariantName = "[No Variations]"
Add component (AddParameter): Name = "Voltage Rating"; Value = "250V"; VariantName = "[No Variations]"
Add component (AddParameter): Name = "Voltage Rating (DC)"; Value = "250V"; VariantName = "[No Variations]"
Add component (AddParameter): Name = "Weight"; Value = ""; VariantName = "[No Variations]"
Add component (AddParameter): Name = "Width"; Value = ""; VariantName = "[No Variations]"
Add component (AddParameter): Name = "Working Voltage"; Value = ""; VariantName = "[No Variations]"
Added Component: Designator=R604(R_3521)
Add component (AddParameter): Name = ".Creator"; Value = "DR"; VariantName = "[No Variations]"
Add component (AddParameter): Name = ".PCBcheck"; Value = ""; VariantName = "[No Variations]"
Add component (AddParameter): Name = ".SCHcheck"; Value = ""; VariantName = "[No Variations]"
Add component (AddParameter): Name = "Case Code (Metric)"; Value = "6432"; VariantName = "[No Variations]"
Add component (AddParameter): Name = "Case/Package"; Value = "2512"; VariantName = "[No Variations]"
Add component (AddParameter): Name = "Category"; Value = "Chip SMD Resistors"; VariantName = "[No Variations]"
Add component (AddParameter): Name = "Circuit Type"; Value = ""; VariantName = "[No Variations]"
Add component (AddParameter): Name = "Color"; Value = ""; VariantName = "[No Variations]"
Add component (AddParameter): Name = "ComponentLink1Description"; Value = "Datasheet"; VariantName = "[No Variations]"
Add component (AddParameter): Name = "ComponentLink1URL"; Value = "https://docs.rs-online.com/8bc1/0900766b81096b90.pdf"; VariantName = "[No Variations]"
Add component (AddParameter): Name = "ComponentLink2Description"; Value = "Where buy it"; VariantName = "[No Variations]"
Add component (AddParameter): Name = "ComponentLink2URL"; Value = "https://es.rs-online.com/web/p/resistencias-de-montaje-en-superficie/7551110"; VariantName = "[No Variations]"
Add component (AddParameter): Name = "ComponentLink3Description"; Value = "https://datasheet.ciiva.com/25610/0900766b81096b90-25610033.pdf?src-supplier=RSComponents"; VariantName = "[No Variations]"
Add component (AddParameter): Name = "ComponentLink3URL"; Value = "https://datasheet.ciiva.com/25610/0900766b81096b90-25610033.pdf?src-supplier=RSComponents"; VariantName = "[No Variations]"
Add component (AddParameter): Name = "ComponentLink4Description"; Value = "https://datasheet.ciiva.com/46391/1610601-46391493.pdf?src-supplier=Element14"; VariantName = "[No Variations]"
Add component (AddParameter): Name = "ComponentLink4URL"; Value = "https://datasheet.ciiva.com/46391/1610601-46391493.pdf?src-supplier=Element14"; VariantName = "[No Variations]"
Add component (AddParameter): Name = "ComponentLink5Description"; Value = "https://datasheet.ciiva.com/7657/1610601-7657542.pdf?src-supplier=Element14"; VariantName = "[No Variations]"
Add component (AddParameter): Name = "ComponentLink5URL"; Value = "https://datasheet.ciiva.com/7657/1610601-7657542.pdf?src-supplier=Element14"; VariantName = "[No Variations]"
Add component (AddParameter): Name = "Construction"; Value = ""; VariantName = "[No Variations]"
Add component (AddParameter): Name = "Contact Plating"; Value = ""; VariantName = "[No Variations]"
Add component (AddParameter): Name = "Current Rating"; Value = ""; VariantName = "[No Variations]"
Add component (AddParameter): Name = "Depth"; Value = "3.2mm"; VariantName = "[No Variations]"
Add component (AddParameter): Name = "Design Item ID"; Value = "R15-2512FTK"; VariantName = "[No Variations]"
Add component (AddParameter): Name = "ELV"; Value = "Compliant"; VariantName = "[No Variations]"
Add component (AddParameter): Name = "Features"; Value = "Automotive AEC-Q200"; VariantName = "[No Variations]"
Add component (AddParameter): Name = "Height"; Value = "0.55mm"; VariantName = "[No Variations]"
Add component (AddParameter): Name = "Insulation Resistance"; Value = ""; VariantName = "[No Variations]"
Add component (AddParameter): Name = "Lead Free"; Value = ""; VariantName = "[No Variations]"
Add component (AddParameter): Name = "Lead Length"; Value = ""; VariantName = "[No Variations]"
Add component (AddParameter): Name = "Length"; Value = "6.3mm"; VariantName = "[No Variations]"
Add component (AddParameter): Name = "Manufacturer"; Value = ""; VariantName = "[No Variations]"
Add component (AddParameter): Name = "Manufacturer 1"; Value = "TE Connectivity"; VariantName = "[No Variations]"
Add component (AddParameter): Name = "Manufacturer Part Number"; Value = ""; VariantName = "[No Variations]"
Add component (AddParameter): Name = "Manufacturer Part Number 1"; Value = "352115RFT"; VariantName = "[No Variations]"
Add component (AddParameter): Name = "Max Operating Temperature"; Value = "155°C"; VariantName = "[No Variations]"
Add component (AddParameter): Name = "Max Power Dissipation"; Value = "2W"; VariantName = "[No Variations]"
Add component (AddParameter): Name = "Military Standard"; Value = ""; VariantName = "[No Variations]"
Add component (AddParameter): Name = "Min Operating Temperature"; Value = "-55°C"; VariantName = "[No Variations]"
Add component (AddParameter): Name = "Mount"; Value = "Surface Mount"; VariantName = "[No Variations]"
Add component (AddParameter): Name = "Mounting Technology"; Value = ""; VariantName = "[No Variations]"
Add component (AddParameter): Name = "Number of Contacts"; Value = ""; VariantName = "[No Variations]"
Add component (AddParameter): Name = "Number of Elements"; Value = ""; VariantName = "[No Variations]"
Add component (AddParameter): Name = "Number of Resistors"; Value = "1"; VariantName = "[No Variations]"
Add component (AddParameter): Name = "Number of Terminals/Pins"; Value = ""; VariantName = "[No Variations]"
Add component (AddParameter): Name = "Number of Terminations"; Value = "2"; VariantName = "[No Variations]"
Add component (AddParameter): Name = "Number of Turns"; Value = ""; VariantName = "[No Variations]"
Add component (AddParameter): Name = "Package Quantity"; Value = ""; VariantName = "[No Variations]"
Add component (AddParameter): Name = "Package Shape"; Value = ""; VariantName = "[No Variations]"
Add component (AddParameter): Name = "Packaging"; Value = "Tape and Reel"; VariantName = "[No Variations]"
Add component (AddParameter): Name = "Pins"; Value = ""; VariantName = "[No Variations]"
Add component (AddParameter): Name = "Power"; Value = ""; VariantName = "[No Variations]"
Add component (AddParameter): Name = "Power Per Element"; Value = ""; VariantName = "[No Variations]"
Add component (AddParameter): Name = "Power Rating"; Value = ""; VariantName = "[No Variations]"
Add component (AddParameter): Name = "Pricing 1"; Value = "10=0,64300, 250=0,62200, 1000=0,60000, 2000=0,55400, 2500=0,52100 (USD)"; VariantName = "[No Variations]"
Add component (AddParameter): Name = "Radiation Hardening"; Value = ""; VariantName = "[No Variations]"
Add component (AddParameter): Name = "REACH SVHC"; Value = "No SVHC"; VariantName = "[No Variations]"
Add component (AddParameter): Name = "Resistance"; Value = ""; VariantName = "[No Variations]"
Add component (AddParameter): Name = "Resistance Tolerance"; Value = "1%"; VariantName = "[No Variations]"
Add component (AddParameter): Name = "Resistence"; Value = ""; VariantName = "[No Variations]"
Add component (AddParameter): Name = "Resistor Type"; Value = "Thick Film,Power resistor"; VariantName = "[No Variations]"
Add component (AddParameter): Name = "RoHS"; Value = "Yes"; VariantName = "[No Variations]"
Add component (AddParameter): Name = "RoHS Compliant"; Value = "Yes"; VariantName = "[No Variations]"
Add component (AddParameter): Name = "Series"; Value = "3521, CGS"; VariantName = "[No Variations]"
Add component (AddParameter): Name = "Size Code"; Value = ""; VariantName = "[No Variations]"
Add component (AddParameter): Name = "Source"; Value = "Passives.SchLib"; VariantName = "[No Variations]"
Add component (AddParameter): Name = "Stock 1"; Value = "1"; VariantName = "[No Variations]"
Add component (AddParameter): Name = "Taper"; Value = ""; VariantName = "[No Variations]"
Add component (AddParameter): Name = "Technology"; Value = "THICK FILM"; VariantName = "[No Variations]"
Add component (AddParameter): Name = "Temperature Coefficient"; Value = "100ppm/°C"; VariantName = "[No Variations]"
Add component (AddParameter): Name = "Terminal Finish"; Value = ""; VariantName = "[No Variations]"
Add component (AddParameter): Name = "Terminal Pitch"; Value = ""; VariantName = "[No Variations]"
Add component (AddParameter): Name = "Termination"; Value = "Solder"; VariantName = "[No Variations]"
Add component (AddParameter): Name = "Thickness"; Value = ""; VariantName = "[No Variations]"
Add component (AddParameter): Name = "Tolerance"; Value = "1%"; VariantName = "[No Variations]"
Add component (AddParameter): Name = "Value"; Value = "15"; VariantName = "[No Variations]"
Add component (AddParameter): Name = "Voltage Rating"; Value = "250V"; VariantName = "[No Variations]"
Add component (AddParameter): Name = "Voltage Rating (DC)"; Value = "250V"; VariantName = "[No Variations]"
Add component (AddParameter): Name = "Weight"; Value = ""; VariantName = "[No Variations]"
Add component (AddParameter): Name = "Width"; Value = ""; VariantName = "[No Variations]"
Add component (AddParameter): Name = "Working Voltage"; Value = ""; VariantName = "[No Variations]"
Added Component: Designator=R702(R0805FTK)
Add component (AddParameter): Name = ".Creator"; Value = "DR"; VariantName = "[No Variations]"
Add component (AddParameter): Name = ".PCBcheck"; Value = ""; VariantName = "[No Variations]"
Add component (AddParameter): Name = ".SCHcheck"; Value = ""; VariantName = "[No Variations]"
Add component (AddParameter): Name = "Case Code (Metric)"; Value = "2012"; VariantName = "[No Variations]"
Add component (AddParameter): Name = "Case/Package"; Value = "0805"; VariantName = "[No Variations]"
Add component (AddParameter): Name = "Category"; Value = "Chip SMD Resistors"; VariantName = "[No Variations]"
Add component (AddParameter): Name = "Circuit Type"; Value = ""; VariantName = "[No Variations]"
Add component (AddParameter): Name = "Color"; Value = ""; VariantName = "[No Variations]"
Add component (AddParameter): Name = "ComponentLink1Description"; Value = "https://datasheet.ciiva.com/11821/0900766b80fcdb72-11821135.pdf?src-supplier=RSComponents"; VariantName = "[No Variations]"
Add component (AddParameter): Name = "ComponentLink1URL"; Value = "https://datasheet.ciiva.com/11821/0900766b80fcdb72-11821135.pdf?src-supplier=RSComponents"; VariantName = "[No Variations]"
Add component (AddParameter): Name = "ComponentLink2Description"; Value = "https://datasheet.ciiva.com/9122/chpreztr-9122374.pdf?src-supplier=Avnet"; VariantName = "[No Variations]"
Add component (AddParameter): Name = "ComponentLink2URL"; Value = "https://datasheet.ciiva.com/9122/chpreztr-9122374.pdf?src-supplier=Avnet"; VariantName = "[No Variations]"
Add component (AddParameter): Name = "ComponentLink3Description"; Value = "https://datasheet.ciiva.com/22693/1902866-22693254.pdf?src-supplier=Element14"; VariantName = "[No Variations]"
Add component (AddParameter): Name = "ComponentLink3URL"; Value = "https://datasheet.ciiva.com/22693/1902866-22693254.pdf?src-supplier=Element14"; VariantName = "[No Variations]"
Add component (AddParameter): Name = "ComponentLink4Description"; Value = "https://datasheet.ciiva.com/7986/691949-7986187.pdf?src-supplier=Element14"; VariantName = "[No Variations]"
Add component (AddParameter): Name = "ComponentLink4URL"; Value = "https://datasheet.ciiva.com/7986/691949-7986187.pdf?src-supplier=Element14"; VariantName = "[No Variations]"
Add component (AddParameter): Name = "ComponentLink5Description"; Value = "https://datasheet.ciiva.com/30065/159chpreztr-30065976.pdf?src-supplier=Onlinecomponents.com"; VariantName = "[No Variations]"
Add component (AddParameter): Name = "ComponentLink5URL"; Value = "https://datasheet.ciiva.com/30065/159chpreztr-30065976.pdf?src-supplier=Onlinecomponents.com"; VariantName = "[No Variations]"
Add component (AddParameter): Name = "ComponentLink6Description"; Value = "https://datasheet.ciiva.com/16783/70154685-16783482.pdf?src-supplier=Allied+Electronics"; VariantName = "[No Variations]"
Add component (AddParameter): Name = "ComponentLink6URL"; Value = "https://datasheet.ciiva.com/16783/70154685-16783482.pdf?src-supplier=Allied+Electronics"; VariantName = "[No Variations]"
Add component (AddParameter): Name = "ComponentLink7Description"; Value = "https://datasheet.ciiva.com/5548/chpreztr-5548491.pdf?src-supplier=Mouser"; VariantName = "[No Variations]"
Add component (AddParameter): Name = "ComponentLink7URL"; Value = "https://datasheet.ciiva.com/5548/chpreztr-5548491.pdf?src-supplier=Mouser"; VariantName = "[No Variations]"
Add component (AddParameter): Name = "ComponentLink8Description"; Value = "https://datasheet.ciiva.com/6559/chpreztr-6559900.pdf?src-supplier=Digi-Key"; VariantName = "[No Variations]"
Add component (AddParameter): Name = "ComponentLink8URL"; Value = "https://datasheet.ciiva.com/6559/chpreztr-6559900.pdf?src-supplier=Digi-Key"; VariantName = "[No Variations]"
Add component (AddParameter): Name = "ComponentLink9Description"; Value = "https://datasheet.ciiva.com/6559/chpreztr-6559901.pdf?src-supplier=Digi-Key"; VariantName = "[No Variations]"
Add component (AddParameter): Name = "ComponentLink9URL"; Value = "https://datasheet.ciiva.com/6559/chpreztr-6559901.pdf?src-supplier=Digi-Key"; VariantName = "[No Variations]"
Add component (AddParameter): Name = "ComponentLink10Description"; Value = "https://datasheet.ciiva.com/7985/1856384-7985869.pdf?src-supplier=Element14"; VariantName = "[No Variations]"
Add component (AddParameter): Name = "ComponentLink10URL"; Value = "https://datasheet.ciiva.com/7985/1856384-7985869.pdf?src-supplier=Element14"; VariantName = "[No Variations]"
Add component (AddParameter): Name = "ComponentLink11Description"; Value = "https://datasheet.ciiva.com/48692/001055517-da-01-en-smd-wid-cr0805-jw-103elf-10k-ohm-1-8w-48692118.pdf?src-supplier=Conrad"; VariantName = "[No Variations]"
Add component (AddParameter): Name = "ComponentLink11URL"; Value = "https://datasheet.ciiva.com/48692/001055517-da-01-en-smd-wid-cr0805-jw-103elf-10k-ohm-1-8w-48692118.pdf?src-supplier=Conrad"; VariantName = "[No Variations]"
Add component (AddParameter): Name = "Construction"; Value = "Rectangular"; VariantName = "[No Variations]"
Add component (AddParameter): Name = "Contact Plating"; Value = "Tin"; VariantName = "[No Variations]"
Add component (AddParameter): Name = "Current Rating"; Value = ""; VariantName = "[No Variations]"
Add component (AddParameter): Name = "Depth"; Value = "1.25mm"; VariantName = "[No Variations]"
Add component (AddParameter): Name = "Design Item ID"; Value = "R10k-0805FTK"; VariantName = "[No Variations]"
Add component (AddParameter): Name = "ELV"; Value = ""; VariantName = "[No Variations]"
Add component (AddParameter): Name = "Features"; Value = "Moisture Resistant"; VariantName = "[No Variations]"
Add component (AddParameter): Name = "Height"; Value = "0.5mm"; VariantName = "[No Variations]"
Add component (AddParameter): Name = "Insulation Resistance"; Value = ""; VariantName = "[No Variations]"
Add component (AddParameter): Name = "Lead Free"; Value = ""; VariantName = "[No Variations]"
Add component (AddParameter): Name = "Lead Length"; Value = ""; VariantName = "[No Variations]"
Add component (AddParameter): Name = "Length"; Value = "2mm"; VariantName = "[No Variations]"
Add component (AddParameter): Name = "Manufacturer"; Value = ""; VariantName = "[No Variations]"
Add component (AddParameter): Name = "Manufacturer 1"; Value = "Bourns"; VariantName = "[No Variations]"
Add component (AddParameter): Name = "Manufacturer Part Number"; Value = ""; VariantName = "[No Variations]"
Add component (AddParameter): Name = "Manufacturer Part Number 1"; Value = "CR0805-JW-103ELF"; VariantName = "[No Variations]"
Add component (AddParameter): Name = "Max Operating Temperature"; Value = "155°C"; VariantName = "[No Variations]"
Add component (AddParameter): Name = "Max Power Dissipation"; Value = "125mW"; VariantName = "[No Variations]"
Add component (AddParameter): Name = "Military Standard"; Value = "Not"; VariantName = "[No Variations]"
Add component (AddParameter): Name = "Min Operating Temperature"; Value = "-55°C"; VariantName = "[No Variations]"
Add component (AddParameter): Name = "Mount"; Value = "Surface Mount"; VariantName = "[No Variations]"
Add component (AddParameter): Name = "Mounting Technology"; Value = ""; VariantName = "[No Variations]"
Add component (AddParameter): Name = "Number of Contacts"; Value = ""; VariantName = "[No Variations]"
Add component (AddParameter): Name = "Number of Elements"; Value = ""; VariantName = "[No Variations]"
Add component (AddParameter): Name = "Number of Resistors"; Value = ""; VariantName = "[No Variations]"
Add component (AddParameter): Name = "Number of Terminals/Pins"; Value = ""; VariantName = "[No Variations]"
Add component (AddParameter): Name = "Number of Terminations"; Value = "2"; VariantName = "[No Variations]"
Add component (AddParameter): Name = "Number of Turns"; Value = ""; VariantName = "[No Variations]"
Add component (AddParameter): Name = "Package Quantity"; Value = "1"; VariantName = "[No Variations]"
Add component (AddParameter): Name = "Package Shape"; Value = ""; VariantName = "[No Variations]"
Add component (AddParameter): Name = "Packaging"; Value = "Tape and Reel"; VariantName = "[No Variations]"
Add component (AddParameter): Name = "Pins"; Value = "2"; VariantName = "[No Variations]"
Add component (AddParameter): Name = "Power"; Value = ""; VariantName = "[No Variations]"
Add component (AddParameter): Name = "Power Per Element"; Value = ""; VariantName = "[No Variations]"
Add component (AddParameter): Name = "Power Rating"; Value = "125mW"; VariantName = "[No Variations]"
Add component (AddParameter): Name = "Pricing 1"; Value = "1=0,05790, 10=0,01540, 25=0,01340, 100=0,00340 (USD)"; VariantName = "[No Variations]"
Add component (AddParameter): Name = "Radiation Hardening"; Value = "No"; VariantName = "[No Variations]"
Add component (AddParameter): Name = "REACH SVHC"; Value = "No SVHC"; VariantName = "[No Variations]"
Add component (AddParameter): Name = "Resistance"; Value = ""; VariantName = "[No Variations]"
Add component (AddParameter): Name = "Resistance Tolerance"; Value = "5%"; VariantName = "[No Variations]"
Add component (AddParameter): Name = "Resistence"; Value = ""; VariantName = "[No Variations]"
Add component (AddParameter): Name = "Resistor Type"; Value = "Thick Film"; VariantName = "[No Variations]"
Add component (AddParameter): Name = "RoHS"; Value = "Yes"; VariantName = "[No Variations]"
Add component (AddParameter): Name = "RoHS Compliant"; Value = "Yes"; VariantName = "[No Variations]"
Add component (AddParameter): Name = "Series"; Value = "CR0805"; VariantName = "[No Variations]"
Add component (AddParameter): Name = "Size Code"; Value = ""; VariantName = "[No Variations]"
Add component (AddParameter): Name = "Source"; Value = "Passives.SchLib"; VariantName = "[No Variations]"
Add component (AddParameter): Name = "Stock 1"; Value = "57566"; VariantName = "[No Variations]"
Add component (AddParameter): Name = "Taper"; Value = ""; VariantName = "[No Variations]"
Add component (AddParameter): Name = "Technology"; Value = "THICK FILM"; VariantName = "[No Variations]"
Add component (AddParameter): Name = "Temperature Coefficient"; Value = "200ppm/°C"; VariantName = "[No Variations]"
Add component (AddParameter): Name = "Terminal Finish"; Value = ""; VariantName = "[No Variations]"
Add component (AddParameter): Name = "Terminal Pitch"; Value = ""; VariantName = "[No Variations]"
Add component (AddParameter): Name = "Termination"; Value = "SMD/SMT"; VariantName = "[No Variations]"
Add component (AddParameter): Name = "Thickness"; Value = "508um"; VariantName = "[No Variations]"
Add component (AddParameter): Name = "Tolerance"; Value = "5%"; VariantName = "[No Variations]"
Add component (AddParameter): Name = "Value"; Value = "10k"; VariantName = "[No Variations]"
Add component (AddParameter): Name = "Voltage Rating"; Value = "150V"; VariantName = "[No Variations]"
Add component (AddParameter): Name = "Voltage Rating (DC)"; Value = "100V"; VariantName = "[No Variations]"
Add component (AddParameter): Name = "Weight"; Value = ""; VariantName = "[No Variations]"
Add component (AddParameter): Name = "Width"; Value = "1.25mm"; VariantName = "[No Variations]"
Add component (AddParameter): Name = "Working Voltage"; Value = ""; VariantName = "[No Variations]"
Added Component: Designator=R704(R0805FTK)
Add component (AddParameter): Name = ".Creator"; Value = "DR"; VariantName = "[No Variations]"
Add component (AddParameter): Name = ".PCBcheck"; Value = ""; VariantName = "[No Variations]"
Add component (AddParameter): Name = ".SCHcheck"; Value = ""; VariantName = "[No Variations]"
Add component (AddParameter): Name = "Case Code (Metric)"; Value = "2012"; VariantName = "[No Variations]"
Add component (AddParameter): Name = "Case/Package"; Value = "0805"; VariantName = "[No Variations]"
Add component (AddParameter): Name = "Category"; Value = "Chip SMD Resistors"; VariantName = "[No Variations]"
Add component (AddParameter): Name = "Circuit Type"; Value = ""; VariantName = "[No Variations]"
Add component (AddParameter): Name = "Color"; Value = ""; VariantName = "[No Variations]"
Add component (AddParameter): Name = "ComponentLink1Description"; Value = "https://datasheet.ciiva.com/11809/0900766b80fcdb72-11809178.pdf?src-supplier=RSComponents"; VariantName = "[No Variations]"
Add component (AddParameter): Name = "ComponentLink1URL"; Value = "https://datasheet.ciiva.com/11809/0900766b80fcdb72-11809178.pdf?src-supplier=RSComponents"; VariantName = "[No Variations]"
Add component (AddParameter): Name = "ComponentLink2Description"; Value = "https://datasheet.ciiva.com/6547/chpreztr-6547413.pdf?src-supplier=Digi-Key"; VariantName = "[No Variations]"
Add component (AddParameter): Name = "ComponentLink2URL"; Value = "https://datasheet.ciiva.com/6547/chpreztr-6547413.pdf?src-supplier=Digi-Key"; VariantName = "[No Variations]"
Add component (AddParameter): Name = "ComponentLink3Description"; Value = "https://datasheet.ciiva.com/6547/chpreztr-6547414.pdf?src-supplier=Digi-Key"; VariantName = "[No Variations]"
Add component (AddParameter): Name = "ComponentLink3URL"; Value = "https://datasheet.ciiva.com/6547/chpreztr-6547414.pdf?src-supplier=Digi-Key"; VariantName = "[No Variations]"
Add component (AddParameter): Name = "ComponentLink4Description"; Value = "https://datasheet.ciiva.com/6547/chpreztr-6547415.pdf?src-supplier=Digi-Key"; VariantName = "[No Variations]"
Add component (AddParameter): Name = "ComponentLink4URL"; Value = "https://datasheet.ciiva.com/6547/chpreztr-6547415.pdf?src-supplier=Digi-Key"; VariantName = "[No Variations]"
Add component (AddParameter): Name = "ComponentLink5Description"; Value = "https://datasheet.ciiva.com/9120/chpreztr-9120744.pdf?src-supplier=Avnet"; VariantName = "[No Variations]"
Add component (AddParameter): Name = "ComponentLink5URL"; Value = "https://datasheet.ciiva.com/9120/chpreztr-9120744.pdf?src-supplier=Avnet"; VariantName = "[No Variations]"
Add component (AddParameter): Name = "Construction"; Value = "Rectangular"; VariantName = "[No Variations]"
Add component (AddParameter): Name = "Contact Plating"; Value = "Tin"; VariantName = "[No Variations]"
Add component (AddParameter): Name = "Current Rating"; Value = ""; VariantName = "[No Variations]"
Add component (AddParameter): Name = "Depth"; Value = "1.25mm"; VariantName = "[No Variations]"
Add component (AddParameter): Name = "Design Item ID"; Value = "R100-0805FTK"; VariantName = "[No Variations]"
Add component (AddParameter): Name = "ELV"; Value = ""; VariantName = "[No Variations]"
Add component (AddParameter): Name = "Features"; Value = "Moisture Resistant"; VariantName = "[No Variations]"
Add component (AddParameter): Name = "Height"; Value = "0.5mm"; VariantName = "[No Variations]"
Add component (AddParameter): Name = "Insulation Resistance"; Value = ""; VariantName = "[No Variations]"
Add component (AddParameter): Name = "Lead Free"; Value = ""; VariantName = "[No Variations]"
Add component (AddParameter): Name = "Lead Length"; Value = ""; VariantName = "[No Variations]"
Add component (AddParameter): Name = "Length"; Value = "2mm"; VariantName = "[No Variations]"
Add component (AddParameter): Name = "Manufacturer"; Value = ""; VariantName = "[No Variations]"
Add component (AddParameter): Name = "Manufacturer 1"; Value = "Bourns"; VariantName = "[No Variations]"
Add component (AddParameter): Name = "Manufacturer Part Number"; Value = ""; VariantName = "[No Variations]"
Add component (AddParameter): Name = "Manufacturer Part Number 1"; Value = "CR0805-FX-1000ELF"; VariantName = "[No Variations]"
Add component (AddParameter): Name = "Max Operating Temperature"; Value = "155°C"; VariantName = "[No Variations]"
Add component (AddParameter): Name = "Max Power Dissipation"; Value = "125mW"; VariantName = "[No Variations]"
Add component (AddParameter): Name = "Military Standard"; Value = "Not"; VariantName = "[No Variations]"
Add component (AddParameter): Name = "Min Operating Temperature"; Value = "-55°C"; VariantName = "[No Variations]"
Add component (AddParameter): Name = "Mount"; Value = "Surface Mount"; VariantName = "[No Variations]"
Add component (AddParameter): Name = "Number of Contacts"; Value = ""; VariantName = "[No Variations]"
Add component (AddParameter): Name = "Number of Elements"; Value = ""; VariantName = "[No Variations]"
Add component (AddParameter): Name = "Number of Resistors"; Value = ""; VariantName = "[No Variations]"
Add component (AddParameter): Name = "Number of Terminals/Pins"; Value = ""; VariantName = "[No Variations]"
Add component (AddParameter): Name = "Number of Terminations"; Value = "2"; VariantName = "[No Variations]"
Add component (AddParameter): Name = "Number of Turns"; Value = ""; VariantName = "[No Variations]"
Add component (AddParameter): Name = "Package Quantity"; Value = "1"; VariantName = "[No Variations]"
Add component (AddParameter): Name = "Package Shape"; Value = ""; VariantName = "[No Variations]"
Add component (AddParameter): Name = "Packaging"; Value = "Tape and Reel"; VariantName = "[No Variations]"
Add component (AddParameter): Name = "Pins"; Value = "2"; VariantName = "[No Variations]"
Add component (AddParameter): Name = "Power Per Element"; Value = ""; VariantName = "[No Variations]"
Add component (AddParameter): Name = "Power Rating"; Value = "125mW"; VariantName = "[No Variations]"
Add component (AddParameter): Name = "Pricing 1"; Value = "1=0,05840, 10=0,03430, 25=0,01780, 100=0,00750, 250=0,00560, 500=0,00490, 3000=0,00470 (USD)"; VariantName = "[No Variations]"
Add component (AddParameter): Name = "Radiation Hardening"; Value = "No"; VariantName = "[No Variations]"
Add component (AddParameter): Name = "REACH SVHC"; Value = "No SVHC"; VariantName = "[No Variations]"
Add component (AddParameter): Name = "Resistance"; Value = ""; VariantName = "[No Variations]"
Add component (AddParameter): Name = "Resistance Tolerance"; Value = "1%"; VariantName = "[No Variations]"
Add component (AddParameter): Name = "Resistence"; Value = ""; VariantName = "[No Variations]"
Add component (AddParameter): Name = "Resistor Type"; Value = "Thick Film"; VariantName = "[No Variations]"
Add component (AddParameter): Name = "RoHS"; Value = "Yes"; VariantName = "[No Variations]"
Add component (AddParameter): Name = "RoHS Compliant"; Value = "Yes"; VariantName = "[No Variations]"
Add component (AddParameter): Name = "Series"; Value = "CR0805"; VariantName = "[No Variations]"
Add component (AddParameter): Name = "Size Code"; Value = ""; VariantName = "[No Variations]"
Add component (AddParameter): Name = "Source"; Value = "Passives.SchLib"; VariantName = "[No Variations]"
Add component (AddParameter): Name = "Stock 1"; Value = "49802"; VariantName = "[No Variations]"
Add component (AddParameter): Name = "Taper"; Value = ""; VariantName = "[No Variations]"
Add component (AddParameter): Name = "Technology"; Value = "THICK FILM"; VariantName = "[No Variations]"
Add component (AddParameter): Name = "Temperature Coefficient"; Value = "100ppm/°C"; VariantName = "[No Variations]"
Add component (AddParameter): Name = "Terminal Finish"; Value = ""; VariantName = "[No Variations]"
Add component (AddParameter): Name = "Terminal Pitch"; Value = ""; VariantName = "[No Variations]"
Add component (AddParameter): Name = "Termination"; Value = "SMD/SMT"; VariantName = "[No Variations]"
Add component (AddParameter): Name = "Thickness"; Value = "508um"; VariantName = "[No Variations]"
Add component (AddParameter): Name = "Tolerance"; Value = "1%"; VariantName = "[No Variations]"
Add component (AddParameter): Name = "Value"; Value = "100"; VariantName = "[No Variations]"
Add component (AddParameter): Name = "Voltage Rating"; Value = "150V"; VariantName = "[No Variations]"
Add component (AddParameter): Name = "Voltage Rating (DC)"; Value = "150V"; VariantName = "[No Variations]"
Add component (AddParameter): Name = "Weight"; Value = ""; VariantName = "[No Variations]"
Add component (AddParameter): Name = "Width"; Value = "1.25mm"; VariantName = "[No Variations]"
Add component (AddParameter): Name = "Working Voltage"; Value = ""; VariantName = "[No Variations]"
Added Component: Designator=R705(R0805FTK)
Add component (AddParameter): Name = ".Creator"; Value = "DR"; VariantName = "[No Variations]"
Add component (AddParameter): Name = ".PCBcheck"; Value = ""; VariantName = "[No Variations]"
Add component (AddParameter): Name = ".SCHcheck"; Value = ""; VariantName = "[No Variations]"
Add component (AddParameter): Name = "Case Code (Metric)"; Value = "2012"; VariantName = "[No Variations]"
Add component (AddParameter): Name = "Case/Package"; Value = "0805"; VariantName = "[No Variations]"
Add component (AddParameter): Name = "Category"; Value = "Chip SMD Resistors"; VariantName = "[No Variations]"
Add component (AddParameter): Name = "Circuit Type"; Value = ""; VariantName = "[No Variations]"
Add component (AddParameter): Name = "Color"; Value = ""; VariantName = "[No Variations]"
Add component (AddParameter): Name = "ComponentLink1Description"; Value = "https://datasheet.ciiva.com/11821/0900766b80fcdb72-11821135.pdf?src-supplier=RSComponents"; VariantName = "[No Variations]"
Add component (AddParameter): Name = "ComponentLink1URL"; Value = "https://datasheet.ciiva.com/11821/0900766b80fcdb72-11821135.pdf?src-supplier=RSComponents"; VariantName = "[No Variations]"
Add component (AddParameter): Name = "ComponentLink2Description"; Value = "https://datasheet.ciiva.com/9122/chpreztr-9122374.pdf?src-supplier=Avnet"; VariantName = "[No Variations]"
Add component (AddParameter): Name = "ComponentLink2URL"; Value = "https://datasheet.ciiva.com/9122/chpreztr-9122374.pdf?src-supplier=Avnet"; VariantName = "[No Variations]"
Add component (AddParameter): Name = "ComponentLink3Description"; Value = "https://datasheet.ciiva.com/22693/1902866-22693254.pdf?src-supplier=Element14"; VariantName = "[No Variations]"
Add component (AddParameter): Name = "ComponentLink3URL"; Value = "https://datasheet.ciiva.com/22693/1902866-22693254.pdf?src-supplier=Element14"; VariantName = "[No Variations]"
Add component (AddParameter): Name = "ComponentLink4Description"; Value = "https://datasheet.ciiva.com/7986/691949-7986187.pdf?src-supplier=Element14"; VariantName = "[No Variations]"
Add component (AddParameter): Name = "ComponentLink4URL"; Value = "https://datasheet.ciiva.com/7986/691949-7986187.pdf?src-supplier=Element14"; VariantName = "[No Variations]"
Add component (AddParameter): Name = "ComponentLink5Description"; Value = "https://datasheet.ciiva.com/30065/159chpreztr-30065976.pdf?src-supplier=Onlinecomponents.com"; VariantName = "[No Variations]"
Add component (AddParameter): Name = "ComponentLink5URL"; Value = "https://datasheet.ciiva.com/30065/159chpreztr-30065976.pdf?src-supplier=Onlinecomponents.com"; VariantName = "[No Variations]"
Add component (AddParameter): Name = "ComponentLink6Description"; Value = "https://datasheet.ciiva.com/16783/70154685-16783482.pdf?src-supplier=Allied+Electronics"; VariantName = "[No Variations]"
Add component (AddParameter): Name = "ComponentLink6URL"; Value = "https://datasheet.ciiva.com/16783/70154685-16783482.pdf?src-supplier=Allied+Electronics"; VariantName = "[No Variations]"
Add component (AddParameter): Name = "ComponentLink7Description"; Value = "https://datasheet.ciiva.com/5548/chpreztr-5548491.pdf?src-supplier=Mouser"; VariantName = "[No Variations]"
Add component (AddParameter): Name = "ComponentLink7URL"; Value = "https://datasheet.ciiva.com/5548/chpreztr-5548491.pdf?src-supplier=Mouser"; VariantName = "[No Variations]"
Add component (AddParameter): Name = "ComponentLink8Description"; Value = "https://datasheet.ciiva.com/6559/chpreztr-6559900.pdf?src-supplier=Digi-Key"; VariantName = "[No Variations]"
Add component (AddParameter): Name = "ComponentLink8URL"; Value = "https://datasheet.ciiva.com/6559/chpreztr-6559900.pdf?src-supplier=Digi-Key"; VariantName = "[No Variations]"
Add component (AddParameter): Name = "ComponentLink9Description"; Value = "https://datasheet.ciiva.com/6559/chpreztr-6559901.pdf?src-supplier=Digi-Key"; VariantName = "[No Variations]"
Add component (AddParameter): Name = "ComponentLink9URL"; Value = "https://datasheet.ciiva.com/6559/chpreztr-6559901.pdf?src-supplier=Digi-Key"; VariantName = "[No Variations]"
Add component (AddParameter): Name = "ComponentLink10Description"; Value = "https://datasheet.ciiva.com/7985/1856384-7985869.pdf?src-supplier=Element14"; VariantName = "[No Variations]"
Add component (AddParameter): Name = "ComponentLink10URL"; Value = "https://datasheet.ciiva.com/7985/1856384-7985869.pdf?src-supplier=Element14"; VariantName = "[No Variations]"
Add component (AddParameter): Name = "ComponentLink11Description"; Value = "https://datasheet.ciiva.com/48692/001055517-da-01-en-smd-wid-cr0805-jw-103elf-10k-ohm-1-8w-48692118.pdf?src-supplier=Conrad"; VariantName = "[No Variations]"
Add component (AddParameter): Name = "ComponentLink11URL"; Value = "https://datasheet.ciiva.com/48692/001055517-da-01-en-smd-wid-cr0805-jw-103elf-10k-ohm-1-8w-48692118.pdf?src-supplier=Conrad"; VariantName = "[No Variations]"
Add component (AddParameter): Name = "Construction"; Value = "Rectangular"; VariantName = "[No Variations]"
Add component (AddParameter): Name = "Contact Plating"; Value = "Tin"; VariantName = "[No Variations]"
Add component (AddParameter): Name = "Current Rating"; Value = ""; VariantName = "[No Variations]"
Add component (AddParameter): Name = "Depth"; Value = "1.25mm"; VariantName = "[No Variations]"
Add component (AddParameter): Name = "Design Item ID"; Value = "R10k-0805FTK"; VariantName = "[No Variations]"
Add component (AddParameter): Name = "ELV"; Value = ""; VariantName = "[No Variations]"
Add component (AddParameter): Name = "Features"; Value = "Moisture Resistant"; VariantName = "[No Variations]"
Add component (AddParameter): Name = "Height"; Value = "0.5mm"; VariantName = "[No Variations]"
Add component (AddParameter): Name = "Insulation Resistance"; Value = ""; VariantName = "[No Variations]"
Add component (AddParameter): Name = "Lead Free"; Value = ""; VariantName = "[No Variations]"
Add component (AddParameter): Name = "Lead Length"; Value = ""; VariantName = "[No Variations]"
Add component (AddParameter): Name = "Length"; Value = "2mm"; VariantName = "[No Variations]"
Add component (AddParameter): Name = "Manufacturer"; Value = ""; VariantName = "[No Variations]"
Add component (AddParameter): Name = "Manufacturer 1"; Value = "Bourns"; VariantName = "[No Variations]"
Add component (AddParameter): Name = "Manufacturer Part Number"; Value = ""; VariantName = "[No Variations]"
Add component (AddParameter): Name = "Manufacturer Part Number 1"; Value = "CR0805-JW-103ELF"; VariantName = "[No Variations]"
Add component (AddParameter): Name = "Max Operating Temperature"; Value = "155°C"; VariantName = "[No Variations]"
Add component (AddParameter): Name = "Max Power Dissipation"; Value = "125mW"; VariantName = "[No Variations]"
Add component (AddParameter): Name = "Military Standard"; Value = "Not"; VariantName = "[No Variations]"
Add component (AddParameter): Name = "Min Operating Temperature"; Value = "-55°C"; VariantName = "[No Variations]"
Add component (AddParameter): Name = "Mount"; Value = "Surface Mount"; VariantName = "[No Variations]"
Add component (AddParameter): Name = "Mounting Technology"; Value = ""; VariantName = "[No Variations]"
Add component (AddParameter): Name = "Number of Contacts"; Value = ""; VariantName = "[No Variations]"
Add component (AddParameter): Name = "Number of Elements"; Value = ""; VariantName = "[No Variations]"
Add component (AddParameter): Name = "Number of Resistors"; Value = ""; VariantName = "[No Variations]"
Add component (AddParameter): Name = "Number of Terminals/Pins"; Value = ""; VariantName = "[No Variations]"
Add component (AddParameter): Name = "Number of Terminations"; Value = "2"; VariantName = "[No Variations]"
Add component (AddParameter): Name = "Number of Turns"; Value = ""; VariantName = "[No Variations]"
Add component (AddParameter): Name = "Package Quantity"; Value = "1"; VariantName = "[No Variations]"
Add component (AddParameter): Name = "Package Shape"; Value = ""; VariantName = "[No Variations]"
Add component (AddParameter): Name = "Packaging"; Value = "Tape and Reel"; VariantName = "[No Variations]"
Add component (AddParameter): Name = "Pins"; Value = "2"; VariantName = "[No Variations]"
Add component (AddParameter): Name = "Power"; Value = ""; VariantName = "[No Variations]"
Add component (AddParameter): Name = "Power Per Element"; Value = ""; VariantName = "[No Variations]"
Add component (AddParameter): Name = "Power Rating"; Value = "125mW"; VariantName = "[No Variations]"
Add component (AddParameter): Name = "Pricing 1"; Value = "1=0,05790, 10=0,01540, 25=0,01340, 100=0,00340 (USD)"; VariantName = "[No Variations]"
Add component (AddParameter): Name = "Radiation Hardening"; Value = "No"; VariantName = "[No Variations]"
Add component (AddParameter): Name = "REACH SVHC"; Value = "No SVHC"; VariantName = "[No Variations]"
Add component (AddParameter): Name = "Resistance"; Value = ""; VariantName = "[No Variations]"
Add component (AddParameter): Name = "Resistance Tolerance"; Value = "5%"; VariantName = "[No Variations]"
Add component (AddParameter): Name = "Resistence"; Value = ""; VariantName = "[No Variations]"
Add component (AddParameter): Name = "Resistor Type"; Value = "Thick Film"; VariantName = "[No Variations]"
Add component (AddParameter): Name = "RoHS"; Value = "Yes"; VariantName = "[No Variations]"
Add component (AddParameter): Name = "RoHS Compliant"; Value = "Yes"; VariantName = "[No Variations]"
Add component (AddParameter): Name = "Series"; Value = "CR0805"; VariantName = "[No Variations]"
Add component (AddParameter): Name = "Size Code"; Value = ""; VariantName = "[No Variations]"
Add component (AddParameter): Name = "Source"; Value = "Passives.SchLib"; VariantName = "[No Variations]"
Add component (AddParameter): Name = "Stock 1"; Value = "57566"; VariantName = "[No Variations]"
Add component (AddParameter): Name = "Taper"; Value = ""; VariantName = "[No Variations]"
Add component (AddParameter): Name = "Technology"; Value = "THICK FILM"; VariantName = "[No Variations]"
Add component (AddParameter): Name = "Temperature Coefficient"; Value = "200ppm/°C"; VariantName = "[No Variations]"
Add component (AddParameter): Name = "Terminal Finish"; Value = ""; VariantName = "[No Variations]"
Add component (AddParameter): Name = "Terminal Pitch"; Value = ""; VariantName = "[No Variations]"
Add component (AddParameter): Name = "Termination"; Value = "SMD/SMT"; VariantName = "[No Variations]"
Add component (AddParameter): Name = "Thickness"; Value = "508um"; VariantName = "[No Variations]"
Add component (AddParameter): Name = "Tolerance"; Value = "5%"; VariantName = "[No Variations]"
Add component (AddParameter): Name = "Value"; Value = "10k"; VariantName = "[No Variations]"
Add component (AddParameter): Name = "Voltage Rating"; Value = "150V"; VariantName = "[No Variations]"
Add component (AddParameter): Name = "Voltage Rating (DC)"; Value = "100V"; VariantName = "[No Variations]"
Add component (AddParameter): Name = "Weight"; Value = ""; VariantName = "[No Variations]"
Add component (AddParameter): Name = "Width"; Value = "1.25mm"; VariantName = "[No Variations]"
Add component (AddParameter): Name = "Working Voltage"; Value = ""; VariantName = "[No Variations]"
Added Component: Designator=R706(R0805FTK)
Add component (AddParameter): Name = ".Creator"; Value = "DR"; VariantName = "[No Variations]"
Add component (AddParameter): Name = ".PCBcheck"; Value = ""; VariantName = "[No Variations]"
Add component (AddParameter): Name = ".SCHcheck"; Value = ""; VariantName = "[No Variations]"
Add component (AddParameter): Name = "Case Code (Metric)"; Value = "2012"; VariantName = "[No Variations]"
Add component (AddParameter): Name = "Case/Package"; Value = "0805"; VariantName = "[No Variations]"
Add component (AddParameter): Name = "Category"; Value = "Chip SMD Resistors"; VariantName = "[No Variations]"
Add component (AddParameter): Name = "Circuit Type"; Value = ""; VariantName = "[No Variations]"
Add component (AddParameter): Name = "Color"; Value = ""; VariantName = "[No Variations]"
Add component (AddParameter): Name = "ComponentLink1Description"; Value = "https://datasheet.ciiva.com/11821/0900766b80fcdb72-11821135.pdf?src-supplier=RSComponents"; VariantName = "[No Variations]"
Add component (AddParameter): Name = "ComponentLink1URL"; Value = "https://datasheet.ciiva.com/11821/0900766b80fcdb72-11821135.pdf?src-supplier=RSComponents"; VariantName = "[No Variations]"
Add component (AddParameter): Name = "ComponentLink2Description"; Value = "https://datasheet.ciiva.com/9122/chpreztr-9122374.pdf?src-supplier=Avnet"; VariantName = "[No Variations]"
Add component (AddParameter): Name = "ComponentLink2URL"; Value = "https://datasheet.ciiva.com/9122/chpreztr-9122374.pdf?src-supplier=Avnet"; VariantName = "[No Variations]"
Add component (AddParameter): Name = "ComponentLink3Description"; Value = "https://datasheet.ciiva.com/22693/1902866-22693254.pdf?src-supplier=Element14"; VariantName = "[No Variations]"
Add component (AddParameter): Name = "ComponentLink3URL"; Value = "https://datasheet.ciiva.com/22693/1902866-22693254.pdf?src-supplier=Element14"; VariantName = "[No Variations]"
Add component (AddParameter): Name = "ComponentLink4Description"; Value = "https://datasheet.ciiva.com/7986/691949-7986187.pdf?src-supplier=Element14"; VariantName = "[No Variations]"
Add component (AddParameter): Name = "ComponentLink4URL"; Value = "https://datasheet.ciiva.com/7986/691949-7986187.pdf?src-supplier=Element14"; VariantName = "[No Variations]"
Add component (AddParameter): Name = "ComponentLink5Description"; Value = "https://datasheet.ciiva.com/30065/159chpreztr-30065976.pdf?src-supplier=Onlinecomponents.com"; VariantName = "[No Variations]"
Add component (AddParameter): Name = "ComponentLink5URL"; Value = "https://datasheet.ciiva.com/30065/159chpreztr-30065976.pdf?src-supplier=Onlinecomponents.com"; VariantName = "[No Variations]"
Add component (AddParameter): Name = "ComponentLink6Description"; Value = "https://datasheet.ciiva.com/16783/70154685-16783482.pdf?src-supplier=Allied+Electronics"; VariantName = "[No Variations]"
Add component (AddParameter): Name = "ComponentLink6URL"; Value = "https://datasheet.ciiva.com/16783/70154685-16783482.pdf?src-supplier=Allied+Electronics"; VariantName = "[No Variations]"
Add component (AddParameter): Name = "ComponentLink7Description"; Value = "https://datasheet.ciiva.com/5548/chpreztr-5548491.pdf?src-supplier=Mouser"; VariantName = "[No Variations]"
Add component (AddParameter): Name = "ComponentLink7URL"; Value = "https://datasheet.ciiva.com/5548/chpreztr-5548491.pdf?src-supplier=Mouser"; VariantName = "[No Variations]"
Add component (AddParameter): Name = "ComponentLink8Description"; Value = "https://datasheet.ciiva.com/6559/chpreztr-6559900.pdf?src-supplier=Digi-Key"; VariantName = "[No Variations]"
Add component (AddParameter): Name = "ComponentLink8URL"; Value = "https://datasheet.ciiva.com/6559/chpreztr-6559900.pdf?src-supplier=Digi-Key"; VariantName = "[No Variations]"
Add component (AddParameter): Name = "ComponentLink9Description"; Value = "https://datasheet.ciiva.com/6559/chpreztr-6559901.pdf?src-supplier=Digi-Key"; VariantName = "[No Variations]"
Add component (AddParameter): Name = "ComponentLink9URL"; Value = "https://datasheet.ciiva.com/6559/chpreztr-6559901.pdf?src-supplier=Digi-Key"; VariantName = "[No Variations]"
Add component (AddParameter): Name = "ComponentLink10Description"; Value = "https://datasheet.ciiva.com/7985/1856384-7985869.pdf?src-supplier=Element14"; VariantName = "[No Variations]"
Add component (AddParameter): Name = "ComponentLink10URL"; Value = "https://datasheet.ciiva.com/7985/1856384-7985869.pdf?src-supplier=Element14"; VariantName = "[No Variations]"
Add component (AddParameter): Name = "ComponentLink11Description"; Value = "https://datasheet.ciiva.com/48692/001055517-da-01-en-smd-wid-cr0805-jw-103elf-10k-ohm-1-8w-48692118.pdf?src-supplier=Conrad"; VariantName = "[No Variations]"
Add component (AddParameter): Name = "ComponentLink11URL"; Value = "https://datasheet.ciiva.com/48692/001055517-da-01-en-smd-wid-cr0805-jw-103elf-10k-ohm-1-8w-48692118.pdf?src-supplier=Conrad"; VariantName = "[No Variations]"
Add component (AddParameter): Name = "Construction"; Value = "Rectangular"; VariantName = "[No Variations]"
Add component (AddParameter): Name = "Contact Plating"; Value = "Tin"; VariantName = "[No Variations]"
Add component (AddParameter): Name = "Current Rating"; Value = ""; VariantName = "[No Variations]"
Add component (AddParameter): Name = "Depth"; Value = "1.25mm"; VariantName = "[No Variations]"
Add component (AddParameter): Name = "Design Item ID"; Value = "R10k-0805FTK"; VariantName = "[No Variations]"
Add component (AddParameter): Name = "ELV"; Value = ""; VariantName = "[No Variations]"
Add component (AddParameter): Name = "Features"; Value = "Moisture Resistant"; VariantName = "[No Variations]"
Add component (AddParameter): Name = "Height"; Value = "0.5mm"; VariantName = "[No Variations]"
Add component (AddParameter): Name = "Insulation Resistance"; Value = ""; VariantName = "[No Variations]"
Add component (AddParameter): Name = "Lead Free"; Value = ""; VariantName = "[No Variations]"
Add component (AddParameter): Name = "Lead Length"; Value = ""; VariantName = "[No Variations]"
Add component (AddParameter): Name = "Length"; Value = "2mm"; VariantName = "[No Variations]"
Add component (AddParameter): Name = "Manufacturer"; Value = ""; VariantName = "[No Variations]"
Add component (AddParameter): Name = "Manufacturer 1"; Value = "Bourns"; VariantName = "[No Variations]"
Add component (AddParameter): Name = "Manufacturer Part Number"; Value = ""; VariantName = "[No Variations]"
Add component (AddParameter): Name = "Manufacturer Part Number 1"; Value = "CR0805-JW-103ELF"; VariantName = "[No Variations]"
Add component (AddParameter): Name = "Max Operating Temperature"; Value = "155°C"; VariantName = "[No Variations]"
Add component (AddParameter): Name = "Max Power Dissipation"; Value = "125mW"; VariantName = "[No Variations]"
Add component (AddParameter): Name = "Military Standard"; Value = "Not"; VariantName = "[No Variations]"
Add component (AddParameter): Name = "Min Operating Temperature"; Value = "-55°C"; VariantName = "[No Variations]"
Add component (AddParameter): Name = "Mount"; Value = "Surface Mount"; VariantName = "[No Variations]"
Add component (AddParameter): Name = "Mounting Technology"; Value = ""; VariantName = "[No Variations]"
Add component (AddParameter): Name = "Number of Contacts"; Value = ""; VariantName = "[No Variations]"
Add component (AddParameter): Name = "Number of Elements"; Value = ""; VariantName = "[No Variations]"
Add component (AddParameter): Name = "Number of Resistors"; Value = ""; VariantName = "[No Variations]"
Add component (AddParameter): Name = "Number of Terminals/Pins"; Value = ""; VariantName = "[No Variations]"
Add component (AddParameter): Name = "Number of Terminations"; Value = "2"; VariantName = "[No Variations]"
Add component (AddParameter): Name = "Number of Turns"; Value = ""; VariantName = "[No Variations]"
Add component (AddParameter): Name = "Package Quantity"; Value = "1"; VariantName = "[No Variations]"
Add component (AddParameter): Name = "Package Shape"; Value = ""; VariantName = "[No Variations]"
Add component (AddParameter): Name = "Packaging"; Value = "Tape and Reel"; VariantName = "[No Variations]"
Add component (AddParameter): Name = "Pins"; Value = "2"; VariantName = "[No Variations]"
Add component (AddParameter): Name = "Power"; Value = ""; VariantName = "[No Variations]"
Add component (AddParameter): Name = "Power Per Element"; Value = ""; VariantName = "[No Variations]"
Add component (AddParameter): Name = "Power Rating"; Value = "125mW"; VariantName = "[No Variations]"
Add component (AddParameter): Name = "Pricing 1"; Value = "1=0,05790, 10=0,01540, 25=0,01340, 100=0,00340 (USD)"; VariantName = "[No Variations]"
Add component (AddParameter): Name = "Radiation Hardening"; Value = "No"; VariantName = "[No Variations]"
Add component (AddParameter): Name = "REACH SVHC"; Value = "No SVHC"; VariantName = "[No Variations]"
Add component (AddParameter): Name = "Resistance"; Value = ""; VariantName = "[No Variations]"
Add component (AddParameter): Name = "Resistance Tolerance"; Value = "5%"; VariantName = "[No Variations]"
Add component (AddParameter): Name = "Resistence"; Value = ""; VariantName = "[No Variations]"
Add component (AddParameter): Name = "Resistor Type"; Value = "Thick Film"; VariantName = "[No Variations]"
Add component (AddParameter): Name = "RoHS"; Value = "Yes"; VariantName = "[No Variations]"
Add component (AddParameter): Name = "RoHS Compliant"; Value = "Yes"; VariantName = "[No Variations]"
Add component (AddParameter): Name = "Series"; Value = "CR0805"; VariantName = "[No Variations]"
Add component (AddParameter): Name = "Size Code"; Value = ""; VariantName = "[No Variations]"
Add component (AddParameter): Name = "Source"; Value = "Passives.SchLib"; VariantName = "[No Variations]"
Add component (AddParameter): Name = "Stock 1"; Value = "57566"; VariantName = "[No Variations]"
Add component (AddParameter): Name = "Taper"; Value = ""; VariantName = "[No Variations]"
Add component (AddParameter): Name = "Technology"; Value = "THICK FILM"; VariantName = "[No Variations]"
Add component (AddParameter): Name = "Temperature Coefficient"; Value = "200ppm/°C"; VariantName = "[No Variations]"
Add component (AddParameter): Name = "Terminal Finish"; Value = ""; VariantName = "[No Variations]"
Add component (AddParameter): Name = "Terminal Pitch"; Value = ""; VariantName = "[No Variations]"
Add component (AddParameter): Name = "Termination"; Value = "SMD/SMT"; VariantName = "[No Variations]"
Add component (AddParameter): Name = "Thickness"; Value = "508um"; VariantName = "[No Variations]"
Add component (AddParameter): Name = "Tolerance"; Value = "5%"; VariantName = "[No Variations]"
Add component (AddParameter): Name = "Value"; Value = "10k"; VariantName = "[No Variations]"
Add component (AddParameter): Name = "Voltage Rating"; Value = "150V"; VariantName = "[No Variations]"
Add component (AddParameter): Name = "Voltage Rating (DC)"; Value = "100V"; VariantName = "[No Variations]"
Add component (AddParameter): Name = "Weight"; Value = ""; VariantName = "[No Variations]"
Add component (AddParameter): Name = "Width"; Value = "1.25mm"; VariantName = "[No Variations]"
Add component (AddParameter): Name = "Working Voltage"; Value = ""; VariantName = "[No Variations]"
Added Component: Designator=R708(R10k-VTR)
Add component (AddParameter): Name = ".Creator"; Value = "DO"; VariantName = "[No Variations]"
Add component (AddParameter): Name = ".PCBcheck"; Value = ""; VariantName = "[No Variations]"
Add component (AddParameter): Name = ".SCHcheck"; Value = ""; VariantName = "[No Variations]"
Add component (AddParameter): Name = "Case Code (Metric)"; Value = ""; VariantName = "[No Variations]"
Add component (AddParameter): Name = "Case/Package"; Value = ""; VariantName = "[No Variations]"
Add component (AddParameter): Name = "Category"; Value = "Variable Resistors and Potentiometers"; VariantName = "[No Variations]"
Add component (AddParameter): Name = "Circuit Type"; Value = ""; VariantName = "[No Variations]"
Add component (AddParameter): Name = "Color"; Value = "Blue"; VariantName = "[No Variations]"
Add component (AddParameter): Name = "ComponentLink1Description"; Value = "https://datasheet.ciiva.com/19454/853572-19454866.pdf?src-supplier=Jameco"; VariantName = "[No Variations]"
Add component (AddParameter): Name = "ComponentLink1URL"; Value = "https://datasheet.ciiva.com/19454/853572-19454866.pdf?src-supplier=Jameco"; VariantName = "[No Variations]"
Add component (AddParameter): Name = "ComponentLink2Description"; Value = "https://datasheet.ciiva.com/11830/0900766b8069ccf4-11830871.pdf?src-supplier=RSComponents"; VariantName = "[No Variations]"
Add component (AddParameter): Name = "ComponentLink2URL"; Value = "https://datasheet.ciiva.com/11830/0900766b8069ccf4-11830871.pdf?src-supplier=RSComponents"; VariantName = "[No Variations]"
Add component (AddParameter): Name = "ComponentLink3Description"; Value = "https://datasheet.ciiva.com/29122/447277-da-01-en-trimmer-tht3296w-1-103lf-10k-0-5w-29122362.pdf?src-supplier=Conrad"; VariantName = "[No Variations]"
Add component (AddParameter): Name = "ComponentLink3URL"; Value = "https://datasheet.ciiva.com/29122/447277-da-01-en-trimmer-tht3296w-1-103lf-10k-0-5w-29122362.pdf?src-supplier=Conrad"; VariantName = "[No Variations]"
Add component (AddParameter): Name = "ComponentLink4Description"; Value = "https://datasheet.ciiva.com/26913/3296w-1-103lf-26913885.pdf?src-supplier=IIIC"; VariantName = "[No Variations]"
Add component (AddParameter): Name = "ComponentLink4URL"; Value = "https://datasheet.ciiva.com/26913/3296w-1-103lf-26913885.pdf?src-supplier=IIIC"; VariantName = "[No Variations]"
Add component (AddParameter): Name = "ComponentLink5Description"; Value = "https://datasheet.ciiva.com/1131/1815117-1131273.pdf?src-supplier=Element14"; VariantName = "[No Variations]"
Add component (AddParameter): Name = "ComponentLink5URL"; Value = "https://datasheet.ciiva.com/1131/1815117-1131273.pdf?src-supplier=Element14"; VariantName = "[No Variations]"
Add component (AddParameter): Name = "ComponentLink6Description"; Value = "https://datasheet.ciiva.com/18411/70153578-18411561.pdf?src-supplier=Allied+Electronics"; VariantName = "[No Variations]"
Add component (AddParameter): Name = "ComponentLink6URL"; Value = "https://datasheet.ciiva.com/18411/70153578-18411561.pdf?src-supplier=Allied+Electronics"; VariantName = "[No Variations]"
Add component (AddParameter): Name = "ComponentLink7Description"; Value = "https://datasheet.ciiva.com/3266/3296-3266187.pdf?src-supplier=Avnet"; VariantName = "[No Variations]"
Add component (AddParameter): Name = "ComponentLink7URL"; Value = "https://datasheet.ciiva.com/3266/3296-3266187.pdf?src-supplier=Avnet"; VariantName = "[No Variations]"
Add component (AddParameter): Name = "ComponentLink8Description"; Value = "https://datasheet.ciiva.com/30093/3296-30093899.pdf?src-supplier=Onlinecomponents.com"; VariantName = "[No Variations]"
Add component (AddParameter): Name = "ComponentLink8URL"; Value = "https://datasheet.ciiva.com/30093/3296-30093899.pdf?src-supplier=Onlinecomponents.com"; VariantName = "[No Variations]"
Add component (AddParameter): Name = "ComponentLink9Description"; Value = "https://datasheet.ciiva.com/2156/3296-2156893.pdf?src-supplier=Digi-Key"; VariantName = "[No Variations]"
Add component (AddParameter): Name = "ComponentLink9URL"; Value = "https://datasheet.ciiva.com/2156/3296-2156893.pdf?src-supplier=Digi-Key"; VariantName = "[No Variations]"
Add component (AddParameter): Name = "ComponentLink10Description"; Value = "https://datasheet.ciiva.com/14173/ew3296-dat-e-14173022.pdf?src-supplier=Distrelec"; VariantName = "[No Variations]"
Add component (AddParameter): Name = "ComponentLink10URL"; Value = "https://datasheet.ciiva.com/14173/ew3296-dat-e-14173022.pdf?src-supplier=Distrelec"; VariantName = "[No Variations]"
Add component (AddParameter): Name = "ComponentLink11Description"; Value = "Where buy it"; VariantName = "[No Variations]"
Add component (AddParameter): Name = "ComponentLink11URL"; Value = "https://es.rs-online.com/web/p/potenciometros-de-ajuste/5219647"; VariantName = "[No Variations]"
Add component (AddParameter): Name = "Construction"; Value = ""; VariantName = "[No Variations]"
Add component (AddParameter): Name = "Contact Plating"; Value = "Tin,Matte"; VariantName = "[No Variations]"
Add component (AddParameter): Name = "Current Rating"; Value = ""; VariantName = "[No Variations]"
Add component (AddParameter): Name = "Depth"; Value = "4.83mm"; VariantName = "[No Variations]"
Add component (AddParameter): Name = "Design Item ID"; Value = "R10k-VTR"; VariantName = "[No Variations]"
Add component (AddParameter): Name = "ELV"; Value = ""; VariantName = "[No Variations]"
Add component (AddParameter): Name = "Features"; Value = ""; VariantName = "[No Variations]"
Add component (AddParameter): Name = "Height"; Value = "0.395inch"; VariantName = "[No Variations]"
Add component (AddParameter): Name = "Insulation Resistance"; Value = "1GR"; VariantName = "[No Variations]"
Add component (AddParameter): Name = "Lead Free"; Value = "Lead Free"; VariantName = "[No Variations]"
Add component (AddParameter): Name = "Lead Length"; Value = ""; VariantName = "[No Variations]"
Add component (AddParameter): Name = "Length"; Value = "9.53mm"; VariantName = "[No Variations]"
Add component (AddParameter): Name = "Manufacturer"; Value = "Bourns"; VariantName = "[No Variations]"
Add component (AddParameter): Name = "Manufacturer 1"; Value = ""; VariantName = "[No Variations]"
Add component (AddParameter): Name = "Manufacturer Part Number"; Value = "3296W-1-103LF"; VariantName = "[No Variations]"
Add component (AddParameter): Name = "Manufacturer Part Number 1"; Value = ""; VariantName = "[No Variations]"
Add component (AddParameter): Name = "Max Operating Temperature"; Value = "125°C"; VariantName = "[No Variations]"
Add component (AddParameter): Name = "Max Power Dissipation"; Value = "500mW"; VariantName = "[No Variations]"
Add component (AddParameter): Name = "Military Standard"; Value = "Not"; VariantName = "[No Variations]"
Add component (AddParameter): Name = "Min Operating Temperature"; Value = "-55°C"; VariantName = "[No Variations]"
Add component (AddParameter): Name = "Mount"; Value = "PCB,Through Hole"; VariantName = "[No Variations]"
Add component (AddParameter): Name = "Number of Contacts"; Value = ""; VariantName = "[No Variations]"
Add component (AddParameter): Name = "Number of Elements"; Value = ""; VariantName = "[No Variations]"
Add component (AddParameter): Name = "Number of Resistors"; Value = ""; VariantName = "[No Variations]"
Add component (AddParameter): Name = "Number of Terminals/Pins"; Value = ""; VariantName = "[No Variations]"
Add component (AddParameter): Name = "Number of Terminations"; Value = ""; VariantName = "[No Variations]"
Add component (AddParameter): Name = "Number of Turns"; Value = "25"; VariantName = "[No Variations]"
Add component (AddParameter): Name = "Package Quantity"; Value = "50"; VariantName = "[No Variations]"
Add component (AddParameter): Name = "Package Shape"; Value = ""; VariantName = "[No Variations]"
Add component (AddParameter): Name = "Packaging"; Value = "Rail/Tube"; VariantName = "[No Variations]"
Add component (AddParameter): Name = "Pins"; Value = ""; VariantName = "[No Variations]"
Add component (AddParameter): Name = "Power Per Element"; Value = ""; VariantName = "[No Variations]"
Add component (AddParameter): Name = "Power Rating"; Value = "500mW"; VariantName = "[No Variations]"
Add component (AddParameter): Name = "Pricing 1"; Value = "50=2,54800, 100=2,31900, 200=2,14000, 300=1,88400, 500=1,55300 (USD)"; VariantName = "[No Variations]"
Add component (AddParameter): Name = "Radiation Hardening"; Value = "No"; VariantName = "[No Variations]"
Add component (AddParameter): Name = "REACH SVHC"; Value = "No SVHC"; VariantName = "[No Variations]"
Add component (AddParameter): Name = "Resistance"; Value = ""; VariantName = "[No Variations]"
Add component (AddParameter): Name = "Resistance Tolerance"; Value = "10%"; VariantName = "[No Variations]"
Add component (AddParameter): Name = "Resistence"; Value = ""; VariantName = "[No Variations]"
Add component (AddParameter): Name = "Resistor Type"; Value = "Cermet"; VariantName = "[No Variations]"
Add component (AddParameter): Name = "RoHS"; Value = "Yes"; VariantName = "[No Variations]"
Add component (AddParameter): Name = "RoHS Compliant"; Value = "Yes"; VariantName = "[No Variations]"
Add component (AddParameter): Name = "Series"; Value = "3296"; VariantName = "[No Variations]"
Add component (AddParameter): Name = "Size Code"; Value = ""; VariantName = "[No Variations]"
Add component (AddParameter): Name = "Source"; Value = "Passives.SchLib"; VariantName = "[No Variations]"
Add component (AddParameter): Name = "Stock 1"; Value = "3300"; VariantName = "[No Variations]"
Add component (AddParameter): Name = "Taper"; Value = "Linear"; VariantName = "[No Variations]"
Add component (AddParameter): Name = "Technology"; Value = "CERMET"; VariantName = "[No Variations]"
Add component (AddParameter): Name = "Temperature Coefficient"; Value = "100ppm/°C"; VariantName = "[No Variations]"
Add component (AddParameter): Name = "Terminal Finish"; Value = ""; VariantName = "[No Variations]"
Add component (AddParameter): Name = "Terminal Pitch"; Value = ""; VariantName = "[No Variations]"
Add component (AddParameter): Name = "Termination"; Value = "Pin"; VariantName = "[No Variations]"
Add component (AddParameter): Name = "Thickness"; Value = ""; VariantName = "[No Variations]"
Add component (AddParameter): Name = "Tolerance"; Value = "10%"; VariantName = "[No Variations]"
Add component (AddParameter): Name = "Value"; Value = "10k"; VariantName = "[No Variations]"
Add component (AddParameter): Name = "Voltage Rating"; Value = ""; VariantName = "[No Variations]"
Add component (AddParameter): Name = "Voltage Rating (DC)"; Value = ""; VariantName = "[No Variations]"
Add component (AddParameter): Name = "Weight"; Value = "0.03oz"; VariantName = "[No Variations]"
Add component (AddParameter): Name = "Width"; Value = "9.53mm"; VariantName = "[No Variations]"
Add component (AddParameter): Name = "Working Voltage"; Value = ""; VariantName = "[No Variations]"
Added Component: Designator=R709(R2512FTK)
Add component (AddParameter): Name = ".Creator"; Value = ""; VariantName = "[No Variations]"
Add component (AddParameter): Name = ".PCBcheck"; Value = ""; VariantName = "[No Variations]"
Add component (AddParameter): Name = ".SCHcheck"; Value = ""; VariantName = "[No Variations]"
Add component (AddParameter): Name = "Capacitance"; Value = ""; VariantName = "[No Variations]"
Add component (AddParameter): Name = "Case Code (Imperial)"; Value = "2512"; VariantName = "[No Variations]"
Add component (AddParameter): Name = "Case Code (Metric)"; Value = "6432"; VariantName = "[No Variations]"
Add component (AddParameter): Name = "Case/Package"; Value = "2512"; VariantName = "[No Variations]"
Add component (AddParameter): Name = "Category"; Value = "Chip SMD Resistors"; VariantName = "[No Variations]"
Add component (AddParameter): Name = "ComponentLink1Description"; Value = "https://datasheet.ciiva.com/48527/wslp-48527354.pdf?src-supplier=Avnet"; VariantName = "[No Variations]"
Add component (AddParameter): Name = "ComponentLink1URL"; Value = "https://datasheet.ciiva.com/48527/wslp-48527354.pdf?src-supplier=Avnet"; VariantName = "[No Variations]"
Add component (AddParameter): Name = "Construction"; Value = ""; VariantName = "[No Variations]"
Add component (AddParameter): Name = "Depth"; Value = ""; VariantName = "[No Variations]"
Add component (AddParameter): Name = "Design Item ID"; Value = "R2M-2512FTK"; VariantName = "[No Variations]"
Add component (AddParameter): Name = "Dielectric"; Value = ""; VariantName = "[No Variations]"
Add component (AddParameter): Name = "Drive level"; Value = ""; VariantName = "[No Variations]"
Add component (AddParameter): Name = "Features"; Value = ""; VariantName = "[No Variations]"
Add component (AddParameter): Name = "Frequency"; Value = ""; VariantName = "[No Variations]"
Add component (AddParameter): Name = "Frequency Stability"; Value = ""; VariantName = "[No Variations]"
Add component (AddParameter): Name = "Halogen Free"; Value = ""; VariantName = "[No Variations]"
Add component (AddParameter): Name = "Height"; Value = "0.635mm"; VariantName = "[No Variations]"
Add component (AddParameter): Name = "Lead Free"; Value = "Lead Free"; VariantName = "[No Variations]"
Add component (AddParameter): Name = "Length"; Value = "6.4mm"; VariantName = "[No Variations]"
Add component (AddParameter): Name = "Manufacturer"; Value = "Vishay Dale"; VariantName = "[No Variations]"
Add component (AddParameter): Name = "Manufacturer Part Number"; Value = "WSLP25122L000FEA"; VariantName = "[No Variations]"
Add component (AddParameter): Name = "Max Operating Temperature"; Value = "170°C"; VariantName = "[No Variations]"
Add component (AddParameter): Name = "Max operating temperature."; Value = ""; VariantName = "[No Variations]"
Add component (AddParameter): Name = "Max power dissipation"; Value = ""; VariantName = "[No Variations]"
Add component (AddParameter): Name = "Min Operating Temperature"; Value = "-65°C"; VariantName = "[No Variations]"
Add component (AddParameter): Name = "Mount"; Value = "Surface Mount"; VariantName = "[No Variations]"
Add component (AddParameter): Name = "Number of pins"; Value = ""; VariantName = "[No Variations]"
Add component (AddParameter): Name = "Package"; Value = ""; VariantName = "[No Variations]"
Add component (AddParameter): Name = "Package Quantity"; Value = "2000"; VariantName = "[No Variations]"
Add component (AddParameter): Name = "Packaging"; Value = "Tape and Reel"; VariantName = "[No Variations]"
Add component (AddParameter): Name = "Power Rating"; Value = "3W"; VariantName = "[No Variations]"
Add component (AddParameter): Name = "Pricing 1"; Value = "1=1,07000, 10=1,07000, 50=1,07000, 100=1,07000, 1000=0,77100, 10000=0,75500 (USD)"; VariantName = "[No Variations]"
Add component (AddParameter): Name = "Radiation Hardening"; Value = ""; VariantName = "[No Variations]"
Add component (AddParameter): Name = "REACH SVHC"; Value = ""; VariantName = "[No Variations]"
Add component (AddParameter): Name = "Resistance"; Value = "2M"; VariantName = "[No Variations]"
Add component (AddParameter): Name = "Resistor Type"; Value = "Metal Strip"; VariantName = "[No Variations]"
Add component (AddParameter): Name = "RoHS"; Value = "Yes"; VariantName = "[No Variations]"
Add component (AddParameter): Name = "RoHS Compliant"; Value = "Yes"; VariantName = "[No Variations]"
Add component (AddParameter): Name = "Series"; Value = "WSLP"; VariantName = "[No Variations]"
Add component (AddParameter): Name = "Size Code"; Value = "2512"; VariantName = "[No Variations]"
Add component (AddParameter): Name = "Source"; Value = "Passives.SchLib"; VariantName = "[No Variations]"
Add component (AddParameter): Name = "Stock 1"; Value = "11994"; VariantName = "[No Variations]"
Add component (AddParameter): Name = "Temperature Coefficient"; Value = "275ppm/°C"; VariantName = "[No Variations]"
Add component (AddParameter): Name = "Termination"; Value = "SMD/SMT"; VariantName = "[No Variations]"
Add component (AddParameter): Name = "Thickness"; Value = ""; VariantName = "[No Variations]"
Add component (AddParameter): Name = "Tolerance"; Value = "1%"; VariantName = "[No Variations]"
Add component (AddParameter): Name = "Type"; Value = ""; VariantName = "[No Variations]"
Add component (AddParameter): Name = "Voltage Rating"; Value = ""; VariantName = "[No Variations]"
Add component (AddParameter): Name = "Voltage Rating (DC)"; Value = ""; VariantName = "[No Variations]"
Add component (AddParameter): Name = "Weight"; Value = "0.001429oz"; VariantName = "[No Variations]"
Add component (AddParameter): Name = "Width"; Value = "3.2mm"; VariantName = "[No Variations]"
Added Component: Designator=R710(0805)
Add component (AddParameter): Name = "Case/Package"; Value = "0805"; VariantName = "[No Variations]"
Add component (AddParameter): Name = "Max Operating Temperature"; Value = "155°C"; VariantName = "[No Variations]"
Add component (AddParameter): Name = "Min Operating Temperature"; Value = "-55°C"; VariantName = "[No Variations]"
Add component (AddParameter): Name = "Mounting Technology"; Value = "Surface Mount"; VariantName = "[No Variations]"
Add component (AddParameter): Name = "Pins"; Value = "2"; VariantName = "[No Variations]"
Add component (AddParameter): Name = "Power"; Value = "125mW"; VariantName = "[No Variations]"
Add component (AddParameter): Name = "Resistance"; Value = ""; VariantName = "[No Variations]"
Add component (AddParameter): Name = "RoHS Compliant"; Value = "Yes"; VariantName = "[No Variations]"
Add component (AddParameter): Name = "Tolerance"; Value = "1%"; VariantName = "[No Variations]"
Add component (AddParameter): Name = "Value"; Value = "51k"; VariantName = "[No Variations]"
Add component (AddParameter): Name = "Voltage Rating"; Value = ""; VariantName = "[No Variations]"
Added Component: Designator=R801(R0805FTK)
Add component (AddParameter): Name = ".Creator"; Value = "DR"; VariantName = "[No Variations]"
Add component (AddParameter): Name = ".PCBcheck"; Value = ""; VariantName = "[No Variations]"
Add component (AddParameter): Name = ".SCHcheck"; Value = ""; VariantName = "[No Variations]"
Add component (AddParameter): Name = "Case Code (Metric)"; Value = "2012"; VariantName = "[No Variations]"
Add component (AddParameter): Name = "Case/Package"; Value = "0805"; VariantName = "[No Variations]"
Add component (AddParameter): Name = "Category"; Value = "Chip SMD Resistors"; VariantName = "[No Variations]"
Add component (AddParameter): Name = "Circuit Type"; Value = ""; VariantName = "[No Variations]"
Add component (AddParameter): Name = "Color"; Value = ""; VariantName = "[No Variations]"
Add component (AddParameter): Name = "ComponentLink1Description"; Value = "https://datasheet.ciiva.com/11809/0900766b80fcdb72-11809178.pdf?src-supplier=RSComponents"; VariantName = "[No Variations]"
Add component (AddParameter): Name = "ComponentLink1URL"; Value = "https://datasheet.ciiva.com/11809/0900766b80fcdb72-11809178.pdf?src-supplier=RSComponents"; VariantName = "[No Variations]"
Add component (AddParameter): Name = "ComponentLink2Description"; Value = "https://datasheet.ciiva.com/6547/chpreztr-6547413.pdf?src-supplier=Digi-Key"; VariantName = "[No Variations]"
Add component (AddParameter): Name = "ComponentLink2URL"; Value = "https://datasheet.ciiva.com/6547/chpreztr-6547413.pdf?src-supplier=Digi-Key"; VariantName = "[No Variations]"
Add component (AddParameter): Name = "ComponentLink3Description"; Value = "https://datasheet.ciiva.com/6547/chpreztr-6547414.pdf?src-supplier=Digi-Key"; VariantName = "[No Variations]"
Add component (AddParameter): Name = "ComponentLink3URL"; Value = "https://datasheet.ciiva.com/6547/chpreztr-6547414.pdf?src-supplier=Digi-Key"; VariantName = "[No Variations]"
Add component (AddParameter): Name = "ComponentLink4Description"; Value = "https://datasheet.ciiva.com/6547/chpreztr-6547415.pdf?src-supplier=Digi-Key"; VariantName = "[No Variations]"
Add component (AddParameter): Name = "ComponentLink4URL"; Value = "https://datasheet.ciiva.com/6547/chpreztr-6547415.pdf?src-supplier=Digi-Key"; VariantName = "[No Variations]"
Add component (AddParameter): Name = "ComponentLink5Description"; Value = "https://datasheet.ciiva.com/9120/chpreztr-9120744.pdf?src-supplier=Avnet"; VariantName = "[No Variations]"
Add component (AddParameter): Name = "ComponentLink5URL"; Value = "https://datasheet.ciiva.com/9120/chpreztr-9120744.pdf?src-supplier=Avnet"; VariantName = "[No Variations]"
Add component (AddParameter): Name = "Construction"; Value = "Rectangular"; VariantName = "[No Variations]"
Add component (AddParameter): Name = "Contact Plating"; Value = "Tin"; VariantName = "[No Variations]"
Add component (AddParameter): Name = "Current Rating"; Value = ""; VariantName = "[No Variations]"
Add component (AddParameter): Name = "Depth"; Value = "1.25mm"; VariantName = "[No Variations]"
Add component (AddParameter): Name = "Design Item ID"; Value = "R100-0805FTK"; VariantName = "[No Variations]"
Add component (AddParameter): Name = "ELV"; Value = ""; VariantName = "[No Variations]"
Add component (AddParameter): Name = "Features"; Value = "Moisture Resistant"; VariantName = "[No Variations]"
Add component (AddParameter): Name = "Height"; Value = "0.5mm"; VariantName = "[No Variations]"
Add component (AddParameter): Name = "Insulation Resistance"; Value = ""; VariantName = "[No Variations]"
Add component (AddParameter): Name = "Lead Free"; Value = ""; VariantName = "[No Variations]"
Add component (AddParameter): Name = "Lead Length"; Value = ""; VariantName = "[No Variations]"
Add component (AddParameter): Name = "Length"; Value = "2mm"; VariantName = "[No Variations]"
Add component (AddParameter): Name = "Manufacturer"; Value = ""; VariantName = "[No Variations]"
Add component (AddParameter): Name = "Manufacturer 1"; Value = "Bourns"; VariantName = "[No Variations]"
Add component (AddParameter): Name = "Manufacturer Part Number"; Value = ""; VariantName = "[No Variations]"
Add component (AddParameter): Name = "Manufacturer Part Number 1"; Value = "CR0805-FX-1000ELF"; VariantName = "[No Variations]"
Add component (AddParameter): Name = "Max Operating Temperature"; Value = "155°C"; VariantName = "[No Variations]"
Add component (AddParameter): Name = "Max Power Dissipation"; Value = "125mW"; VariantName = "[No Variations]"
Add component (AddParameter): Name = "Military Standard"; Value = "Not"; VariantName = "[No Variations]"
Add component (AddParameter): Name = "Min Operating Temperature"; Value = "-55°C"; VariantName = "[No Variations]"
Add component (AddParameter): Name = "Mount"; Value = "Surface Mount"; VariantName = "[No Variations]"
Add component (AddParameter): Name = "Number of Contacts"; Value = ""; VariantName = "[No Variations]"
Add component (AddParameter): Name = "Number of Elements"; Value = ""; VariantName = "[No Variations]"
Add component (AddParameter): Name = "Number of Resistors"; Value = ""; VariantName = "[No Variations]"
Add component (AddParameter): Name = "Number of Terminals/Pins"; Value = ""; VariantName = "[No Variations]"
Add component (AddParameter): Name = "Number of Terminations"; Value = "2"; VariantName = "[No Variations]"
Add component (AddParameter): Name = "Number of Turns"; Value = ""; VariantName = "[No Variations]"
Add component (AddParameter): Name = "Package Quantity"; Value = "1"; VariantName = "[No Variations]"
Add component (AddParameter): Name = "Package Shape"; Value = ""; VariantName = "[No Variations]"
Add component (AddParameter): Name = "Packaging"; Value = "Tape and Reel"; VariantName = "[No Variations]"
Add component (AddParameter): Name = "Pins"; Value = "2"; VariantName = "[No Variations]"
Add component (AddParameter): Name = "Power Per Element"; Value = ""; VariantName = "[No Variations]"
Add component (AddParameter): Name = "Power Rating"; Value = "125mW"; VariantName = "[No Variations]"
Add component (AddParameter): Name = "Pricing 1"; Value = "1=0,05840, 10=0,03430, 25=0,01780, 100=0,00750, 250=0,00560, 500=0,00490, 3000=0,00470 (USD)"; VariantName = "[No Variations]"
Add component (AddParameter): Name = "Radiation Hardening"; Value = "No"; VariantName = "[No Variations]"
Add component (AddParameter): Name = "REACH SVHC"; Value = "No SVHC"; VariantName = "[No Variations]"
Add component (AddParameter): Name = "Resistance"; Value = ""; VariantName = "[No Variations]"
Add component (AddParameter): Name = "Resistance Tolerance"; Value = "1%"; VariantName = "[No Variations]"
Add component (AddParameter): Name = "Resistence"; Value = ""; VariantName = "[No Variations]"
Add component (AddParameter): Name = "Resistor Type"; Value = "Thick Film"; VariantName = "[No Variations]"
Add component (AddParameter): Name = "RoHS"; Value = "Yes"; VariantName = "[No Variations]"
Add component (AddParameter): Name = "RoHS Compliant"; Value = "Yes"; VariantName = "[No Variations]"
Add component (AddParameter): Name = "Series"; Value = "CR0805"; VariantName = "[No Variations]"
Add component (AddParameter): Name = "Size Code"; Value = ""; VariantName = "[No Variations]"
Add component (AddParameter): Name = "Source"; Value = "Passives.SchLib"; VariantName = "[No Variations]"
Add component (AddParameter): Name = "Stock 1"; Value = "49802"; VariantName = "[No Variations]"
Add component (AddParameter): Name = "Taper"; Value = ""; VariantName = "[No Variations]"
Add component (AddParameter): Name = "Technology"; Value = "THICK FILM"; VariantName = "[No Variations]"
Add component (AddParameter): Name = "Temperature Coefficient"; Value = "100ppm/°C"; VariantName = "[No Variations]"
Add component (AddParameter): Name = "Terminal Finish"; Value = ""; VariantName = "[No Variations]"
Add component (AddParameter): Name = "Terminal Pitch"; Value = ""; VariantName = "[No Variations]"
Add component (AddParameter): Name = "Termination"; Value = "SMD/SMT"; VariantName = "[No Variations]"
Add component (AddParameter): Name = "Thickness"; Value = "508um"; VariantName = "[No Variations]"
Add component (AddParameter): Name = "Tolerance"; Value = "1%"; VariantName = "[No Variations]"
Add component (AddParameter): Name = "Value"; Value = "100"; VariantName = "[No Variations]"
Add component (AddParameter): Name = "Voltage Rating"; Value = "150V"; VariantName = "[No Variations]"
Add component (AddParameter): Name = "Voltage Rating (DC)"; Value = "150V"; VariantName = "[No Variations]"
Add component (AddParameter): Name = "Weight"; Value = ""; VariantName = "[No Variations]"
Add component (AddParameter): Name = "Width"; Value = "1.25mm"; VariantName = "[No Variations]"
Add component (AddParameter): Name = "Working Voltage"; Value = ""; VariantName = "[No Variations]"
Added Component: Designator=R802(R0805FTK)
Add component (AddParameter): Name = ".Creator"; Value = "GP"; VariantName = "[No Variations]"
Add component (AddParameter): Name = ".PCBcheck"; Value = ""; VariantName = "[No Variations]"
Add component (AddParameter): Name = ".SCHcheck"; Value = ""; VariantName = "[No Variations]"
Add component (AddParameter): Name = "Case Code (Metric)"; Value = "2012"; VariantName = "[No Variations]"
Add component (AddParameter): Name = "Case/Package"; Value = "0805"; VariantName = "[No Variations]"
Add component (AddParameter): Name = "Category"; Value = "Chip SMD Resistors"; VariantName = "[No Variations]"
Add component (AddParameter): Name = "Circuit Type"; Value = ""; VariantName = "[No Variations]"
Add component (AddParameter): Name = "Color"; Value = ""; VariantName = "[No Variations]"
Add component (AddParameter): Name = "ComponentLink1Description"; Value = "https://datasheet.ciiva.com/11821/0900766b80fcdb72-11821134.pdf?src-supplier=RSComponents"; VariantName = "[No Variations]"
Add component (AddParameter): Name = "ComponentLink1URL"; Value = "https://datasheet.ciiva.com/11821/0900766b80fcdb72-11821134.pdf?src-supplier=RSComponents"; VariantName = "[No Variations]"
Add component (AddParameter): Name = "ComponentLink2Description"; Value = "https://datasheet.ciiva.com/15225/getdatasheetpartid-78155-15225381.pdf?src-supplier=Verical"; VariantName = "[No Variations]"
Add component (AddParameter): Name = "ComponentLink2URL"; Value = "https://datasheet.ciiva.com/15225/getdatasheetpartid-78155-15225381.pdf?src-supplier=Verical"; VariantName = "[No Variations]"
Add component (AddParameter): Name = "ComponentLink3Description"; Value = "https://datasheet.ciiva.com/22693/1902866-22693253.pdf?src-supplier=Element14"; VariantName = "[No Variations]"
Add component (AddParameter): Name = "ComponentLink3URL"; Value = "https://datasheet.ciiva.com/22693/1902866-22693253.pdf?src-supplier=Element14"; VariantName = "[No Variations]"
Add component (AddParameter): Name = "ComponentLink4Description"; Value = "https://datasheet.ciiva.com/7986/1856384-7986184.pdf?src-supplier=Element14"; VariantName = "[No Variations]"
Add component (AddParameter): Name = "ComponentLink4URL"; Value = "https://datasheet.ciiva.com/7986/1856384-7986184.pdf?src-supplier=Element14"; VariantName = "[No Variations]"
Add component (AddParameter): Name = "ComponentLink5Description"; Value = "https://datasheet.ciiva.com/7985/1856384-7985867.pdf?src-supplier=Element14"; VariantName = "[No Variations]"
Add component (AddParameter): Name = "ComponentLink5URL"; Value = "https://datasheet.ciiva.com/7985/1856384-7985867.pdf?src-supplier=Element14"; VariantName = "[No Variations]"
Add component (AddParameter): Name = "ComponentLink6Description"; Value = "https://datasheet.ciiva.com/30242/159chpreztr-30242765.pdf?src-supplier=Onlinecomponents.com"; VariantName = "[No Variations]"
Add component (AddParameter): Name = "ComponentLink6URL"; Value = "https://datasheet.ciiva.com/30242/159chpreztr-30242765.pdf?src-supplier=Onlinecomponents.com"; VariantName = "[No Variations]"
Add component (AddParameter): Name = "ComponentLink7Description"; Value = "https://datasheet.ciiva.com/6547/chpreztr-6547359.pdf?src-supplier=Digi-Key"; VariantName = "[No Variations]"
Add component (AddParameter): Name = "ComponentLink7URL"; Value = "https://datasheet.ciiva.com/6547/chpreztr-6547359.pdf?src-supplier=Digi-Key"; VariantName = "[No Variations]"
Add component (AddParameter): Name = "Construction"; Value = ""; VariantName = "[No Variations]"
Add component (AddParameter): Name = "Contact Plating"; Value = "Tin"; VariantName = "[No Variations]"
Add component (AddParameter): Name = "Current Rating"; Value = ""; VariantName = "[No Variations]"
Add component (AddParameter): Name = "Depth"; Value = "1.25mm"; VariantName = "[No Variations]"
Add component (AddParameter): Name = "Design Item ID"; Value = "R1k-0805FTK"; VariantName = "[No Variations]"
Add component (AddParameter): Name = "ELV"; Value = ""; VariantName = "[No Variations]"
Add component (AddParameter): Name = "Features"; Value = "Moisture Resistant"; VariantName = "[No Variations]"
Add component (AddParameter): Name = "Height"; Value = "0.5mm"; VariantName = "[No Variations]"
Add component (AddParameter): Name = "Insulation Resistance"; Value = ""; VariantName = "[No Variations]"
Add component (AddParameter): Name = "Lead Free"; Value = "Lead Free"; VariantName = "[No Variations]"
Add component (AddParameter): Name = "Lead Length"; Value = ""; VariantName = "[No Variations]"
Add component (AddParameter): Name = "Length"; Value = "2mm"; VariantName = "[No Variations]"
Add component (AddParameter): Name = "Manufacturer"; Value = ""; VariantName = "[No Variations]"
Add component (AddParameter): Name = "Manufacturer 1"; Value = "Bourns"; VariantName = "[No Variations]"
Add component (AddParameter): Name = "Manufacturer Part Number"; Value = ""; VariantName = "[No Variations]"
Add component (AddParameter): Name = "Manufacturer Part Number 1"; Value = "CR0805-JW-102ELF"; VariantName = "[No Variations]"
Add component (AddParameter): Name = "Max Operating Temperature"; Value = "155°C"; VariantName = "[No Variations]"
Add component (AddParameter): Name = "Max Power Dissipation"; Value = "125mW"; VariantName = "[No Variations]"
Add component (AddParameter): Name = "Military Standard"; Value = "Not"; VariantName = "[No Variations]"
Add component (AddParameter): Name = "Min Operating Temperature"; Value = "-55°C"; VariantName = "[No Variations]"
Add component (AddParameter): Name = "Mount"; Value = "Surface Mount"; VariantName = "[No Variations]"
Add component (AddParameter): Name = "Number of Contacts"; Value = ""; VariantName = "[No Variations]"
Add component (AddParameter): Name = "Number of Elements"; Value = ""; VariantName = "[No Variations]"
Add component (AddParameter): Name = "Number of Resistors"; Value = ""; VariantName = "[No Variations]"
Add component (AddParameter): Name = "Number of Terminals/Pins"; Value = ""; VariantName = "[No Variations]"
Add component (AddParameter): Name = "Number of Terminations"; Value = "2"; VariantName = "[No Variations]"
Add component (AddParameter): Name = "Number of Turns"; Value = ""; VariantName = "[No Variations]"
Add component (AddParameter): Name = "Package Quantity"; Value = "1"; VariantName = "[No Variations]"
Add component (AddParameter): Name = "Package Shape"; Value = ""; VariantName = "[No Variations]"
Add component (AddParameter): Name = "Packaging"; Value = "Tape and Reel"; VariantName = "[No Variations]"
Add component (AddParameter): Name = "Pins"; Value = "2"; VariantName = "[No Variations]"
Add component (AddParameter): Name = "Power Per Element"; Value = ""; VariantName = "[No Variations]"
Add component (AddParameter): Name = "Power Rating"; Value = "125mW"; VariantName = "[No Variations]"
Add component (AddParameter): Name = "Pricing 1"; Value = "1=0,05930, 10=0,03510, 25=0,01790, 100=0,00800, 250=0,00790, 500=0,00590, 1000=0,00360, 3000=0,00350, 6000=0,00250 (USD)"; VariantName = "[No Variations]"
Add component (AddParameter): Name = "Radiation Hardening"; Value = "No"; VariantName = "[No Variations]"
Add component (AddParameter): Name = "REACH SVHC"; Value = "No SVHC"; VariantName = "[No Variations]"
Add component (AddParameter): Name = "Resistance"; Value = ""; VariantName = "[No Variations]"
Add component (AddParameter): Name = "Resistance Tolerance"; Value = ""; VariantName = "[No Variations]"
Add component (AddParameter): Name = "Resistence"; Value = ""; VariantName = "[No Variations]"
Add component (AddParameter): Name = "Resistor Type"; Value = "Thick Film"; VariantName = "[No Variations]"
Add component (AddParameter): Name = "RoHS"; Value = "Yes"; VariantName = "[No Variations]"
Add component (AddParameter): Name = "RoHS Compliant"; Value = ""; VariantName = "[No Variations]"
Add component (AddParameter): Name = "Series"; Value = ""; VariantName = "[No Variations]"
Add component (AddParameter): Name = "Size Code"; Value = ""; VariantName = "[No Variations]"
Add component (AddParameter): Name = "Source"; Value = "Passives.SchLib"; VariantName = "[No Variations]"
Add component (AddParameter): Name = "Stock 1"; Value = "27510"; VariantName = "[No Variations]"
Add component (AddParameter): Name = "Taper"; Value = ""; VariantName = "[No Variations]"
Add component (AddParameter): Name = "Technology"; Value = ""; VariantName = "[No Variations]"
Add component (AddParameter): Name = "Temperature Coefficient"; Value = "200ppm/°C"; VariantName = "[No Variations]"
Add component (AddParameter): Name = "Terminal Finish"; Value = ""; VariantName = "[No Variations]"
Add component (AddParameter): Name = "Terminal Pitch"; Value = ""; VariantName = "[No Variations]"
Add component (AddParameter): Name = "Termination"; Value = "SMD/SMT"; VariantName = "[No Variations]"
Add component (AddParameter): Name = "Thickness"; Value = "508um"; VariantName = "[No Variations]"
Add component (AddParameter): Name = "Tolerance"; Value = "5%"; VariantName = "[No Variations]"
Add component (AddParameter): Name = "Value"; Value = "1k"; VariantName = "[No Variations]"
Add component (AddParameter): Name = "Voltage Rating"; Value = "150V"; VariantName = "[No Variations]"
Add component (AddParameter): Name = "Voltage Rating (DC)"; Value = "150V"; VariantName = "[No Variations]"
Add component (AddParameter): Name = "Weight"; Value = ""; VariantName = "[No Variations]"
Add component (AddParameter): Name = "Width"; Value = "1.25mm"; VariantName = "[No Variations]"
Add component (AddParameter): Name = "Working Voltage"; Value = ""; VariantName = "[No Variations]"
Added Component: Designator=R803(R_3521)
Add component (AddParameter): Name = ".Creator"; Value = "DR"; VariantName = "[No Variations]"
Add component (AddParameter): Name = ".PCBcheck"; Value = ""; VariantName = "[No Variations]"
Add component (AddParameter): Name = ".SCHcheck"; Value = ""; VariantName = "[No Variations]"
Add component (AddParameter): Name = "Case Code (Metric)"; Value = "6432"; VariantName = "[No Variations]"
Add component (AddParameter): Name = "Case/Package"; Value = "2512"; VariantName = "[No Variations]"
Add component (AddParameter): Name = "Category"; Value = "Chip SMD Resistors"; VariantName = "[No Variations]"
Add component (AddParameter): Name = "Circuit Type"; Value = ""; VariantName = "[No Variations]"
Add component (AddParameter): Name = "Color"; Value = ""; VariantName = "[No Variations]"
Add component (AddParameter): Name = "ComponentLink1Description"; Value = "Datasheet"; VariantName = "[No Variations]"
Add component (AddParameter): Name = "ComponentLink1URL"; Value = "https://docs.rs-online.com/8bc1/0900766b81096b90.pdf"; VariantName = "[No Variations]"
Add component (AddParameter): Name = "ComponentLink2Description"; Value = "Where buy it"; VariantName = "[No Variations]"
Add component (AddParameter): Name = "ComponentLink2URL"; Value = "https://es.rs-online.com/web/p/resistencias-de-montaje-en-superficie/7551110"; VariantName = "[No Variations]"
Add component (AddParameter): Name = "ComponentLink3Description"; Value = "https://datasheet.ciiva.com/25610/0900766b81096b90-25610033.pdf?src-supplier=RSComponents"; VariantName = "[No Variations]"
Add component (AddParameter): Name = "ComponentLink3URL"; Value = "https://datasheet.ciiva.com/25610/0900766b81096b90-25610033.pdf?src-supplier=RSComponents"; VariantName = "[No Variations]"
Add component (AddParameter): Name = "ComponentLink4Description"; Value = "https://datasheet.ciiva.com/46391/1610601-46391493.pdf?src-supplier=Element14"; VariantName = "[No Variations]"
Add component (AddParameter): Name = "ComponentLink4URL"; Value = "https://datasheet.ciiva.com/46391/1610601-46391493.pdf?src-supplier=Element14"; VariantName = "[No Variations]"
Add component (AddParameter): Name = "ComponentLink5Description"; Value = "https://datasheet.ciiva.com/7657/1610601-7657542.pdf?src-supplier=Element14"; VariantName = "[No Variations]"
Add component (AddParameter): Name = "ComponentLink5URL"; Value = "https://datasheet.ciiva.com/7657/1610601-7657542.pdf?src-supplier=Element14"; VariantName = "[No Variations]"
Add component (AddParameter): Name = "Construction"; Value = ""; VariantName = "[No Variations]"
Add component (AddParameter): Name = "Contact Plating"; Value = ""; VariantName = "[No Variations]"
Add component (AddParameter): Name = "Current Rating"; Value = ""; VariantName = "[No Variations]"
Add component (AddParameter): Name = "Depth"; Value = "3.2mm"; VariantName = "[No Variations]"
Add component (AddParameter): Name = "Design Item ID"; Value = "R15-2512FTK"; VariantName = "[No Variations]"
Add component (AddParameter): Name = "ELV"; Value = "Compliant"; VariantName = "[No Variations]"
Add component (AddParameter): Name = "Features"; Value = "Automotive AEC-Q200"; VariantName = "[No Variations]"
Add component (AddParameter): Name = "Height"; Value = "0.55mm"; VariantName = "[No Variations]"
Add component (AddParameter): Name = "Insulation Resistance"; Value = ""; VariantName = "[No Variations]"
Add component (AddParameter): Name = "Lead Free"; Value = ""; VariantName = "[No Variations]"
Add component (AddParameter): Name = "Lead Length"; Value = ""; VariantName = "[No Variations]"
Add component (AddParameter): Name = "Length"; Value = "6.3mm"; VariantName = "[No Variations]"
Add component (AddParameter): Name = "Manufacturer"; Value = ""; VariantName = "[No Variations]"
Add component (AddParameter): Name = "Manufacturer 1"; Value = "TE Connectivity"; VariantName = "[No Variations]"
Add component (AddParameter): Name = "Manufacturer Part Number"; Value = ""; VariantName = "[No Variations]"
Add component (AddParameter): Name = "Manufacturer Part Number 1"; Value = "352115RFT"; VariantName = "[No Variations]"
Add component (AddParameter): Name = "Max Operating Temperature"; Value = "155°C"; VariantName = "[No Variations]"
Add component (AddParameter): Name = "Max Power Dissipation"; Value = "2W"; VariantName = "[No Variations]"
Add component (AddParameter): Name = "Military Standard"; Value = ""; VariantName = "[No Variations]"
Add component (AddParameter): Name = "Min Operating Temperature"; Value = "-55°C"; VariantName = "[No Variations]"
Add component (AddParameter): Name = "Mount"; Value = "Surface Mount"; VariantName = "[No Variations]"
Add component (AddParameter): Name = "Mounting Technology"; Value = ""; VariantName = "[No Variations]"
Add component (AddParameter): Name = "Number of Contacts"; Value = ""; VariantName = "[No Variations]"
Add component (AddParameter): Name = "Number of Elements"; Value = ""; VariantName = "[No Variations]"
Add component (AddParameter): Name = "Number of Resistors"; Value = "1"; VariantName = "[No Variations]"
Add component (AddParameter): Name = "Number of Terminals/Pins"; Value = ""; VariantName = "[No Variations]"
Add component (AddParameter): Name = "Number of Terminations"; Value = "2"; VariantName = "[No Variations]"
Add component (AddParameter): Name = "Number of Turns"; Value = ""; VariantName = "[No Variations]"
Add component (AddParameter): Name = "Package Quantity"; Value = ""; VariantName = "[No Variations]"
Add component (AddParameter): Name = "Package Shape"; Value = ""; VariantName = "[No Variations]"
Add component (AddParameter): Name = "Packaging"; Value = "Tape and Reel"; VariantName = "[No Variations]"
Add component (AddParameter): Name = "Pins"; Value = ""; VariantName = "[No Variations]"
Add component (AddParameter): Name = "Power"; Value = ""; VariantName = "[No Variations]"
Add component (AddParameter): Name = "Power Per Element"; Value = ""; VariantName = "[No Variations]"
Add component (AddParameter): Name = "Power Rating"; Value = ""; VariantName = "[No Variations]"
Add component (AddParameter): Name = "Pricing 1"; Value = "10=0,64300, 250=0,62200, 1000=0,60000, 2000=0,55400, 2500=0,52100 (USD)"; VariantName = "[No Variations]"
Add component (AddParameter): Name = "Radiation Hardening"; Value = ""; VariantName = "[No Variations]"
Add component (AddParameter): Name = "REACH SVHC"; Value = "No SVHC"; VariantName = "[No Variations]"
Add component (AddParameter): Name = "Resistance"; Value = ""; VariantName = "[No Variations]"
Add component (AddParameter): Name = "Resistance Tolerance"; Value = "1%"; VariantName = "[No Variations]"
Add component (AddParameter): Name = "Resistence"; Value = ""; VariantName = "[No Variations]"
Add component (AddParameter): Name = "Resistor Type"; Value = "Thick Film,Power resistor"; VariantName = "[No Variations]"
Add component (AddParameter): Name = "RoHS"; Value = "Yes"; VariantName = "[No Variations]"
Add component (AddParameter): Name = "RoHS Compliant"; Value = "Yes"; VariantName = "[No Variations]"
Add component (AddParameter): Name = "Series"; Value = "3521, CGS"; VariantName = "[No Variations]"
Add component (AddParameter): Name = "Size Code"; Value = ""; VariantName = "[No Variations]"
Add component (AddParameter): Name = "Source"; Value = "Passives.SchLib"; VariantName = "[No Variations]"
Add component (AddParameter): Name = "Stock 1"; Value = "1"; VariantName = "[No Variations]"
Add component (AddParameter): Name = "Taper"; Value = ""; VariantName = "[No Variations]"
Add component (AddParameter): Name = "Technology"; Value = "THICK FILM"; VariantName = "[No Variations]"
Add component (AddParameter): Name = "Temperature Coefficient"; Value = "100ppm/°C"; VariantName = "[No Variations]"
Add component (AddParameter): Name = "Terminal Finish"; Value = ""; VariantName = "[No Variations]"
Add component (AddParameter): Name = "Terminal Pitch"; Value = ""; VariantName = "[No Variations]"
Add component (AddParameter): Name = "Termination"; Value = "Solder"; VariantName = "[No Variations]"
Add component (AddParameter): Name = "Thickness"; Value = ""; VariantName = "[No Variations]"
Add component (AddParameter): Name = "Tolerance"; Value = "1%"; VariantName = "[No Variations]"
Add component (AddParameter): Name = "Value"; Value = "15"; VariantName = "[No Variations]"
Add component (AddParameter): Name = "Voltage Rating"; Value = "250V"; VariantName = "[No Variations]"
Add component (AddParameter): Name = "Voltage Rating (DC)"; Value = "250V"; VariantName = "[No Variations]"
Add component (AddParameter): Name = "Weight"; Value = ""; VariantName = "[No Variations]"
Add component (AddParameter): Name = "Width"; Value = ""; VariantName = "[No Variations]"
Add component (AddParameter): Name = "Working Voltage"; Value = ""; VariantName = "[No Variations]"
Added Component: Designator=R804(R_3521)
Add component (AddParameter): Name = ".Creator"; Value = "DR"; VariantName = "[No Variations]"
Add component (AddParameter): Name = ".PCBcheck"; Value = ""; VariantName = "[No Variations]"
Add component (AddParameter): Name = ".SCHcheck"; Value = ""; VariantName = "[No Variations]"
Add component (AddParameter): Name = "Case Code (Metric)"; Value = "6432"; VariantName = "[No Variations]"
Add component (AddParameter): Name = "Case/Package"; Value = "2512"; VariantName = "[No Variations]"
Add component (AddParameter): Name = "Category"; Value = "Chip SMD Resistors"; VariantName = "[No Variations]"
Add component (AddParameter): Name = "Circuit Type"; Value = ""; VariantName = "[No Variations]"
Add component (AddParameter): Name = "Color"; Value = ""; VariantName = "[No Variations]"
Add component (AddParameter): Name = "ComponentLink1Description"; Value = "Datasheet"; VariantName = "[No Variations]"
Add component (AddParameter): Name = "ComponentLink1URL"; Value = "https://docs.rs-online.com/8bc1/0900766b81096b90.pdf"; VariantName = "[No Variations]"
Add component (AddParameter): Name = "ComponentLink2Description"; Value = "Where buy it"; VariantName = "[No Variations]"
Add component (AddParameter): Name = "ComponentLink2URL"; Value = "https://es.rs-online.com/web/p/resistencias-de-montaje-en-superficie/7551110"; VariantName = "[No Variations]"
Add component (AddParameter): Name = "ComponentLink3Description"; Value = "https://datasheet.ciiva.com/25610/0900766b81096b90-25610033.pdf?src-supplier=RSComponents"; VariantName = "[No Variations]"
Add component (AddParameter): Name = "ComponentLink3URL"; Value = "https://datasheet.ciiva.com/25610/0900766b81096b90-25610033.pdf?src-supplier=RSComponents"; VariantName = "[No Variations]"
Add component (AddParameter): Name = "ComponentLink4Description"; Value = "https://datasheet.ciiva.com/46391/1610601-46391493.pdf?src-supplier=Element14"; VariantName = "[No Variations]"
Add component (AddParameter): Name = "ComponentLink4URL"; Value = "https://datasheet.ciiva.com/46391/1610601-46391493.pdf?src-supplier=Element14"; VariantName = "[No Variations]"
Add component (AddParameter): Name = "ComponentLink5Description"; Value = "https://datasheet.ciiva.com/7657/1610601-7657542.pdf?src-supplier=Element14"; VariantName = "[No Variations]"
Add component (AddParameter): Name = "ComponentLink5URL"; Value = "https://datasheet.ciiva.com/7657/1610601-7657542.pdf?src-supplier=Element14"; VariantName = "[No Variations]"
Add component (AddParameter): Name = "Construction"; Value = ""; VariantName = "[No Variations]"
Add component (AddParameter): Name = "Contact Plating"; Value = ""; VariantName = "[No Variations]"
Add component (AddParameter): Name = "Current Rating"; Value = ""; VariantName = "[No Variations]"
Add component (AddParameter): Name = "Depth"; Value = "3.2mm"; VariantName = "[No Variations]"
Add component (AddParameter): Name = "Design Item ID"; Value = "R15-2512FTK"; VariantName = "[No Variations]"
Add component (AddParameter): Name = "ELV"; Value = "Compliant"; VariantName = "[No Variations]"
Add component (AddParameter): Name = "Features"; Value = "Automotive AEC-Q200"; VariantName = "[No Variations]"
Add component (AddParameter): Name = "Height"; Value = "0.55mm"; VariantName = "[No Variations]"
Add component (AddParameter): Name = "Insulation Resistance"; Value = ""; VariantName = "[No Variations]"
Add component (AddParameter): Name = "Lead Free"; Value = ""; VariantName = "[No Variations]"
Add component (AddParameter): Name = "Lead Length"; Value = ""; VariantName = "[No Variations]"
Add component (AddParameter): Name = "Length"; Value = "6.3mm"; VariantName = "[No Variations]"
Add component (AddParameter): Name = "Manufacturer"; Value = ""; VariantName = "[No Variations]"
Add component (AddParameter): Name = "Manufacturer 1"; Value = "TE Connectivity"; VariantName = "[No Variations]"
Add component (AddParameter): Name = "Manufacturer Part Number"; Value = ""; VariantName = "[No Variations]"
Add component (AddParameter): Name = "Manufacturer Part Number 1"; Value = "352115RFT"; VariantName = "[No Variations]"
Add component (AddParameter): Name = "Max Operating Temperature"; Value = "155°C"; VariantName = "[No Variations]"
Add component (AddParameter): Name = "Max Power Dissipation"; Value = "2W"; VariantName = "[No Variations]"
Add component (AddParameter): Name = "Military Standard"; Value = ""; VariantName = "[No Variations]"
Add component (AddParameter): Name = "Min Operating Temperature"; Value = "-55°C"; VariantName = "[No Variations]"
Add component (AddParameter): Name = "Mount"; Value = "Surface Mount"; VariantName = "[No Variations]"
Add component (AddParameter): Name = "Mounting Technology"; Value = ""; VariantName = "[No Variations]"
Add component (AddParameter): Name = "Number of Contacts"; Value = ""; VariantName = "[No Variations]"
Add component (AddParameter): Name = "Number of Elements"; Value = ""; VariantName = "[No Variations]"
Add component (AddParameter): Name = "Number of Resistors"; Value = "1"; VariantName = "[No Variations]"
Add component (AddParameter): Name = "Number of Terminals/Pins"; Value = ""; VariantName = "[No Variations]"
Add component (AddParameter): Name = "Number of Terminations"; Value = "2"; VariantName = "[No Variations]"
Add component (AddParameter): Name = "Number of Turns"; Value = ""; VariantName = "[No Variations]"
Add component (AddParameter): Name = "Package Quantity"; Value = ""; VariantName = "[No Variations]"
Add component (AddParameter): Name = "Package Shape"; Value = ""; VariantName = "[No Variations]"
Add component (AddParameter): Name = "Packaging"; Value = "Tape and Reel"; VariantName = "[No Variations]"
Add component (AddParameter): Name = "Pins"; Value = ""; VariantName = "[No Variations]"
Add component (AddParameter): Name = "Power"; Value = ""; VariantName = "[No Variations]"
Add component (AddParameter): Name = "Power Per Element"; Value = ""; VariantName = "[No Variations]"
Add component (AddParameter): Name = "Power Rating"; Value = ""; VariantName = "[No Variations]"
Add component (AddParameter): Name = "Pricing 1"; Value = "10=0,64300, 250=0,62200, 1000=0,60000, 2000=0,55400, 2500=0,52100 (USD)"; VariantName = "[No Variations]"
Add component (AddParameter): Name = "Radiation Hardening"; Value = ""; VariantName = "[No Variations]"
Add component (AddParameter): Name = "REACH SVHC"; Value = "No SVHC"; VariantName = "[No Variations]"
Add component (AddParameter): Name = "Resistance"; Value = ""; VariantName = "[No Variations]"
Add component (AddParameter): Name = "Resistance Tolerance"; Value = "1%"; VariantName = "[No Variations]"
Add component (AddParameter): Name = "Resistence"; Value = ""; VariantName = "[No Variations]"
Add component (AddParameter): Name = "Resistor Type"; Value = "Thick Film,Power resistor"; VariantName = "[No Variations]"
Add component (AddParameter): Name = "RoHS"; Value = "Yes"; VariantName = "[No Variations]"
Add component (AddParameter): Name = "RoHS Compliant"; Value = "Yes"; VariantName = "[No Variations]"
Add component (AddParameter): Name = "Series"; Value = "3521, CGS"; VariantName = "[No Variations]"
Add component (AddParameter): Name = "Size Code"; Value = ""; VariantName = "[No Variations]"
Add component (AddParameter): Name = "Source"; Value = "Passives.SchLib"; VariantName = "[No Variations]"
Add component (AddParameter): Name = "Stock 1"; Value = "1"; VariantName = "[No Variations]"
Add component (AddParameter): Name = "Taper"; Value = ""; VariantName = "[No Variations]"
Add component (AddParameter): Name = "Technology"; Value = "THICK FILM"; VariantName = "[No Variations]"
Add component (AddParameter): Name = "Temperature Coefficient"; Value = "100ppm/°C"; VariantName = "[No Variations]"
Add component (AddParameter): Name = "Terminal Finish"; Value = ""; VariantName = "[No Variations]"
Add component (AddParameter): Name = "Terminal Pitch"; Value = ""; VariantName = "[No Variations]"
Add component (AddParameter): Name = "Termination"; Value = "Solder"; VariantName = "[No Variations]"
Add component (AddParameter): Name = "Thickness"; Value = ""; VariantName = "[No Variations]"
Add component (AddParameter): Name = "Tolerance"; Value = "1%"; VariantName = "[No Variations]"
Add component (AddParameter): Name = "Value"; Value = "15"; VariantName = "[No Variations]"
Add component (AddParameter): Name = "Voltage Rating"; Value = "250V"; VariantName = "[No Variations]"
Add component (AddParameter): Name = "Voltage Rating (DC)"; Value = "250V"; VariantName = "[No Variations]"
Add component (AddParameter): Name = "Weight"; Value = ""; VariantName = "[No Variations]"
Add component (AddParameter): Name = "Width"; Value = ""; VariantName = "[No Variations]"
Add component (AddParameter): Name = "Working Voltage"; Value = ""; VariantName = "[No Variations]"
Added Component: Designator=U1(WPME-FDSM_SIP-3_L11.6W8H10.4)
Add component (AddParameter): Name = "Case/Package"; Value = ""; VariantName = "[No Variations]"
Add component (AddParameter): Name = "Connector Type"; Value = ""; VariantName = "[No Variations]"
Add component (AddParameter): Name = "Dropout Voltage"; Value = ""; VariantName = "[No Variations]"
Add component (AddParameter): Name = "Frequency"; Value = ""; VariantName = "[No Variations]"
Add component (AddParameter): Name = "Gender"; Value = ""; VariantName = "[No Variations]"
Add component (AddParameter): Name = "Max Current Rating"; Value = ""; VariantName = "[No Variations]"
Add component (AddParameter): Name = "Max Operating Temperature"; Value = ""; VariantName = "[No Variations]"
Add component (AddParameter): Name = "Max Power Dissipation"; Value = ""; VariantName = "[No Variations]"
Add component (AddParameter): Name = "Max Supply Voltage"; Value = ""; VariantName = "[No Variations]"
Add component (AddParameter): Name = "Min Operating Temperature"; Value = ""; VariantName = "[No Variations]"
Add component (AddParameter): Name = "Min Supply Voltage"; Value = ""; VariantName = "[No Variations]"
Add component (AddParameter): Name = "Mounting Technology"; Value = ""; VariantName = "[No Variations]"
Add component (AddParameter): Name = "Nominal Supply Current"; Value = ""; VariantName = "[No Variations]"
Add component (AddParameter): Name = "Output Current"; Value = ""; VariantName = "[No Variations]"
Add component (AddParameter): Name = "Output Voltage"; Value = ""; VariantName = "[No Variations]"
Add component (AddParameter): Name = "Pins"; Value = ""; VariantName = "[No Variations]"
Add component (AddParameter): Name = "RoHS Compliant"; Value = "Yes"; VariantName = "[No Variations]"
Add component (AddParameter): Name = "Voltage Rating"; Value = ""; VariantName = "[No Variations]"
Added Component: Designator=U101(D0014A_N)
Add component (AddParameter): Name = "Case/Package"; Value = "SOP"; VariantName = "[No Variations]"
Add component (AddParameter): Name = "Channels"; Value = "3"; VariantName = "[No Variations]"
Add component (AddParameter): Name = "Connector Type"; Value = ""; VariantName = "[No Variations]"
Add component (AddParameter): Name = "Gender"; Value = ""; VariantName = "[No Variations]"
Add component (AddParameter): Name = "Height - Seated (Max)"; Value = "1.75mm"; VariantName = "[No Variations]"
Add component (AddParameter): Name = "JESD-30 Code"; Value = "R-PDSO-G14"; VariantName = "[No Variations]"
Add component (AddParameter): Name = "JESD-609 Code"; Value = "e4"; VariantName = "[No Variations]"
Add component (AddParameter): Name = "Length"; Value = "8.65mm"; VariantName = "[No Variations]"
Add component (AddParameter): Name = "Load Capacitance (CL)"; Value = "50pF"; VariantName = "[No Variations]"
Add component (AddParameter): Name = "Load/Preset Input"; Value = "Yes"; VariantName = "[No Variations]"
Add component (AddParameter): Name = "Logic Type"; Value = "AND GATE"; VariantName = "[No Variations]"
Add component (AddParameter): Name = "Max Current Rating"; Value = ""; VariantName = "[No Variations]"
Add component (AddParameter): Name = "Max Operating Temperature"; Value = "125°C"; VariantName = "[No Variations]"
Add component (AddParameter): Name = "Max Supply Voltage"; Value = "18V"; VariantName = "[No Variations]"
Add component (AddParameter): Name = "Min Operating Temperature"; Value = "-55°C"; VariantName = "[No Variations]"
Add component (AddParameter): Name = "Min Supply Voltage"; Value = "3V"; VariantName = "[No Variations]"
Add component (AddParameter): Name = "Moisture Sensitivity Level"; Value = "1"; VariantName = "[No Variations]"
Add component (AddParameter): Name = "Mounting Technology"; Value = ""; VariantName = "[No Variations]"
Add component (AddParameter): Name = "Nominal Supply Voltage"; Value = "5V"; VariantName = "[No Variations]"
Add component (AddParameter): Name = "Number of Inputs"; Value = "3"; VariantName = "[No Variations]"
Add component (AddParameter): Name = "Package Body Material"; Value = "Plastic"; VariantName = "[No Variations]"
Add component (AddParameter): Name = "Package Equivalence Code"; Value = "SOP14,.25"; VariantName = "[No Variations]"
Add component (AddParameter): Name = "Package Shape"; Value = "Rectangular"; VariantName = "[No Variations]"
Add component (AddParameter): Name = "Package Style"; Value = "SMALL OUTLINEMeter"; VariantName = "[No Variations]"
Add component (AddParameter): Name = "Packaging"; Value = "Rail/Tube"; VariantName = "[No Variations]"
Add component (AddParameter): Name = "Peak Reflow Temperature (Cel)"; Value = "260°C"; VariantName = "[No Variations]"
Add component (AddParameter): Name = "Pins"; Value = "14"; VariantName = "[No Variations]"
Add component (AddParameter): Name = "Power Supplies"; Value = "5/15V"; VariantName = "[No Variations]"
Add component (AddParameter): Name = "Prop. Delay@Nom-Sup"; Value = "250ns"; VariantName = "[No Variations]"
Add component (AddParameter): Name = "Propagation Delay (tpd)"; Value = "250ns"; VariantName = "[No Variations]"
Add component (AddParameter): Name = "Qualification Status"; Value = "Not Qualified"; VariantName = "[No Variations]"
Add component (AddParameter): Name = "Reach SVHC Compliant"; Value = "Yes"; VariantName = "[No Variations]"
Add component (AddParameter): Name = "RoHS Compliant"; Value = "Yes"; VariantName = "[No Variations]"
Add component (AddParameter): Name = "Schmitt Trigger"; Value = "No"; VariantName = "[No Variations]"
Add component (AddParameter): Name = "Surface Mount"; Value = "Yes"; VariantName = "[No Variations]"
Add component (AddParameter): Name = "Technology"; Value = "CMOS"; VariantName = "[No Variations]"
Add component (AddParameter): Name = "Temperature Grade"; Value = "MILITARY"; VariantName = "[No Variations]"
Add component (AddParameter): Name = "Terminal Finish"; Value = "Nickel"; VariantName = "[No Variations]"
Add component (AddParameter): Name = "Terminal Form"; Value = "Gull Wing"; VariantName = "[No Variations]"
Add component (AddParameter): Name = "Terminal Pitch"; Value = "1.27mm"; VariantName = "[No Variations]"
Add component (AddParameter): Name = "Terminal Position"; Value = "DUAL"; VariantName = "[No Variations]"
Add component (AddParameter): Name = "Voltage Rating"; Value = ""; VariantName = "[No Variations]"
Add component (AddParameter): Name = "Width"; Value = "3.9mm"; VariantName = "[No Variations]"
Added Component: Designator=U201(D0014A_N)
Add component (AddParameter): Name = "Case/Package"; Value = "SOP"; VariantName = "[No Variations]"
Add component (AddParameter): Name = "Channels"; Value = "2"; VariantName = "[No Variations]"
Add component (AddParameter): Name = "Connector Type"; Value = ""; VariantName = "[No Variations]"
Add component (AddParameter): Name = "Gender"; Value = ""; VariantName = "[No Variations]"
Add component (AddParameter): Name = "Height - Seated (Max)"; Value = "1.75mm"; VariantName = "[No Variations]"
Add component (AddParameter): Name = "JESD-30 Code"; Value = "R-PDSO-G14"; VariantName = "[No Variations]"
Add component (AddParameter): Name = "JESD-609 Code"; Value = "e4"; VariantName = "[No Variations]"
Add component (AddParameter): Name = "Length"; Value = "8.65mm"; VariantName = "[No Variations]"
Add component (AddParameter): Name = "Load Capacitance (CL)"; Value = "50pF"; VariantName = "[No Variations]"
Add component (AddParameter): Name = "Logic Type"; Value = "OR GATE"; VariantName = "[No Variations]"
Add component (AddParameter): Name = "Max Current Rating"; Value = ""; VariantName = "[No Variations]"
Add component (AddParameter): Name = "Max Operating Temperature"; Value = "125°C"; VariantName = "[No Variations]"
Add component (AddParameter): Name = "Max Supply Voltage"; Value = "18V"; VariantName = "[No Variations]"
Add component (AddParameter): Name = "Min Operating Temperature"; Value = "-55°C"; VariantName = "[No Variations]"
Add component (AddParameter): Name = "Min Supply Voltage"; Value = "3V"; VariantName = "[No Variations]"
Add component (AddParameter): Name = "Moisture Sensitivity Level"; Value = "1"; VariantName = "[No Variations]"
Add component (AddParameter): Name = "Mounting Technology"; Value = ""; VariantName = "[No Variations]"
Add component (AddParameter): Name = "Nominal Supply Voltage"; Value = "5V"; VariantName = "[No Variations]"
Add component (AddParameter): Name = "Number of Inputs"; Value = "4"; VariantName = "[No Variations]"
Add component (AddParameter): Name = "Output Characteristics"; Value = "OPEN-COLLECTOR"; VariantName = "[No Variations]"
Add component (AddParameter): Name = "Package Body Material"; Value = "Plastic"; VariantName = "[No Variations]"
Add component (AddParameter): Name = "Package Equivalence Code"; Value = "SOP14,.25"; VariantName = "[No Variations]"
Add component (AddParameter): Name = "Package Shape"; Value = "Rectangular"; VariantName = "[No Variations]"
Add component (AddParameter): Name = "Package Style"; Value = "SMALL OUTLINEMeter"; VariantName = "[No Variations]"
Add component (AddParameter): Name = "Packaging"; Value = "Rail/Tube"; VariantName = "[No Variations]"
Add component (AddParameter): Name = "Peak Reflow Temperature (Cel)"; Value = "260°C"; VariantName = "[No Variations]"
Add component (AddParameter): Name = "Pins"; Value = "14"; VariantName = "[No Variations]"
Add component (AddParameter): Name = "Power Supplies"; Value = "5/15V"; VariantName = "[No Variations]"
Add component (AddParameter): Name = "Prop. Delay@Nom-Sup"; Value = "250ns"; VariantName = "[No Variations]"
Add component (AddParameter): Name = "Propagation Delay (tpd)"; Value = "250ns"; VariantName = "[No Variations]"
Add component (AddParameter): Name = "Qualification Status"; Value = "Not Qualified"; VariantName = "[No Variations]"
Add component (AddParameter): Name = "Reach SVHC Compliant"; Value = "Yes"; VariantName = "[No Variations]"
Add component (AddParameter): Name = "RoHS Compliant"; Value = "Yes"; VariantName = "[No Variations]"
Add component (AddParameter): Name = "Schmitt Trigger"; Value = "No"; VariantName = "[No Variations]"
Add component (AddParameter): Name = "Surface Mount"; Value = "Yes"; VariantName = "[No Variations]"
Add component (AddParameter): Name = "Technology"; Value = "CMOS"; VariantName = "[No Variations]"
Add component (AddParameter): Name = "Temperature Grade"; Value = "MILITARY"; VariantName = "[No Variations]"
Add component (AddParameter): Name = "Terminal Finish"; Value = "Nickel"; VariantName = "[No Variations]"
Add component (AddParameter): Name = "Terminal Form"; Value = "Gull Wing"; VariantName = "[No Variations]"
Add component (AddParameter): Name = "Terminal Pitch"; Value = "1.27mm"; VariantName = "[No Variations]"
Add component (AddParameter): Name = "Terminal Position"; Value = "DUAL"; VariantName = "[No Variations]"
Add component (AddParameter): Name = "Voltage Rating"; Value = ""; VariantName = "[No Variations]"
Add component (AddParameter): Name = "Width"; Value = "3.9mm"; VariantName = "[No Variations]"
Added Component: Designator=U202(D0014A_N)
Add component (AddParameter): Name = "Case/Package"; Value = "SOP"; VariantName = "[No Variations]"
Add component (AddParameter): Name = "Channels"; Value = "4"; VariantName = "[No Variations]"
Add component (AddParameter): Name = "Connector Type"; Value = ""; VariantName = "[No Variations]"
Add component (AddParameter): Name = "Gender"; Value = ""; VariantName = "[No Variations]"
Add component (AddParameter): Name = "Height - Seated (Max)"; Value = "1.75mm"; VariantName = "[No Variations]"
Add component (AddParameter): Name = "JESD-30 Code"; Value = "R-PDSO-G14"; VariantName = "[No Variations]"
Add component (AddParameter): Name = "JESD-609 Code"; Value = "e4"; VariantName = "[No Variations]"
Add component (AddParameter): Name = "Length"; Value = "8.65mm"; VariantName = "[No Variations]"
Add component (AddParameter): Name = "Load Capacitance (CL)"; Value = "50pF"; VariantName = "[No Variations]"
Add component (AddParameter): Name = "Load/Preset Input"; Value = "Yes"; VariantName = "[No Variations]"
Add component (AddParameter): Name = "Logic Type"; Value = "NAND GATE"; VariantName = "[No Variations]"
Add component (AddParameter): Name = "Max Current Rating"; Value = ""; VariantName = "[No Variations]"
Add component (AddParameter): Name = "Max Operating Temperature"; Value = "125°C"; VariantName = "[No Variations]"
Add component (AddParameter): Name = "Max Supply Voltage"; Value = "18V"; VariantName = "[No Variations]"
Add component (AddParameter): Name = "Min Operating Temperature"; Value = "-55°C"; VariantName = "[No Variations]"
Add component (AddParameter): Name = "Min Supply Voltage"; Value = "3V"; VariantName = "[No Variations]"
Add component (AddParameter): Name = "Moisture Sensitivity Level"; Value = "1"; VariantName = "[No Variations]"
Add component (AddParameter): Name = "Mounting Technology"; Value = ""; VariantName = "[No Variations]"
Add component (AddParameter): Name = "Nominal Supply Voltage"; Value = "5V"; VariantName = "[No Variations]"
Add component (AddParameter): Name = "Number of Inputs"; Value = "2"; VariantName = "[No Variations]"
Add component (AddParameter): Name = "Package Body Material"; Value = "Plastic"; VariantName = "[No Variations]"
Add component (AddParameter): Name = "Package Equivalence Code"; Value = "SOP14,.25"; VariantName = "[No Variations]"
Add component (AddParameter): Name = "Package Shape"; Value = "Rectangular"; VariantName = "[No Variations]"
Add component (AddParameter): Name = "Package Style"; Value = "SMALL OUTLINEMeter"; VariantName = "[No Variations]"
Add component (AddParameter): Name = "Packaging"; Value = "Tape and Reel"; VariantName = "[No Variations]"
Add component (AddParameter): Name = "Peak Reflow Temperature (Cel)"; Value = "260°C"; VariantName = "[No Variations]"
Add component (AddParameter): Name = "Pins"; Value = "14"; VariantName = "[No Variations]"
Add component (AddParameter): Name = "Power Supplies"; Value = "5/15V"; VariantName = "[No Variations]"
Add component (AddParameter): Name = "Prop. Delay@Nom-Sup"; Value = "250ns"; VariantName = "[No Variations]"
Add component (AddParameter): Name = "Propagation Delay (tpd)"; Value = "250ns"; VariantName = "[No Variations]"
Add component (AddParameter): Name = "Qualification Status"; Value = "Not Qualified"; VariantName = "[No Variations]"
Add component (AddParameter): Name = "Reach SVHC Compliant"; Value = "Yes"; VariantName = "[No Variations]"
Add component (AddParameter): Name = "RoHS Compliant"; Value = "Yes"; VariantName = "[No Variations]"
Add component (AddParameter): Name = "Schmitt Trigger"; Value = "No"; VariantName = "[No Variations]"
Add component (AddParameter): Name = "Surface Mount"; Value = "Yes"; VariantName = "[No Variations]"
Add component (AddParameter): Name = "Technology"; Value = "CMOS"; VariantName = "[No Variations]"
Add component (AddParameter): Name = "Temperature Grade"; Value = "MILITARY"; VariantName = "[No Variations]"
Add component (AddParameter): Name = "Terminal Finish"; Value = "Nickel"; VariantName = "[No Variations]"
Add component (AddParameter): Name = "Terminal Form"; Value = "Gull Wing"; VariantName = "[No Variations]"
Add component (AddParameter): Name = "Terminal Pitch"; Value = "1.27mm"; VariantName = "[No Variations]"
Add component (AddParameter): Name = "Terminal Position"; Value = "DUAL"; VariantName = "[No Variations]"
Add component (AddParameter): Name = "Voltage Rating"; Value = ""; VariantName = "[No Variations]"
Add component (AddParameter): Name = "Width"; Value = "3.9mm"; VariantName = "[No Variations]"
Added Component: Designator=U301(D0014A_N)
Add component (AddParameter): Name = "Case/Package"; Value = "SOP"; VariantName = "[No Variations]"
Add component (AddParameter): Name = "Channels"; Value = "4"; VariantName = "[No Variations]"
Add component (AddParameter): Name = "Connector Type"; Value = ""; VariantName = "[No Variations]"
Add component (AddParameter): Name = "Gender"; Value = ""; VariantName = "[No Variations]"
Add component (AddParameter): Name = "Height - Seated (Max)"; Value = "1.75mm"; VariantName = "[No Variations]"
Add component (AddParameter): Name = "JESD-30 Code"; Value = "R-PDSO-G14"; VariantName = "[No Variations]"
Add component (AddParameter): Name = "JESD-609 Code"; Value = "e4"; VariantName = "[No Variations]"
Add component (AddParameter): Name = "Length"; Value = "8.65mm"; VariantName = "[No Variations]"
Add component (AddParameter): Name = "Load Capacitance (CL)"; Value = "50pF"; VariantName = "[No Variations]"
Add component (AddParameter): Name = "Logic Type"; Value = "XOR GATE"; VariantName = "[No Variations]"
Add component (AddParameter): Name = "Max Current Rating"; Value = ""; VariantName = "[No Variations]"
Add component (AddParameter): Name = "Max Operating Temperature"; Value = "125°C"; VariantName = "[No Variations]"
Add component (AddParameter): Name = "Max Supply Voltage"; Value = "18V"; VariantName = "[No Variations]"
Add component (AddParameter): Name = "Min Operating Temperature"; Value = "-55°C"; VariantName = "[No Variations]"
Add component (AddParameter): Name = "Min Supply Voltage"; Value = "3V"; VariantName = "[No Variations]"
Add component (AddParameter): Name = "Moisture Sensitivity Level"; Value = "1"; VariantName = "[No Variations]"
Add component (AddParameter): Name = "Mounting Technology"; Value = ""; VariantName = "[No Variations]"
Add component (AddParameter): Name = "Nominal Supply Voltage"; Value = "5V"; VariantName = "[No Variations]"
Add component (AddParameter): Name = "Number of Inputs"; Value = "2"; VariantName = "[No Variations]"
Add component (AddParameter): Name = "Package Body Material"; Value = "Plastic"; VariantName = "[No Variations]"
Add component (AddParameter): Name = "Package Equivalence Code"; Value = "SOP14,.25"; VariantName = "[No Variations]"
Add component (AddParameter): Name = "Package Shape"; Value = "Rectangular"; VariantName = "[No Variations]"
Add component (AddParameter): Name = "Package Style"; Value = "SMALL OUTLINEMeter"; VariantName = "[No Variations]"
Add component (AddParameter): Name = "Packaging"; Value = "Tape and Reel"; VariantName = "[No Variations]"
Add component (AddParameter): Name = "Peak Reflow Temperature (Cel)"; Value = "260°C"; VariantName = "[No Variations]"
Add component (AddParameter): Name = "Pins"; Value = "14"; VariantName = "[No Variations]"
Add component (AddParameter): Name = "Power Supplies"; Value = "5/15V"; VariantName = "[No Variations]"
Add component (AddParameter): Name = "Prop. Delay@Nom-Sup"; Value = "280ns"; VariantName = "[No Variations]"
Add component (AddParameter): Name = "Propagation Delay (tpd)"; Value = "280ns"; VariantName = "[No Variations]"
Add component (AddParameter): Name = "Qualification Status"; Value = "Not Qualified"; VariantName = "[No Variations]"
Add component (AddParameter): Name = "Reach SVHC Compliant"; Value = "Yes"; VariantName = "[No Variations]"
Add component (AddParameter): Name = "RoHS Compliant"; Value = "Yes"; VariantName = "[No Variations]"
Add component (AddParameter): Name = "Schmitt Trigger"; Value = "No"; VariantName = "[No Variations]"
Add component (AddParameter): Name = "Surface Mount"; Value = "Yes"; VariantName = "[No Variations]"
Add component (AddParameter): Name = "Technology"; Value = "CMOS"; VariantName = "[No Variations]"
Add component (AddParameter): Name = "Temperature Grade"; Value = "MILITARY"; VariantName = "[No Variations]"
Add component (AddParameter): Name = "Terminal Finish"; Value = "Nickel"; VariantName = "[No Variations]"
Add component (AddParameter): Name = "Terminal Form"; Value = "Gull Wing"; VariantName = "[No Variations]"
Add component (AddParameter): Name = "Terminal Pitch"; Value = "1.27mm"; VariantName = "[No Variations]"
Add component (AddParameter): Name = "Terminal Position"; Value = "DUAL"; VariantName = "[No Variations]"
Add component (AddParameter): Name = "Voltage Rating"; Value = ""; VariantName = "[No Variations]"
Add component (AddParameter): Name = "Width"; Value = "3.9mm"; VariantName = "[No Variations]"
Added Component: Designator=U302(D0014A_N)
Add component (AddParameter): Name = "Case/Package"; Value = "SOP"; VariantName = "[No Variations]"
Add component (AddParameter): Name = "Channels"; Value = "3"; VariantName = "[No Variations]"
Add component (AddParameter): Name = "Connector Type"; Value = ""; VariantName = "[No Variations]"
Add component (AddParameter): Name = "Gender"; Value = ""; VariantName = "[No Variations]"
Add component (AddParameter): Name = "Height - Seated (Max)"; Value = "1.75mm"; VariantName = "[No Variations]"
Add component (AddParameter): Name = "JESD-30 Code"; Value = "R-PDSO-G14"; VariantName = "[No Variations]"
Add component (AddParameter): Name = "JESD-609 Code"; Value = "e4"; VariantName = "[No Variations]"
Add component (AddParameter): Name = "Length"; Value = "8.65mm"; VariantName = "[No Variations]"
Add component (AddParameter): Name = "Load Capacitance (CL)"; Value = "50pF"; VariantName = "[No Variations]"
Add component (AddParameter): Name = "Load/Preset Input"; Value = "Yes"; VariantName = "[No Variations]"
Add component (AddParameter): Name = "Logic Type"; Value = "AND GATE"; VariantName = "[No Variations]"
Add component (AddParameter): Name = "Max Current Rating"; Value = ""; VariantName = "[No Variations]"
Add component (AddParameter): Name = "Max Operating Temperature"; Value = "125°C"; VariantName = "[No Variations]"
Add component (AddParameter): Name = "Max Supply Voltage"; Value = "18V"; VariantName = "[No Variations]"
Add component (AddParameter): Name = "Min Operating Temperature"; Value = "-55°C"; VariantName = "[No Variations]"
Add component (AddParameter): Name = "Min Supply Voltage"; Value = "3V"; VariantName = "[No Variations]"
Add component (AddParameter): Name = "Moisture Sensitivity Level"; Value = "1"; VariantName = "[No Variations]"
Add component (AddParameter): Name = "Mounting Technology"; Value = ""; VariantName = "[No Variations]"
Add component (AddParameter): Name = "Nominal Supply Voltage"; Value = "5V"; VariantName = "[No Variations]"
Add component (AddParameter): Name = "Number of Inputs"; Value = "3"; VariantName = "[No Variations]"
Add component (AddParameter): Name = "Package Body Material"; Value = "Plastic"; VariantName = "[No Variations]"
Add component (AddParameter): Name = "Package Equivalence Code"; Value = "SOP14,.25"; VariantName = "[No Variations]"
Add component (AddParameter): Name = "Package Shape"; Value = "Rectangular"; VariantName = "[No Variations]"
Add component (AddParameter): Name = "Package Style"; Value = "SMALL OUTLINEMeter"; VariantName = "[No Variations]"
Add component (AddParameter): Name = "Packaging"; Value = "Rail/Tube"; VariantName = "[No Variations]"
Add component (AddParameter): Name = "Peak Reflow Temperature (Cel)"; Value = "260°C"; VariantName = "[No Variations]"
Add component (AddParameter): Name = "Pins"; Value = "14"; VariantName = "[No Variations]"
Add component (AddParameter): Name = "Power Supplies"; Value = "5/15V"; VariantName = "[No Variations]"
Add component (AddParameter): Name = "Prop. Delay@Nom-Sup"; Value = "250ns"; VariantName = "[No Variations]"
Add component (AddParameter): Name = "Propagation Delay (tpd)"; Value = "250ns"; VariantName = "[No Variations]"
Add component (AddParameter): Name = "Qualification Status"; Value = "Not Qualified"; VariantName = "[No Variations]"
Add component (AddParameter): Name = "Reach SVHC Compliant"; Value = "Yes"; VariantName = "[No Variations]"
Add component (AddParameter): Name = "RoHS Compliant"; Value = "Yes"; VariantName = "[No Variations]"
Add component (AddParameter): Name = "Schmitt Trigger"; Value = "No"; VariantName = "[No Variations]"
Add component (AddParameter): Name = "Surface Mount"; Value = "Yes"; VariantName = "[No Variations]"
Add component (AddParameter): Name = "Technology"; Value = "CMOS"; VariantName = "[No Variations]"
Add component (AddParameter): Name = "Temperature Grade"; Value = "MILITARY"; VariantName = "[No Variations]"
Add component (AddParameter): Name = "Terminal Finish"; Value = "Nickel"; VariantName = "[No Variations]"
Add component (AddParameter): Name = "Terminal Form"; Value = "Gull Wing"; VariantName = "[No Variations]"
Add component (AddParameter): Name = "Terminal Pitch"; Value = "1.27mm"; VariantName = "[No Variations]"
Add component (AddParameter): Name = "Terminal Position"; Value = "DUAL"; VariantName = "[No Variations]"
Add component (AddParameter): Name = "Voltage Rating"; Value = ""; VariantName = "[No Variations]"
Add component (AddParameter): Name = "Width"; Value = "3.9mm"; VariantName = "[No Variations]"
Added Component: Designator=U401(D0014A_N)
Add component (AddParameter): Name = "Case/Package"; Value = "DIP"; VariantName = "[No Variations]"
Add component (AddParameter): Name = "Channels"; Value = "3"; VariantName = "[No Variations]"
Add component (AddParameter): Name = "Connector Type"; Value = ""; VariantName = "[No Variations]"
Add component (AddParameter): Name = "Gender"; Value = ""; VariantName = "[No Variations]"
Add component (AddParameter): Name = "Height - Seated (Max)"; Value = "5.08mm"; VariantName = "[No Variations]"
Add component (AddParameter): Name = "Logic Type"; Value = "NAND GATE"; VariantName = "[No Variations]"
Add component (AddParameter): Name = "Max Current Rating"; Value = ""; VariantName = "[No Variations]"
Add component (AddParameter): Name = "Max Operating Temperature"; Value = "125°C"; VariantName = "[No Variations]"
Add component (AddParameter): Name = "Max Supply Voltage"; Value = "15V"; VariantName = "[No Variations]"
Add component (AddParameter): Name = "Min Operating Temperature"; Value = "-55°C"; VariantName = "[No Variations]"
Add component (AddParameter): Name = "Min Supply Voltage"; Value = "5V"; VariantName = "[No Variations]"
Add component (AddParameter): Name = "Mounting Technology"; Value = ""; VariantName = "[No Variations]"
Add component (AddParameter): Name = "Nominal Supply Voltage"; Value = "10V"; VariantName = "[No Variations]"
Add component (AddParameter): Name = "Number of Inputs"; Value = "3"; VariantName = "[No Variations]"
Add component (AddParameter): Name = "Package Body Material"; Value = "Metal"; VariantName = "[No Variations]"
Add component (AddParameter): Name = "Package Shape"; Value = "Rectangular"; VariantName = "[No Variations]"
Add component (AddParameter): Name = "Package Style"; Value = "IN-LINEMeter"; VariantName = "[No Variations]"
Add component (AddParameter): Name = "Pins"; Value = "14"; VariantName = "[No Variations]"
Add component (AddParameter): Name = "Propagation Delay (tpd)"; Value = "250ns"; VariantName = "[No Variations]"
Add component (AddParameter): Name = "Qualification Status"; Value = "Not Qualified"; VariantName = "[No Variations]"
Add component (AddParameter): Name = "RoHS Compliant"; Value = ""; VariantName = "[No Variations]"
Add component (AddParameter): Name = "Surface Mount"; Value = "No"; VariantName = "[No Variations]"
Add component (AddParameter): Name = "Technology"; Value = "CMOS"; VariantName = "[No Variations]"
Add component (AddParameter): Name = "Temperature Grade"; Value = "MILITARY"; VariantName = "[No Variations]"
Add component (AddParameter): Name = "Terminal Form"; Value = "Through Hole"; VariantName = "[No Variations]"
Add component (AddParameter): Name = "Terminal Pitch"; Value = "2.54mm"; VariantName = "[No Variations]"
Add component (AddParameter): Name = "Terminal Position"; Value = "DUAL"; VariantName = "[No Variations]"
Add component (AddParameter): Name = "Voltage Rating"; Value = ""; VariantName = "[No Variations]"
Add component (AddParameter): Name = "Width"; Value = "7.62mm"; VariantName = "[No Variations]"
Added Component: Designator=U501(D0014A_N)
Add component (AddParameter): Name = "Case/Package"; Value = "SOP"; VariantName = "[No Variations]"
Add component (AddParameter): Name = "Channels"; Value = "4"; VariantName = "[No Variations]"
Add component (AddParameter): Name = "Connector Type"; Value = ""; VariantName = "[No Variations]"
Add component (AddParameter): Name = "Frequency"; Value = ""; VariantName = "[No Variations]"
Add component (AddParameter): Name = "Gender"; Value = ""; VariantName = "[No Variations]"
Add component (AddParameter): Name = "Max Current Rating"; Value = ""; VariantName = "[No Variations]"
Add component (AddParameter): Name = "Max Operating Temperature"; Value = "70°C"; VariantName = "[No Variations]"
Add component (AddParameter): Name = "Max Supply Voltage"; Value = ""; VariantName = "[No Variations]"
Add component (AddParameter): Name = "Min Operating Temperature"; Value = "0°C"; VariantName = "[No Variations]"
Add component (AddParameter): Name = "Min Supply Voltage"; Value = ""; VariantName = "[No Variations]"
Add component (AddParameter): Name = "Mounting Technology"; Value = ""; VariantName = "[No Variations]"
Add component (AddParameter): Name = "Nominal Dual Supply"; Value = ""; VariantName = "[No Variations]"
Add component (AddParameter): Name = "Nominal Gain Bandwidth Product"; Value = ""; VariantName = "[No Variations]"
Add component (AddParameter): Name = "Nominal Supply Voltage"; Value = "5V"; VariantName = "[No Variations]"
Add component (AddParameter): Name = "Output Type"; Value = "OPEN-COLLECTOR"; VariantName = "[No Variations]"
Add component (AddParameter): Name = "Pins"; Value = "14"; VariantName = "[No Variations]"
Add component (AddParameter): Name = "Power"; Value = ""; VariantName = "[No Variations]"
Add component (AddParameter): Name = "RoHS Compliant"; Value = "Yes"; VariantName = "[No Variations]"
Add component (AddParameter): Name = "Voltage Rating"; Value = ""; VariantName = "[No Variations]"
Added Component: Designator=U502(D0014A_N)
Add component (AddParameter): Name = "Case/Package"; Value = "SOP"; VariantName = "[No Variations]"
Add component (AddParameter): Name = "Channels"; Value = "2"; VariantName = "[No Variations]"
Add component (AddParameter): Name = "Connector Type"; Value = ""; VariantName = "[No Variations]"
Add component (AddParameter): Name = "Gender"; Value = ""; VariantName = "[No Variations]"
Add component (AddParameter): Name = "Height - Seated (Max)"; Value = "1.75mm"; VariantName = "[No Variations]"
Add component (AddParameter): Name = "JESD-30 Code"; Value = "R-PDSO-G14"; VariantName = "[No Variations]"
Add component (AddParameter): Name = "JESD-609 Code"; Value = "e4"; VariantName = "[No Variations]"
Add component (AddParameter): Name = "Length"; Value = "8.65mm"; VariantName = "[No Variations]"
Add component (AddParameter): Name = "Load Capacitance (CL)"; Value = "50pF"; VariantName = "[No Variations]"
Add component (AddParameter): Name = "Logic Type"; Value = "OR GATE"; VariantName = "[No Variations]"
Add component (AddParameter): Name = "Max Current Rating"; Value = ""; VariantName = "[No Variations]"
Add component (AddParameter): Name = "Max Operating Temperature"; Value = "125°C"; VariantName = "[No Variations]"
Add component (AddParameter): Name = "Max Supply Voltage"; Value = "18V"; VariantName = "[No Variations]"
Add component (AddParameter): Name = "Min Operating Temperature"; Value = "-55°C"; VariantName = "[No Variations]"
Add component (AddParameter): Name = "Min Supply Voltage"; Value = "3V"; VariantName = "[No Variations]"
Add component (AddParameter): Name = "Moisture Sensitivity Level"; Value = "1"; VariantName = "[No Variations]"
Add component (AddParameter): Name = "Mounting Technology"; Value = ""; VariantName = "[No Variations]"
Add component (AddParameter): Name = "Nominal Supply Voltage"; Value = "5V"; VariantName = "[No Variations]"
Add component (AddParameter): Name = "Number of Inputs"; Value = "4"; VariantName = "[No Variations]"
Add component (AddParameter): Name = "Output Characteristics"; Value = "OPEN-COLLECTOR"; VariantName = "[No Variations]"
Add component (AddParameter): Name = "Package Body Material"; Value = "Plastic"; VariantName = "[No Variations]"
Add component (AddParameter): Name = "Package Equivalence Code"; Value = "SOP14,.25"; VariantName = "[No Variations]"
Add component (AddParameter): Name = "Package Shape"; Value = "Rectangular"; VariantName = "[No Variations]"
Add component (AddParameter): Name = "Package Style"; Value = "SMALL OUTLINEMeter"; VariantName = "[No Variations]"
Add component (AddParameter): Name = "Packaging"; Value = "Rail/Tube"; VariantName = "[No Variations]"
Add component (AddParameter): Name = "Peak Reflow Temperature (Cel)"; Value = "260°C"; VariantName = "[No Variations]"
Add component (AddParameter): Name = "Pins"; Value = "14"; VariantName = "[No Variations]"
Add component (AddParameter): Name = "Power Supplies"; Value = "5/15V"; VariantName = "[No Variations]"
Add component (AddParameter): Name = "Prop. Delay@Nom-Sup"; Value = "250ns"; VariantName = "[No Variations]"
Add component (AddParameter): Name = "Propagation Delay (tpd)"; Value = "250ns"; VariantName = "[No Variations]"
Add component (AddParameter): Name = "Qualification Status"; Value = "Not Qualified"; VariantName = "[No Variations]"
Add component (AddParameter): Name = "Reach SVHC Compliant"; Value = "Yes"; VariantName = "[No Variations]"
Add component (AddParameter): Name = "RoHS Compliant"; Value = "Yes"; VariantName = "[No Variations]"
Add component (AddParameter): Name = "Schmitt Trigger"; Value = "No"; VariantName = "[No Variations]"
Add component (AddParameter): Name = "Surface Mount"; Value = "Yes"; VariantName = "[No Variations]"
Add component (AddParameter): Name = "Technology"; Value = "CMOS"; VariantName = "[No Variations]"
Add component (AddParameter): Name = "Temperature Grade"; Value = "MILITARY"; VariantName = "[No Variations]"
Add component (AddParameter): Name = "Terminal Finish"; Value = "Nickel"; VariantName = "[No Variations]"
Add component (AddParameter): Name = "Terminal Form"; Value = "Gull Wing"; VariantName = "[No Variations]"
Add component (AddParameter): Name = "Terminal Pitch"; Value = "1.27mm"; VariantName = "[No Variations]"
Add component (AddParameter): Name = "Terminal Position"; Value = "DUAL"; VariantName = "[No Variations]"
Add component (AddParameter): Name = "Voltage Rating"; Value = ""; VariantName = "[No Variations]"
Add component (AddParameter): Name = "Width"; Value = "3.9mm"; VariantName = "[No Variations]"
Added Component: Designator=U701(WPME-FISM_SIP-7_L19.65W7.05H10.16)
Add component (AddParameter): Name = "Case/Package"; Value = ""; VariantName = "[No Variations]"
Add component (AddParameter): Name = "Dropout Voltage"; Value = ""; VariantName = "[No Variations]"
Add component (AddParameter): Name = "Frequency"; Value = ""; VariantName = "[No Variations]"
Add component (AddParameter): Name = "Max Operating Temperature"; Value = ""; VariantName = "[No Variations]"
Add component (AddParameter): Name = "Max Power Dissipation"; Value = ""; VariantName = "[No Variations]"
Add component (AddParameter): Name = "Max Supply Voltage"; Value = ""; VariantName = "[No Variations]"
Add component (AddParameter): Name = "Min Operating Temperature"; Value = ""; VariantName = "[No Variations]"
Add component (AddParameter): Name = "Min Supply Voltage"; Value = ""; VariantName = "[No Variations]"
Add component (AddParameter): Name = "Mounting Technology"; Value = ""; VariantName = "[No Variations]"
Add component (AddParameter): Name = "Nominal Supply Current"; Value = ""; VariantName = "[No Variations]"
Add component (AddParameter): Name = "Output Current"; Value = ""; VariantName = "[No Variations]"
Add component (AddParameter): Name = "Output Voltage"; Value = ""; VariantName = "[No Variations]"
Add component (AddParameter): Name = "Pins"; Value = ""; VariantName = "[No Variations]"
Add component (AddParameter): Name = "RoHS Compliant"; Value = ""; VariantName = "[No Variations]"
Added Component: Designator=U702(D0014A_N)
Add component (AddParameter): Name = "Case/Package"; Value = "SOP"; VariantName = "[No Variations]"
Add component (AddParameter): Name = "Channels"; Value = "4"; VariantName = "[No Variations]"
Add component (AddParameter): Name = "Connector Type"; Value = ""; VariantName = "[No Variations]"
Add component (AddParameter): Name = "Frequency"; Value = ""; VariantName = "[No Variations]"
Add component (AddParameter): Name = "Gender"; Value = ""; VariantName = "[No Variations]"
Add component (AddParameter): Name = "Max Current Rating"; Value = ""; VariantName = "[No Variations]"
Add component (AddParameter): Name = "Max Operating Temperature"; Value = "70°C"; VariantName = "[No Variations]"
Add component (AddParameter): Name = "Max Supply Voltage"; Value = ""; VariantName = "[No Variations]"
Add component (AddParameter): Name = "Min Operating Temperature"; Value = "0°C"; VariantName = "[No Variations]"
Add component (AddParameter): Name = "Min Supply Voltage"; Value = ""; VariantName = "[No Variations]"
Add component (AddParameter): Name = "Mounting Technology"; Value = ""; VariantName = "[No Variations]"
Add component (AddParameter): Name = "Nominal Dual Supply"; Value = ""; VariantName = "[No Variations]"
Add component (AddParameter): Name = "Nominal Gain Bandwidth Product"; Value = ""; VariantName = "[No Variations]"
Add component (AddParameter): Name = "Nominal Supply Voltage"; Value = "5V"; VariantName = "[No Variations]"
Add component (AddParameter): Name = "Output Type"; Value = "OPEN-COLLECTOR"; VariantName = "[No Variations]"
Add component (AddParameter): Name = "Pins"; Value = "14"; VariantName = "[No Variations]"
Add component (AddParameter): Name = "Power"; Value = ""; VariantName = "[No Variations]"
Add component (AddParameter): Name = "RoHS Compliant"; Value = "Yes"; VariantName = "[No Variations]"
Add component (AddParameter): Name = "Voltage Rating"; Value = ""; VariantName = "[No Variations]"
Added Component: Designator=U703(Timer_SA555)
Add component (AddParameter): Name = ".Creator"; Value = "DO"; VariantName = "[No Variations]"
Add component (AddParameter): Name = ".PCBcheck"; Value = ""; VariantName = "[No Variations]"
Add component (AddParameter): Name = ".SCHcheck"; Value = ""; VariantName = "[No Variations]"
Add component (AddParameter): Name = "Bandwidth"; Value = ""; VariantName = "[No Variations]"
Add component (AddParameter): Name = "Case/Package"; Value = "SOIC"; VariantName = "[No Variations]"
Add component (AddParameter): Name = "Category"; Value = "Timers and Oscillators"; VariantName = "[No Variations]"
Add component (AddParameter): Name = "ComponentLink1Description"; Value = "https://datasheet.ciiva.com/1147/na555-1147816.pdf?src-supplier=Newark"; VariantName = "[No Variations]"
Add component (AddParameter): Name = "ComponentLink1URL"; Value = "https://datasheet.ciiva.com/1147/na555-1147816.pdf?src-supplier=Newark"; VariantName = "[No Variations]"
Add component (AddParameter): Name = "ComponentLink2Description"; Value = "https://datasheet.ciiva.com/14094/ne555-series-eng-tds-14094951.pdf?src-supplier=Distrelec"; VariantName = "[No Variations]"
Add component (AddParameter): Name = "ComponentLink2URL"; Value = "https://datasheet.ciiva.com/14094/ne555-series-eng-tds-14094951.pdf?src-supplier=Distrelec"; VariantName = "[No Variations]"
Add component (AddParameter): Name = "ComponentLink3Description"; Value = "https://datasheet.ciiva.com/1233/sa555-1233455.pdf?src-supplier=Digi-Key"; VariantName = "[No Variations]"
Add component (AddParameter): Name = "ComponentLink3URL"; Value = "https://datasheet.ciiva.com/1233/sa555-1233455.pdf?src-supplier=Digi-Key"; VariantName = "[No Variations]"
Add component (AddParameter): Name = "ComponentLink4Description"; Value = "https://datasheet.ciiva.com/1139/1851962-1139987.pdf?src-supplier=Element14"; VariantName = "[No Variations]"
Add component (AddParameter): Name = "ComponentLink4URL"; Value = "https://datasheet.ciiva.com/1139/1851962-1139987.pdf?src-supplier=Element14"; VariantName = "[No Variations]"
Add component (AddParameter): Name = "ComponentLink5Description"; Value = "https://datasheet.ciiva.com/15152/getdatasheetpartid-75292-15152565.pdf?src-supplier=Verical"; VariantName = "[No Variations]"
Add component (AddParameter): Name = "ComponentLink5URL"; Value = "https://datasheet.ciiva.com/15152/getdatasheetpartid-75292-15152565.pdf?src-supplier=Verical"; VariantName = "[No Variations]"
Add component (AddParameter): Name = "ComponentLink6Description"; Value = "Where buy it"; VariantName = "[No Variations]"
Add component (AddParameter): Name = "ComponentLink6URL"; Value = "https://www.mouser.es/ProductDetail/Texas-Instruments/SA555D?qs=gb35HGp1gQJkvy2FEVqR%2Fw%3D%3D"; VariantName = "[No Variations]"
Add component (AddParameter): Name = "Contact Plating"; Value = "Gold"; VariantName = "[No Variations]"
Add component (AddParameter): Name = "Core Architecture"; Value = ""; VariantName = "[No Variations]"
Add component (AddParameter): Name = "Current Rating"; Value = ""; VariantName = "[No Variations]"
Add component (AddParameter): Name = "Data Bus Width"; Value = ""; VariantName = "[No Variations]"
Add component (AddParameter): Name = "Data Rate"; Value = ""; VariantName = "[No Variations]"
Add component (AddParameter): Name = "Design Item ID"; Value = "Timer_SA555"; VariantName = "[No Variations]"
Add component (AddParameter): Name = "Direction"; Value = ""; VariantName = "[No Variations]"
Add component (AddParameter): Name = "Frequency"; Value = "500kHz"; VariantName = "[No Variations]"
Add component (AddParameter): Name = "Height"; Value = "1.58mm"; VariantName = "[No Variations]"
Add component (AddParameter): Name = "High Level Output Current"; Value = "-200mA"; VariantName = "[No Variations]"
Add component (AddParameter): Name = "Input Capacitance"; Value = ""; VariantName = "[No Variations]"
Add component (AddParameter): Name = "Interface"; Value = ""; VariantName = "[No Variations]"
Add component (AddParameter): Name = "Lead Free"; Value = "Lead Free"; VariantName = "[No Variations]"
Add component (AddParameter): Name = "Length"; Value = "4.9mm"; VariantName = "[No Variations]"
Add component (AddParameter): Name = "Logic Function"; Value = ""; VariantName = "[No Variations]"
Add component (AddParameter): Name = "Low Level Output Current"; Value = "200mA"; VariantName = "[No Variations]"
Add component (AddParameter): Name = "Manufacturer"; Value = "Texas Instruments"; VariantName = "[No Variations]"
Add component (AddParameter): Name = "Manufacturer 1"; Value = ""; VariantName = "[No Variations]"
Add component (AddParameter): Name = "Manufacturer part"; Value = ""; VariantName = "[No Variations]"
Add component (AddParameter): Name = "Manufacturer Part Number"; Value = "SA555D"; VariantName = "[No Variations]"
Add component (AddParameter): Name = "Manufacturer Part Number 1"; Value = ""; VariantName = "[No Variations]"
Add component (AddParameter): Name = "Max Frequency"; Value = ""; VariantName = "[No Variations]"
Add component (AddParameter): Name = "Max Input Voltage"; Value = ""; VariantName = "[No Variations]"
Add component (AddParameter): Name = "Max Operating Temperature"; Value = "85°C"; VariantName = "[No Variations]"
Add component (AddParameter): Name = "Max Power Dissipation"; Value = ""; VariantName = "[No Variations]"
Add component (AddParameter): Name = "Max Supply Current"; Value = ""; VariantName = "[No Variations]"
Add component (AddParameter): Name = "Max Supply Voltage"; Value = "16V"; VariantName = "[No Variations]"
Add component (AddParameter): Name = "Memory Size"; Value = ""; VariantName = "[No Variations]"
Add component (AddParameter): Name = "Memory Type"; Value = ""; VariantName = "[No Variations]"
Add component (AddParameter): Name = "Min Input Voltage"; Value = ""; VariantName = "[No Variations]"
Add component (AddParameter): Name = "Min Operating Temperature"; Value = "-40°C"; VariantName = "[No Variations]"
Add component (AddParameter): Name = "Min Supply Voltage"; Value = "4.5V"; VariantName = "[No Variations]"
Add component (AddParameter): Name = "Mount"; Value = "Surface Mount"; VariantName = "[No Variations]"
Add component (AddParameter): Name = "Nominal Supply Current"; Value = "2mA"; VariantName = "[No Variations]"
Add component (AddParameter): Name = "Number of A/D Converters"; Value = ""; VariantName = "[No Variations]"
Add component (AddParameter): Name = "Number of ADC Channels"; Value = ""; VariantName = "[No Variations]"
Add component (AddParameter): Name = "Number of Bits"; Value = ""; VariantName = "[No Variations]"
Add component (AddParameter): Name = "Number of Bits per Element"; Value = ""; VariantName = "[No Variations]"
Add component (AddParameter): Name = "Number of Channels"; Value = ""; VariantName = "[No Variations]"
Add component (AddParameter): Name = "Number of Circuits"; Value = ""; VariantName = "[No Variations]"
Add component (AddParameter): Name = "Number of Drivers"; Value = ""; VariantName = "[No Variations]"
Add component (AddParameter): Name = "Number of Elements"; Value = ""; VariantName = "[No Variations]"
Add component (AddParameter): Name = "Number of Gates"; Value = ""; VariantName = "[No Variations]"
Add component (AddParameter): Name = "Number of I2C Channels"; Value = ""; VariantName = "[No Variations]"
Add component (AddParameter): Name = "Number of I/Os"; Value = ""; VariantName = "[No Variations]"
Add component (AddParameter): Name = "Number of Input Lines"; Value = ""; VariantName = "[No Variations]"
Add component (AddParameter): Name = "Number of Inputs"; Value = ""; VariantName = "[No Variations]"
Add component (AddParameter): Name = "Number of Output Lines"; Value = ""; VariantName = "[No Variations]"
Add component (AddParameter): Name = "Number of Outputs"; Value = ""; VariantName = "[No Variations]"
Add component (AddParameter): Name = "Number of Pins"; Value = "8"; VariantName = "[No Variations]"
Add component (AddParameter): Name = "Number of Programmable I/O"; Value = ""; VariantName = "[No Variations]"
Add component (AddParameter): Name = "Number of PWM Channels"; Value = ""; VariantName = "[No Variations]"
Add component (AddParameter): Name = "Number of Receive Buffers"; Value = ""; VariantName = "[No Variations]"
Add component (AddParameter): Name = "Number of Receivers"; Value = ""; VariantName = "[No Variations]"
Add component (AddParameter): Name = "Number of SPI Channels"; Value = ""; VariantName = "[No Variations]"
Add component (AddParameter): Name = "Number of Timers/Counters"; Value = "1"; VariantName = "[No Variations]"
Add component (AddParameter): Name = "Number of Transceivers"; Value = ""; VariantName = "[No Variations]"
Add component (AddParameter): Name = "Number of Transmit Buffers"; Value = ""; VariantName = "[No Variations]"
Add component (AddParameter): Name = "Number of UART Channels"; Value = ""; VariantName = "[No Variations]"
Add component (AddParameter): Name = "Operating Supply Current"; Value = "10mA"; VariantName = "[No Variations]"
Add component (AddParameter): Name = "Operating Supply Voltage"; Value = ""; VariantName = "[No Variations]"
Add component (AddParameter): Name = "Oscillator Type"; Value = ""; VariantName = "[No Variations]"
Add component (AddParameter): Name = "Output Current"; Value = ""; VariantName = "[No Variations]"
Add component (AddParameter): Name = "Output Type"; Value = ""; VariantName = "[No Variations]"
Add component (AddParameter): Name = "Package Quantity"; Value = "75"; VariantName = "[No Variations]"
Add component (AddParameter): Name = "Packaging"; Value = "Rail/Tube"; VariantName = "[No Variations]"
Add component (AddParameter): Name = "Peripherals"; Value = ""; VariantName = "[No Variations]"
Add component (AddParameter): Name = "Polarity"; Value = ""; VariantName = "[No Variations]"
Add component (AddParameter): Name = "Power Dissipation"; Value = ""; VariantName = "[No Variations]"
Add component (AddParameter): Name = "Pricing 1"; Value = "1=0,93000, 10=0,83500, 25=0,79240, 100=0,65090, 250=0,60848, 500=0,53774, 1000=0,46725 (USD)"; VariantName = "[No Variations]"
Add component (AddParameter): Name = "Propagation Delay"; Value = ""; VariantName = "[No Variations]"
Add component (AddParameter): Name = "Quiescent Current"; Value = "15mA"; VariantName = "[No Variations]"
Add component (AddParameter): Name = "Radiation Hardening"; Value = "No"; VariantName = "[No Variations]"
Add component (AddParameter): Name = "RAM Size"; Value = ""; VariantName = "[No Variations]"
Add component (AddParameter): Name = "REACH SVHC"; Value = "No SVHC"; VariantName = "[No Variations]"
Add component (AddParameter): Name = "Reach SVHC Compliant"; Value = ""; VariantName = "[No Variations]"
Add component (AddParameter): Name = "RoHS"; Value = "Yes"; VariantName = "[No Variations]"
Add component (AddParameter): Name = "RoHS Compliant"; Value = "Yes"; VariantName = "[No Variations]"
Add component (AddParameter): Name = "Schmitt Trigger Input"; Value = ""; VariantName = "[No Variations]"
Add component (AddParameter): Name = "Series"; Value = ""; VariantName = "[No Variations]"
Add component (AddParameter): Name = "Slew Rate"; Value = ""; VariantName = "[No Variations]"
Add component (AddParameter): Name = "Source"; Value = "Integrated circuits.SchLib"; VariantName = "[No Variations]"
Add component (AddParameter): Name = "Stock 1"; Value = "1162"; VariantName = "[No Variations]"
Add component (AddParameter): Name = "Technology"; Value = ""; VariantName = "[No Variations]"
Add component (AddParameter): Name = "Turn-On Delay Time"; Value = ""; VariantName = "[No Variations]"
Add component (AddParameter): Name = "Watchdog Timer"; Value = ""; VariantName = "[No Variations]"
Add component (AddParameter): Name = "Weight"; Value = "0.002561oz"; VariantName = "[No Variations]"
Add component (AddParameter): Name = "Width"; Value = "3.91mm"; VariantName = "[No Variations]"
Add component (AddParameter): Name = "Working Voltage"; Value = ""; VariantName = "[No Variations]"
Added Component: Designator=X901(HV-Relay-SPST-NC-24V)
Add component (AddParameter): Name = "Case/Package"; Value = ""; VariantName = "[No Variations]"
Add component (AddParameter): Name = "Connector Type"; Value = ""; VariantName = "[No Variations]"
Add component (AddParameter): Name = "Gender"; Value = ""; VariantName = "[No Variations]"
Add component (AddParameter): Name = "JESD-609 Code"; Value = "e3"; VariantName = "[No Variations]"
Add component (AddParameter): Name = "Max Current Rating"; Value = ""; VariantName = "[No Variations]"
Add component (AddParameter): Name = "Max Operating Temperature"; Value = ""; VariantName = "[No Variations]"
Add component (AddParameter): Name = "Min Operating Temperature"; Value = ""; VariantName = "[No Variations]"
Add component (AddParameter): Name = "Mounting Technology"; Value = ""; VariantName = "[No Variations]"
Add component (AddParameter): Name = "Pins"; Value = ""; VariantName = "[No Variations]"
Add component (AddParameter): Name = "Reach SVHC Compliant"; Value = "Yes"; VariantName = "[No Variations]"
Add component (AddParameter): Name = "Relay Type"; Value = "DRY REED RELAY"; VariantName = "[No Variations]"
Add component (AddParameter): Name = "RoHS Compliant"; Value = "Yes"; VariantName = "[No Variations]"
Add component (AddParameter): Name = "Terminal Finish"; Value = "Tin"; VariantName = "[No Variations]"
Add component (AddParameter): Name = "Voltage Rating"; Value = ""; VariantName = "[No Variations]"
Added Pin To Net: NetName=NetC1_1 Pin=C1-1
Added Pin To Net: NetName=GND Pin=C1-2
Added Pin To Net: NetName=NetC2_1 Pin=C2-1
Added Pin To Net: NetName=GND Pin=C2-2
Added Pin To Net: NetName=+12 Pin=C3-1
Added Pin To Net: NetName=GND Pin=C3-2
Added Pin To Net: NetName=+12 Pin=C4-1
Added Pin To Net: NetName=GND Pin=C4-2
Added Pin To Net: NetName=Implausibilities Pin=C201-1
Added Pin To Net: NetName=GND Pin=C201-2
Added Pin To Net: NetName=Latch_Reset Pin=C202-1
Added Pin To Net: NetName=GND Pin=C202-2
Added Pin To Net: NetName=+5TS Pin=C701-1
Added Pin To Net: NetName=TS- Pin=C701-2
Added Pin To Net: NetName=+5TS Pin=C702-1
Added Pin To Net: NetName=TS- Pin=C702-2
Added Pin To Net: NetName=+12 Pin=C703-1
Added Pin To Net: NetName=GND Pin=C703-2
Added Pin To Net: NetName=+12 Pin=C704-1
Added Pin To Net: NetName=GND Pin=C704-2
Added Pin To Net: NetName=NetC705_1 Pin=C705-1
Added Pin To Net: NetName=GND Pin=C705-2
Added Pin To Net: NetName=NetC706_1 Pin=C706-1
Added Pin To Net: NetName=GND Pin=C706-2
Added Pin To Net: NetName=LV+_in Pin=D1-1
Added Pin To Net: NetName=GND Pin=D1-2
Added Pin To Net: NetName=NetD2_A Pin=D2-A
Added Pin To Net: NetName=NetC1_1 Pin=D2-K
Added Pin To Net: NetName=NetD501_A Pin=D501-A
Added Pin To Net: NetName=+12 Pin=D501-K
Added Pin To Net: NetName=GND Pin=D901-A
Added Pin To Net: NetName=SC_End_30V Pin=D901-K
Added Pin To Net: NetName=LV+_in Pin=F1-1
Added Pin To Net: NetName=NetD2_A Pin=F1-2
Added Pin To Net: NetName=TS+_DCBus1 Pin=F3-1
Added Pin To Net: NetName=TS+_DCBus1_Unfused Pin=F3-2
Added Pin To Net: NetName=TS- Pin=F4-1
Added Pin To Net: NetName=TS-_Unfused Pin=F4-2
Added Pin To Net: NetName=Precharge_State Pin=J1-1
Added Pin To Net: NetName=AIR+_State Pin=J1-2
Added Pin To Net: NetName=HV_Accumulator Pin=J1-3
Added Pin To Net: NetName=TS_Off Pin=J1-4
Added Pin To Net: NetName=TSAL_Green Pin=J1-5
Added Pin To Net: NetName=INV_HV_Detection5V Pin=J1-6
Added Pin To Net: NetName=SC_End_30V Pin=J1-7
Added Pin To Net: NetName=GND Pin=J1-8
Added Pin To Net: NetName=AIR-_State Pin=J1-9
Added Pin To Net: NetName=AIR+_Coil_30V Pin=J1-10
Added Pin To Net: NetName=AIR-_Coil_30V Pin=J1-11
Added Pin To Net: NetName=Precharge_Coil_30V Pin=J1-12
Added Pin To Net: NetName=+12 Pin=J1-13
Added Pin To Net: NetName=TSAL_Red Pin=J1-14
Added Pin To Net: NetName=TS_On Pin=J1-15
Added Pin To Net: NetName=LV+_in Pin=J1-16
Added Pin To Net: NetName=Discharge_Resistor Pin=J2-1
Added Pin To Net: NetName=Discharge_Resistor Pin=J2-2
Added Pin To Net: NetName=TS+_DCBus1_Unfused Pin=J3-1
Added Pin To Net: NetName=TS+_DCBus1_Unfused Pin=J3-2
Added Pin To Net: NetName=TS-_Unfused Pin=J4-1
Added Pin To Net: NetName=TS-_Unfused Pin=J4-2
Added Pin To Net: NetName=HV_Detection_DCBus Pin=J701-1
Added Pin To Net: NetName=HV_Detection_Trigger Pin=J701-2
Added Pin To Net: NetName=INV_HV_Detection Pin=J701-3
Added Pin To Net: NetName=NetC1_1 Pin=L1-1
Added Pin To Net: NetName=NetC2_1 Pin=L1-2
Added Pin To Net: NetName=GND Pin=MH1-1
Added Pin To Net: NetName=GND Pin=MH2-1
Added Pin To Net: NetName=GND Pin=MH3-1
Added Pin To Net: NetName=GND Pin=MH4-1
Added Pin To Net: NetName=INV_HV_Detection Pin=Q1-D
Added Pin To Net: NetName=INV_HV_Detection5V Pin=Q1-G
Added Pin To Net: NetName=GND Pin=Q1-S
Added Pin To Net: NetName=NetQ201_D Pin=Q201-D
Added Pin To Net: NetName=Implausibilities_Undelayed Pin=Q201-G
Added Pin To Net: NetName=Implausibilities Pin=Q201-S
Added Pin To Net: NetName=NetQ202_D Pin=Q202-D
Added Pin To Net: NetName=+12 Pin=Q202-G
Added Pin To Net: NetName=Latch_Reset Pin=Q202-S
Added Pin To Net: NetName=NetQ601_D Pin=Q601-D
Added Pin To Net: NetName=NetQ601_G Pin=Q601-G
Added Pin To Net: NetName=GND Pin=Q601-S
Added Pin To Net: NetName=Out_HV_Comparator Pin=Q703-1
Added Pin To Net: NetName=TS- Pin=Q703-2
Added Pin To Net: NetName=GND Pin=Q703-3
Added Pin To Net: NetName=HV_Detection_DCBus Pin=Q703-4
Added Pin To Net: NetName=NetQ801_D Pin=Q801-D
Added Pin To Net: NetName=NetQ801_G Pin=Q801-G
Added Pin To Net: NetName=GND Pin=Q801-S
Added Pin To Net: NetName=+12 Pin=R1-1
Added Pin To Net: NetName=INV_HV_Detection Pin=R1-2
Added Pin To Net: NetName=INV_HV_Detection5V Pin=R2-1
Added Pin To Net: NetName=GND Pin=R2-2
Added Pin To Net: NetName=AIR+_Coil_30V Pin=R3-1
Added Pin To Net: NetName=AIR+_Coil Pin=R3-2
Added Pin To Net: NetName=AIR+_Coil Pin=R4-1
Added Pin To Net: NetName=GND Pin=R4-2
Added Pin To Net: NetName=AIR-_Coil_30V Pin=R5-1
Added Pin To Net: NetName=AIR-_Coil Pin=R5-2
Added Pin To Net: NetName=AIR-_Coil Pin=R6-1
Added Pin To Net: NetName=GND Pin=R6-2
Added Pin To Net: NetName=Precharge_Coil_30V Pin=R7-1
Added Pin To Net: NetName=Precharge_Coil Pin=R7-2
Added Pin To Net: NetName=Precharge_Coil Pin=R8-1
Added Pin To Net: NetName=GND Pin=R8-2
Added Pin To Net: NetName=SC_End_30V Pin=R9-1
Added Pin To Net: NetName=SC_End Pin=R9-2
Added Pin To Net: NetName=SC_End Pin=R10-1
Added Pin To Net: NetName=GND Pin=R10-2
Added Pin To Net: NetName=Implausibilities_Undelayed Pin=R201-1
Added Pin To Net: NetName=Implausibilities Pin=R201-2
Added Pin To Net: NetName=+12 Pin=R202-1
Added Pin To Net: NetName=Latch_Reset Pin=R202-2
Added Pin To Net: NetName=NetQ201_D Pin=R203-1
Added Pin To Net: NetName=GND Pin=R203-2
Added Pin To Net: NetName=NetQ202_D Pin=R204-1
Added Pin To Net: NetName=GND Pin=R204-2
Added Pin To Net: NetName=+12 Pin=R501-1
Added Pin To Net: NetName=HV_Accu_SCS Pin=R501-2
Added Pin To Net: NetName=+12 Pin=R502-1
Added Pin To Net: NetName=AIR+_SCS Pin=R502-2
Added Pin To Net: NetName=+12 Pin=R503-1
Added Pin To Net: NetName=AIR-_SCS Pin=R503-2
Added Pin To Net: NetName=+12 Pin=R504-1
Added Pin To Net: NetName=Precharge_SCS Pin=R504-2
Added Pin To Net: NetName=NetD501_A Pin=R505-1
Added Pin To Net: NetName=GND Pin=R505-2
Added Pin To Net: NetName=V_REF Pin=R505-3
Added Pin To Net: NetName=TS_Off Pin=R601-1
Added Pin To Net: NetName=NetQ601_G Pin=R601-2
Added Pin To Net: NetName=NetQ601_G Pin=R602-1
Added Pin To Net: NetName=GND Pin=R602-2
Added Pin To Net: NetName=TSAL_Green Pin=R603-1
Added Pin To Net: NetName=NetR603_2 Pin=R603-2
Added Pin To Net: NetName=NetR603_2 Pin=R604-1
Added Pin To Net: NetName=NetQ601_D Pin=R604-2
Added Pin To Net: NetName=+12 Pin=R702-1
Added Pin To Net: NetName=HV_Detection_DCBus Pin=R702-2
Added Pin To Net: NetName=+12 Pin=R704-1
Added Pin To Net: NetName=NetR704_2 Pin=R704-2
Added Pin To Net: NetName=NetR704_2 Pin=R705-1
Added Pin To Net: NetName=NetC706_1 Pin=R705-2
Added Pin To Net: NetName=+5TS Pin=R706-1
Added Pin To Net: NetName=Out_HV_Comparator Pin=R706-2
Added Pin To Net: NetName=+5TS Pin=R708-1
Added Pin To Net: NetName=TS- Pin=R708-2
Added Pin To Net: NetName=VREF_HV_Detection Pin=R708-3
Added Pin To Net: NetName=TS+_DCBus1 Pin=R709-1
Added Pin To Net: NetName=Voltage_DCBus1 Pin=R709-2
Added Pin To Net: NetName=Voltage_DCBus1 Pin=R710-1
Added Pin To Net: NetName=TS- Pin=R710-2
Added Pin To Net: NetName=TS_On Pin=R801-1
Added Pin To Net: NetName=NetQ801_G Pin=R801-2
Added Pin To Net: NetName=NetQ801_G Pin=R802-1
Added Pin To Net: NetName=GND Pin=R802-2
Added Pin To Net: NetName=TSAL_Red Pin=R803-1
Added Pin To Net: NetName=NetR803_2 Pin=R803-2
Added Pin To Net: NetName=NetR803_2 Pin=R804-1
Added Pin To Net: NetName=NetQ801_D Pin=R804-2
Added Pin To Net: NetName=NetC2_1 Pin=U1-1
Added Pin To Net: NetName=GND Pin=U1-2
Added Pin To Net: NetName=+12 Pin=U1-3
Added Pin To Net: NetName=Precharge_State Pin=U101-1
Added Pin To Net: NetName=AIR-_State Pin=U101-2
Added Pin To Net: NetName=AIR+_State Pin=U101-3
Added Pin To Net: NetName=NetU101_4 Pin=U101-4
Added Pin To Net: NetName=Safe_State Pin=U101-5
Added Pin To Net: NetName=TS_Off Pin=U101-6
Added Pin To Net: NetName=GND Pin=U101-7
Added Pin To Net: NetName=HV_Accumulator Pin=U101-8
Added Pin To Net: NetName=NetU101_4 Pin=U101-9
Added Pin To Net: NetName=+12 Pin=U101-14
Added Pin To Net: NetName=Implausibilities_Undelayed Pin=U201-1
Added Pin To Net: NetName=No_Voltage_Relays_Closed Pin=U201-2
Added Pin To Net: NetName=Relays_Implausibility Pin=U201-3
Added Pin To Net: NetName=SCS_Error Pin=U201-4
Added Pin To Net: NetName=GND Pin=U201-5
Added Pin To Net: NetName=GND Pin=U201-7
Added Pin To Net: NetName=AIR+_Implausibility Pin=U201-9
Added Pin To Net: NetName=AIR-_Implausibility Pin=U201-10
Added Pin To Net: NetName=Precharge_Implausibility Pin=U201-11
Added Pin To Net: NetName=GND Pin=U201-12
Added Pin To Net: NetName=Relays_State_Detection Pin=U201-13
Added Pin To Net: NetName=+12 Pin=U201-14
Added Pin To Net: NetName=Implausibilities Pin=U202-1
Added Pin To Net: NetName=Implausibilities_Undelayed Pin=U202-2
Added Pin To Net: NetName=Safe_State_Unlatched Pin=U202-3
Added Pin To Net: NetName=GND Pin=U202-7
Added Pin To Net: NetName=Safe_State_Unlatched Pin=U202-8
Added Pin To Net: NetName=Safe_State Pin=U202-9
Added Pin To Net: NetName=Not_Safe_State Pin=U202-10
Added Pin To Net: NetName=Safe_State Pin=U202-11
Added Pin To Net: NetName=Not_Safe_State Pin=U202-12
Added Pin To Net: NetName=Latch_Reset Pin=U202-13
Added Pin To Net: NetName=+12 Pin=U202-14
Added Pin To Net: NetName=AIR+_State Pin=U301-1
Added Pin To Net: NetName=AIR+_Coil Pin=U301-2
Added Pin To Net: NetName=AIR+_Implausibility Pin=U301-3
Added Pin To Net: NetName=AIR-_Implausibility Pin=U301-4
Added Pin To Net: NetName=AIR-_State Pin=U301-5
Added Pin To Net: NetName=AIR-_Coil Pin=U301-6
Added Pin To Net: NetName=GND Pin=U301-7
Added Pin To Net: NetName=Precharge_State Pin=U301-8
Added Pin To Net: NetName=Precharge_Coil Pin=U301-9
Added Pin To Net: NetName=Precharge_Implausibility Pin=U301-10
Added Pin To Net: NetName=+12 Pin=U301-14
Added Pin To Net: NetName=+12 Pin=U302-1
Added Pin To Net: NetName=SC_End Pin=U302-2
Added Pin To Net: NetName=HV_Accumulator Pin=U302-3
Added Pin To Net: NetName=SC_End Pin=U302-4
Added Pin To Net: NetName=Not_Intentional_Relay_State Pin=U302-5
Added Pin To Net: NetName=No_Voltage_Relays_Closed Pin=U302-6
Added Pin To Net: NetName=GND Pin=U302-7
Added Pin To Net: NetName=Relays_State_Detection Pin=U302-8
Added Pin To Net: NetName=Relays_Implausibility Pin=U302-9
Added Pin To Net: NetName=+12 Pin=U302-14
Added Pin To Net: NetName=AIR-_Coil Pin=U401-1
Added Pin To Net: NetName=Precharge_Coil Pin=U401-2
Added Pin To Net: NetName=GND Pin=U401-7
Added Pin To Net: NetName=AIR+_Coil Pin=U401-8
Added Pin To Net: NetName=Not_Intentional_Relay_State Pin=U401-9
Added Pin To Net: NetName=+12 Pin=U401-14
Added Pin To Net: NetName=HV_Accu_SCS Pin=U501-1
Added Pin To Net: NetName=AIR+_SCS Pin=U501-2
Added Pin To Net: NetName=+12 Pin=U501-3
Added Pin To Net: NetName=V_REF Pin=U501-4
Added Pin To Net: NetName=Precharge_State Pin=U501-5
Added Pin To Net: NetName=V_REF Pin=U501-6
Added Pin To Net: NetName=AIR-_State Pin=U501-7
Added Pin To Net: NetName=V_REF Pin=U501-8
Added Pin To Net: NetName=HV_Accumulator Pin=U501-9
Added Pin To Net: NetName=V_REF Pin=U501-10
Added Pin To Net: NetName=AIR+_State Pin=U501-11
Added Pin To Net: NetName=GND Pin=U501-12
Added Pin To Net: NetName=Precharge_SCS Pin=U501-13
Added Pin To Net: NetName=AIR-_SCS Pin=U501-14
Added Pin To Net: NetName=SCS_Error Pin=U502-1
Added Pin To Net: NetName=HV_Accu_SCS Pin=U502-2
Added Pin To Net: NetName=AIR+_SCS Pin=U502-3
Added Pin To Net: NetName=AIR-_SCS Pin=U502-4
Added Pin To Net: NetName=Precharge_SCS Pin=U502-5
Added Pin To Net: NetName=GND Pin=U502-7
Added Pin To Net: NetName=+12 Pin=U502-14
Added Pin To Net: NetName=+12 Pin=U701-1
Added Pin To Net: NetName=GND Pin=U701-2
Added Pin To Net: NetName=TS- Pin=U701-3
Added Pin To Net: NetName=+5TS Pin=U701-4
Added Pin To Net: NetName=Out_HV_Comparator Pin=U702-1
Added Pin To Net: NetName=+5TS Pin=U702-3
Added Pin To Net: NetName=Voltage_DCBus1 Pin=U702-6
Added Pin To Net: NetName=VREF_HV_Detection Pin=U702-7
Added Pin To Net: NetName=TS- Pin=U702-12
Added Pin To Net: NetName=GND Pin=U703-1
Added Pin To Net: NetName=NetC706_1 Pin=U703-2
Added Pin To Net: NetName=TS_On Pin=U703-3
Added Pin To Net: NetName=HV_Detection_Trigger Pin=U703-4
Added Pin To Net: NetName=NetC705_1 Pin=U703-5
Added Pin To Net: NetName=NetC706_1 Pin=U703-6
Added Pin To Net: NetName=NetR704_2 Pin=U703-7
Added Pin To Net: NetName=+12 Pin=U703-8
Added Pin To Net: NetName=Discharge_Resistor Pin=X901-1
Added Pin To Net: NetName=SC_End_30V Pin=X901-2
Added Pin To Net: NetName=GND Pin=X901-3
Added Pin To Net: NetName=TS+_DCBus1_Unfused Pin=X901-4
Added Member To Class: ClassName=TSAL_Control Member=Component C1 C10u-35V-Electrolytic
Added Member To Class: ClassName=TSAL_Control Member=Component C2 C10u-35V-Electrolytic
Added Member To Class: ClassName=TSAL_Control Member=Component C3 C10u-35V-Electrolytic
Added Member To Class: ClassName=TSAL_Control Member=Component C4 C10u-35V-Electrolytic
Added Member To Class: ClassName=Implausibilities Member=Component C201 C10u-16V-0805FNPC-X5R
Added Member To Class: ClassName=Implausibilities Member=Component C202 C10u-16V-0805FNPC-X5R
Added Member To Class: ClassName=TSAL Red Member=Component C701 C1u-50V-0805FNPC-X7R
Added Member To Class: ClassName=TSAL Red Member=Component C702 C100n-16V-0805
Added Member To Class: ClassName=TSAL Red Member=Component C703 C1u-50V-0805FNPC-X7R
Added Member To Class: ClassName=TSAL Red Member=Component C704 C100n-16V-0805
Added Member To Class: ClassName=TSAL Red Member=Component C705 C100n-16V-0805
Added Member To Class: ClassName=TSAL Red Member=Component C706 C22u-25V-0805
Added Member To Class: ClassName=TSAL_Control Member=Component D1 TVS_33V_400W
Added Member To Class: ClassName=TSAL_Control Member=Component D2 DSC-0.5/30-SOD123
Added Member To Class: ClassName=SCS Member=Component D501 DZ-0.01/75-SOD-123
Added Member To Class: ClassName=Discharge_circuit Member=Component D901 DSC-0.5/30-SOD123
Added Member To Class: ClassName=TSAL_Control Member=Component F1 MFU0805FF00500P500
Added Member To Class: ClassName=TSAL_Control Member=Component F3 Fuse_1A_600V
Added Member To Class: ClassName=TSAL_Control Member=Component F4 Fuse_1A_600V
Added Member To Class: ClassName=TSAL_Control Member=Component J1 J_NanoFit_2x8_V
Added Member To Class: ClassName=TSAL_Control Member=Component J2 J_NanoFit_1x2
Added Member To Class: ClassName=TSAL_Control Member=Component J3 J_NanoFit_1x2
Added Member To Class: ClassName=TSAL_Control Member=Component J4 J_NanoFit_1x2
Added Member To Class: ClassName=TSAL Red Member=Component J701 3Pin-Pinheader
Added Member To Class: ClassName=TSAL_Control Member=Component L1 7447730
Added Member To Class: ClassName=TSAL_Control Member=Component MH1 Mounting_Hole_M3
Added Member To Class: ClassName=TSAL_Control Member=Component MH2 Mounting_Hole_M3
Added Member To Class: ClassName=TSAL_Control Member=Component MH3 Mounting_Hole_M3
Added Member To Class: ClassName=TSAL_Control Member=Component MH4 Mounting_Hole_M3
Added Member To Class: ClassName=TSAL_Control Member=Component Q1 TRT-NCH-8/40-SQ
Added Member To Class: ClassName=Implausibilities Member=Component Q201 TRT-PCH-2/30-BSS
Added Member To Class: ClassName=Implausibilities Member=Component Q202 TRT-PCH-2/30-BSS
Added Member To Class: ClassName=Green Driver Member=Component Q601 TRT-NCH-31/100
Added Member To Class: ClassName=TSAL Red Member=Component Q703 Optocoupler
Added Member To Class: ClassName=Red Driver Member=Component Q801 TRT-NCH-31/100
Added Member To Class: ClassName=TSAL_Control Member=Component R1 R10k-0805FTK
Added Member To Class: ClassName=TSAL_Control Member=Component R2 R10k-0805FTK
Added Member To Class: ClassName=TSAL_Control Member=Component R3 R12K4-0805-0.125W
Added Member To Class: ClassName=TSAL_Control Member=Component R4 R8.2K_0805_0.125W
Added Member To Class: ClassName=TSAL_Control Member=Component R5 R12K4-0805-0.125W
Added Member To Class: ClassName=TSAL_Control Member=Component R6 R8.2K_0805_0.125W
Added Member To Class: ClassName=TSAL_Control Member=Component R7 R12K4-0805-0.125W
Added Member To Class: ClassName=TSAL_Control Member=Component R8 R8.2K_0805_0.125W
Added Member To Class: ClassName=TSAL_Control Member=Component R9 R12K4-0805-0.125W
Added Member To Class: ClassName=TSAL_Control Member=Component R10 R8.2K_0805_0.125W
Added Member To Class: ClassName=Implausibilities Member=Component R201 R10k-0805FTK
Added Member To Class: ClassName=Implausibilities Member=Component R202 R10k-0805FTK
Added Member To Class: ClassName=Implausibilities Member=Component R203 R1K-0805-0.5W
Added Member To Class: ClassName=Implausibilities Member=Component R204 R1K-0805-0.5W
Added Member To Class: ClassName=SCS Member=Component R501 R1k-0805FTK
Added Member To Class: ClassName=SCS Member=Component R502 R1k-0805FTK
Added Member To Class: ClassName=SCS Member=Component R503 R1k-0805FTK
Added Member To Class: ClassName=SCS Member=Component R504 R1k-0805FTK
Added Member To Class: ClassName=SCS Member=Component R505 R1k-VTR
Added Member To Class: ClassName=Green Driver Member=Component R601 R100-0805FTK
Added Member To Class: ClassName=Green Driver Member=Component R602 R1k-0805FTK
Added Member To Class: ClassName=Green Driver Member=Component R603 R15_3521_2W
Added Member To Class: ClassName=Green Driver Member=Component R604 R15_3521_2W
Added Member To Class: ClassName=TSAL Red Member=Component R702 R10k-0805FTK
Added Member To Class: ClassName=TSAL Red Member=Component R704 R100-0805FTK
Added Member To Class: ClassName=TSAL Red Member=Component R705 R10k-0805FTK
Added Member To Class: ClassName=TSAL Red Member=Component R706 R10k-0805FTK
Added Member To Class: ClassName=TSAL Red Member=Component R708 R10k-VTR
Added Member To Class: ClassName=TSAL Red Member=Component R709 R2M-2512FTK
Added Member To Class: ClassName=TSAL Red Member=Component R710 R51k_0805
Added Member To Class: ClassName=Red Driver Member=Component R801 R100-0805FTK
Added Member To Class: ClassName=Red Driver Member=Component R802 R1k-0805FTK
Added Member To Class: ClassName=Red Driver Member=Component R803 R15_3521_2W
Added Member To Class: ClassName=Red Driver Member=Component R804 R15_3521_2W
Added Member To Class: ClassName=TSAL_Control Member=Component U1 DCDC-36V/12V-1A
Added Member To Class: ClassName=TSAL Green Member=Component U101 CD4073BM
Added Member To Class: ClassName=Implausibilities Member=Component U201 CD4072BM
Added Member To Class: ClassName=Implausibilities Member=Component U202 CD4011BM
Added Member To Class: ClassName=Relay Implausibility Member=Component U301 CD4070BM
Added Member To Class: ClassName=Relay Implausibility Member=Component U302 CD4073BM
Added Member To Class: ClassName=EV 4.10.14 Member=Component U401 CD4023BM
Added Member To Class: ClassName=SCS Member=Component U501 LM339D
Added Member To Class: ClassName=SCS Member=Component U502 CD4072BM
Added Member To Class: ClassName=TSAL Red Member=Component U701 DCDC_ISO_12VIN_5VOUT
Added Member To Class: ClassName=TSAL Red Member=Component U702 LM339D
Added Member To Class: ClassName=TSAL Red Member=Component U703 Timer_SA555
Added Member To Class: ClassName=Discharge_circuit Member=Component X901 HV-Relay-SPST-NC-24V
