Removed Pin From Net: NetName=GND Pin=C2-2
Removed Pin From Net: NetName=NetC1_1 Pin=D2-K
Removed Pin From Net: NetName=+12 Pin=D501-K
Removed Pin From Net: NetName=TS- Pin=F4-1
Removed Pin From Net: NetName=NetC1_1 Pin=L1-1
Removed Pin From Net: NetName=Out_HV_Comparator Pin=Out_HV_Comparator-1
Removed Pin From Net: NetName=AIR+_Coil Pin=R4-1
Removed Pin From Net: NetName=GND Pin=R4-2
Removed Pin From Net: NetName=AIR-_Coil Pin=R6-1
Removed Pin From Net: NetName=GND Pin=R6-2
Removed Pin From Net: NetName=Precharge_Coil Pin=R8-1
Removed Pin From Net: NetName=GND Pin=R8-2
Removed Pin From Net: NetName=SC_End Pin=R10-1
Removed Pin From Net: NetName=GND Pin=R10-2
Removed Pin From Net: NetName=Safe_State Pin=R111-1
Removed Pin From Net: NetName=+12 Pin=R111-2
Removed Pin From Net: NetName=GND Pin=R333-1
Removed Pin From Net: NetName=Relays_Implausibility Pin=R333-2
Removed Pin From Net: NetName=GND Pin=R444-1
Removed Pin From Net: NetName=No_Voltage_Relays_Closed Pin=R444-2
Removed Pin From Net: NetName=HV_Accu_SCS Pin=R501-2
Removed Pin From Net: NetName=AIR+_SCS Pin=R502-2
Removed Pin From Net: NetName=AIR-_SCS Pin=R503-2
Removed Pin From Net: NetName=Precharge_SCS Pin=R504-2
Removed Pin From Net: NetName=GND Pin=R505-2
Removed Pin From Net: NetName=V_REF Pin=R505-3
Removed Pin From Net: NetName=GND Pin=R555-1
Removed Pin From Net: NetName=SCS_Error Pin=R555-2
Removed Pin From Net: NetName=+5TS Pin=R706-1
Removed Pin From Net: NetName=Out_HV_Comparator Pin=R706-2
Removed Pin From Net: NetName=+5TS Pin=R708-1
Removed Pin From Net: NetName=VREF_HV_Detection Pin=R708-3
Removed Pin From Net: NetName=TS+_DCBus1 Pin=R709-1
Removed Pin From Net: NetName=Voltage_DCBus1 Pin=R709-2
Removed Pin From Net: NetName=Voltage_DCBus1 Pin=R710-1
Removed Pin From Net: NetName=VREF_HV_Detection Pin=TP703-1
Removed Pin From Net: NetName=HV_Accu_SCS Pin=U501-1
Removed Pin From Net: NetName=AIR+_SCS Pin=U501-2
Removed Pin From Net: NetName=V_REF Pin=U501-4
Removed Pin From Net: NetName=Precharge_State Pin=U501-5
Removed Pin From Net: NetName=V_REF Pin=U501-6
Removed Pin From Net: NetName=AIR-_State Pin=U501-7
Removed Pin From Net: NetName=V_REF Pin=U501-8
Removed Pin From Net: NetName=HV_Accumulator Pin=U501-9
Removed Pin From Net: NetName=V_REF Pin=U501-10
Removed Pin From Net: NetName=AIR+_State Pin=U501-11
Removed Pin From Net: NetName=Precharge_SCS Pin=U501-13
Removed Pin From Net: NetName=AIR-_SCS Pin=U501-14
Removed Pin From Net: NetName=SCS_Error Pin=U502-1
Removed Pin From Net: NetName=+5TS Pin=U702-3
Removed Pin From Net: NetName=Voltage_DCBus1 Pin=U702-8
Removed Pin From Net: NetName=VREF_HV_Detection Pin=U702-9
Removed Pin From Net: NetName=TS- Pin=U702-12
Removed Pin From Net: NetName=Out_HV_Comparator Pin=U702-14
Removed Pin From Net: NetName=Voltage_DCBus1 Pin=Voltage_DCBus1-1
Removed Member From Class: ClassName=TSAL_Control Member=C2
Removed Member From Class: ClassName=SCS Member=D501
Removed Member From Class: ClassName=TSAL_Control Member=F4
Removed Member From Class: ClassName=TSAL Red Member=Out_HV_Comparator
Removed Member From Class: ClassName=TSAL_Control Member=R4
Removed Member From Class: ClassName=TSAL_Control Member=R6
Removed Member From Class: ClassName=TSAL_Control Member=R8
Removed Member From Class: ClassName=TSAL Green Member=R111
Removed Member From Class: ClassName=Relay Implausibility Member=R333
Removed Member From Class: ClassName=EV 4.10.14 Member=R444
Removed Member From Class: ClassName=SCS Member=R555
Removed Member From Class: ClassName=TSAL Red Member=TP703
Removed Member From Class: ClassName=TSAL Red Member=Voltage_DCBus1
Change Component Footprint: Designator=R710 Old Footprint=0805 New Footprint=R0805FTK
Change Component Footprint: Designator=R3 Old Footprint=0805 New Footprint=RESC2013X70X40NL20T20
Change Component Footprint: Designator=R5 Old Footprint=0805 New Footprint=RESC2013X70X40NL20T20
Change Component Footprint: Designator=R7 Old Footprint=0805 New Footprint=RESC2013X70X40NL20T20
Change Component Footprint: Designator=R9 Old Footprint=0805 New Footprint=RESC2013X70X40NL20T20
Change Component Footprint: Designator=C3 Old Footprint=865080540004-Footprint-1 New Footprint=C1206FNPC-RW
Change Component Footprint: Designator=C1 Old Footprint=865080540004-Footprint-1 New Footprint=FP-CL31-IPC_A
Change Component Footprint: Designator=C4 Old Footprint=865080540004-Footprint-1 New Footprint=WCAP-CSGP_1210_L3.2W2.5H2.5
Change Component Footprint: Designator=X901 Old Footprint=HV-Relay-SPST-NC-24V New Footprint=HV-Relay-SPST-NC-24V
Change Component Footprint: Designator=R505 Old Footprint=R1k-VTR New Footprint=0805
Change Component Footprint: Designator=R708 Old Footprint=R10k-VTR New Footprint=0805
Change Component Footprint: Designator=R709 Old Footprint=R2512FTK New Footprint=R0805FTK
Change Component Footprint: Designator=AIR+_COIL Old Footprint=TestPoint New Footprint=TestPoint
Change Component Footprint: Designator=AIR+_IMPL Old Footprint=TestPoint New Footprint=TestPoint
Change Component Footprint: Designator=AIR+_SCS Old Footprint=TestPoint New Footprint=TestPoint
Change Component Footprint: Designator=AIR+_STATE Old Footprint=TestPoint New Footprint=TestPoint
Change Component Footprint: Designator=AIR-_COIL Old Footprint=TestPoint New Footprint=TestPoint
Change Component Footprint: Designator=AIR-_IMPL Old Footprint=TestPoint New Footprint=TestPoint
Change Component Footprint: Designator=AIR-_SCS Old Footprint=TestPoint New Footprint=TestPoint
Change Component Footprint: Designator=AIR-_STATE Old Footprint=TestPoint New Footprint=TestPoint
Change Component Footprint: Designator=HV_ACCU Old Footprint=TestPoint New Footprint=TestPoint
Change Component Footprint: Designator=HV_ACCU_SCS Old Footprint=TestPoint New Footprint=TestPoint
Change Component Footprint: Designator=HV_DET_TRIG Old Footprint=TestPoint New Footprint=TestPoint
Change Component Footprint: Designator=IMPL_UNDLY Old Footprint=TestPoint New Footprint=TestPoint
Change Component Footprint: Designator=IMPLAUSIBILITIES Old Footprint=TestPoint New Footprint=TestPoint
Change Component Footprint: Designator=LATCH_RST Old Footprint=TestPoint New Footprint=TestPoint
Change Component Footprint: Designator=NO_HV_REL_CLS Old Footprint=TestPoint New Footprint=TestPoint
Change Component Footprint: Designator=NOT_INT_REL_STATE Old Footprint=TestPoint New Footprint=TestPoint
Change Component Footprint: Designator=PRE_COIL Old Footprint=TestPoint New Footprint=TestPoint
Change Component Footprint: Designator=PRE_IMPL Old Footprint=TestPoint New Footprint=TestPoint
Change Component Footprint: Designator=PRE_SCS Old Footprint=TestPoint New Footprint=TestPoint
Change Component Footprint: Designator=PRE_STATE Old Footprint=TestPoint New Footprint=TestPoint
Change Component Footprint: Designator=RELAY_STATE_DET Old Footprint=TestPoint New Footprint=TestPoint
Change Component Footprint: Designator=RELAYS_IMPL Old Footprint=TestPoint New Footprint=TestPoint
Change Component Footprint: Designator=SAFE_STATE Old Footprint=TestPoint New Footprint=TestPoint
Change Component Footprint: Designator=SC_END Old Footprint=TestPoint New Footprint=TestPoint
Change Component Footprint: Designator=SCS_ERROR Old Footprint=TestPoint New Footprint=TestPoint
Change Component Footprint: Designator=TS_OFF Old Footprint=TestPoint New Footprint=TestPoint
Change Component Footprint: Designator=TS_ON Old Footprint=TestPoint New Footprint=TestPoint
Change Component Footprint: Designator=TSAL_GREEN Old Footprint=TestPoint New Footprint=TestPoint
Change Component Footprint: Designator=TSAL_RED Old Footprint=TestPoint New Footprint=TestPoint
Change Component Footprint: Designator=V_REF Old Footprint=TestPoint New Footprint=TestPoint
Change Component Footprint: Designator=L1 Old Footprint=WE-PD2_4532 New Footprint=WE-PD_7345
Change Component Footprint: Designator=U1 Old Footprint=WPME-FDSM_SIP-3_L11.6W8H10.4 New Footprint=WPME-FDSM_SIP-3_L11.6W8H10.4
Change Component Comment : Designator=L1 Old Comment=7447730 New Comment=3.3uH
Change Component Comment : Designator=C1 Old Comment=C10u-35V-Electrolytic New Comment=C1u-50V-1206
Change Component Comment : Designator=C4 Old Comment=C10u-35V-Electrolytic New Comment=C22u-25V-1210
Change Component Comment : Designator=C3 Old Comment=C10u-35V-Electrolytic New Comment=C100n-25V-1206FNPC-X7R
Change Component Comment : Designator=R505 Old Comment=R1k-VTR New Comment=R12K4-0805-0.125W
Change Component Comment : Designator=R709 Old Comment=R2M-2512FTK New Comment=R100-0805FTK
Change Component Comment : Designator=R10 Old Comment=R8.2K_0805_0.125W New Comment=R10_0805_0.25W
Change Component Comment : Designator=R1 Old Comment=R10k-0805FTK New Comment=10kR
Change Component Comment : Designator=R708 Old Comment=R10k-VTR New Comment=R2K_0.5W_0805
Change Component Comment : Designator=R3 Old Comment=R12K4-0805-0.125W New Comment=R100k-0805
Change Component Comment : Designator=R5 Old Comment=R12K4-0805-0.125W New Comment=R100k-0805
Change Component Comment : Designator=R7 Old Comment=R12K4-0805-0.125W New Comment=R100k-0805
Change Component Comment : Designator=R9 Old Comment=R12K4-0805-0.125W New Comment=R100k-0805
Change Component Comment : Designator=R710 Old Comment=R51k_0805 New Comment=R100-0805FTK
Change Component Comment : Designator=Q1 Old Comment=TRT-NCH-8/40-SQ New Comment=TRT-NCH
Change Component Comment : Designator=Q601 Old Comment=TRT-NCH-31/100 New Comment=TRT-NCH
Change Component Comment : Designator=Q801 Old Comment=TRT-NCH-31/100 New Comment=TRT-NCH
Change Component Designator: OldDesignator=AIR+_COIL NewDesignator=TP106
Change Component Designator: OldDesignator=AIR+_IMPL NewDesignator=TP301
Change Component Designator: OldDesignator=AIR+_SCS NewDesignator=TP506
Change Component Designator: OldDesignator=AIR+_STATE NewDesignator=TP102
Change Component Designator: OldDesignator=AIR-_COIL NewDesignator=TP108
Change Component Designator: OldDesignator=AIR-_IMPL NewDesignator=TP302
Change Component Designator: OldDesignator=AIR-_SCS NewDesignator=TP507
Change Component Designator: OldDesignator=AIR-_STATE NewDesignator=TP104
Change Component Designator: OldDesignator=HV_ACCU NewDesignator=TP105
Change Component Designator: OldDesignator=HV_ACCU_SCS NewDesignator=TP502
Change Component Designator: OldDesignator=HV_DET_TRIG NewDesignator=TP703
Change Component Designator: OldDesignator=IMPL_UNDLY NewDesignator=TP201
Change Component Designator: OldDesignator=IMPLAUSIBILITIES NewDesignator=TP202
Change Component Designator: OldDesignator=LATCH_RST NewDesignator=TP203
Change Component Designator: OldDesignator=NO_HV_REL_CLS NewDesignator=TP402
Change Component Designator: OldDesignator=NOT_INT_REL_STATE NewDesignator=TP401
Change Component Designator: OldDesignator=PRE_COIL NewDesignator=TP107
Change Component Designator: OldDesignator=PRE_IMPL NewDesignator=TP303
Change Component Designator: OldDesignator=PRE_SCS NewDesignator=TP509
Change Component Designator: OldDesignator=PRE_STATE NewDesignator=TP103
Change Component Designator: OldDesignator=Q703 NewDesignator=Q701
Change Component Designator: OldDesignator=R704 NewDesignator=R703
Change Component Designator: OldDesignator=R705 NewDesignator=R706
Change Component Designator: OldDesignator=RELAY_STATE_DET NewDesignator=TP304
Change Component Designator: OldDesignator=RELAYS_IMPL NewDesignator=TP305
Change Component Designator: OldDesignator=SAFE_STATE NewDesignator=TP204
Change Component Designator: OldDesignator=SC_END NewDesignator=TP109
Change Component Designator: OldDesignator=SCS_ERROR NewDesignator=TP511
Change Component Designator: OldDesignator=TS_OFF NewDesignator=TP101
Change Component Designator: OldDesignator=TS_ON NewDesignator=TP701
Change Component Designator: OldDesignator=TSAL_GREEN NewDesignator=TP601
Change Component Designator: OldDesignator=TSAL_RED NewDesignator=TP801
Change Component Designator: OldDesignator=U501 NewDesignator=U502
Change Component Designator: OldDesignator=U502 NewDesignator=U501
Change Component Designator: OldDesignator=U703 NewDesignator=U702
Change Component Designator: OldDesignator=V_REF NewDesignator=TP501
Change Managed Component Library Link : Designator=TP106 Old VaultGUID=082481D6-5331-4BED-BC73-1EE54992B059 New VaultGUID=082481D6-5331-4BED-BC73-1EE54992B059 Old ItemGUID=B0891733-8CFF-4B53-81D0-93669BC99A4B New ItemGUID=B0891733-8CFF-4B53-81D0-93669BC99A4B Old RevisionGUID=1593ECB8-28AD-458B-8766-4CC7BF7D72CF New RevisionGUID=22025590-4c47-4ee9-b9f2-5394e60e3a06
Change Managed Component Library Link : Designator=TP301 Old VaultGUID=082481D6-5331-4BED-BC73-1EE54992B059 New VaultGUID=082481D6-5331-4BED-BC73-1EE54992B059 Old ItemGUID=B0891733-8CFF-4B53-81D0-93669BC99A4B New ItemGUID=B0891733-8CFF-4B53-81D0-93669BC99A4B Old RevisionGUID=1593ECB8-28AD-458B-8766-4CC7BF7D72CF New RevisionGUID=22025590-4c47-4ee9-b9f2-5394e60e3a06
Change Managed Component Library Link : Designator=TP506 Old VaultGUID=082481D6-5331-4BED-BC73-1EE54992B059 New VaultGUID=082481D6-5331-4BED-BC73-1EE54992B059 Old ItemGUID=B0891733-8CFF-4B53-81D0-93669BC99A4B New ItemGUID=B0891733-8CFF-4B53-81D0-93669BC99A4B Old RevisionGUID=1593ECB8-28AD-458B-8766-4CC7BF7D72CF New RevisionGUID=22025590-4c47-4ee9-b9f2-5394e60e3a06
Change Managed Component Library Link : Designator=TP102 Old VaultGUID=082481D6-5331-4BED-BC73-1EE54992B059 New VaultGUID=082481D6-5331-4BED-BC73-1EE54992B059 Old ItemGUID=B0891733-8CFF-4B53-81D0-93669BC99A4B New ItemGUID=B0891733-8CFF-4B53-81D0-93669BC99A4B Old RevisionGUID=1593ECB8-28AD-458B-8766-4CC7BF7D72CF New RevisionGUID=22025590-4c47-4ee9-b9f2-5394e60e3a06
Change Managed Component Library Link : Designator=TP108 Old VaultGUID=082481D6-5331-4BED-BC73-1EE54992B059 New VaultGUID=082481D6-5331-4BED-BC73-1EE54992B059 Old ItemGUID=B0891733-8CFF-4B53-81D0-93669BC99A4B New ItemGUID=B0891733-8CFF-4B53-81D0-93669BC99A4B Old RevisionGUID=1593ECB8-28AD-458B-8766-4CC7BF7D72CF New RevisionGUID=22025590-4c47-4ee9-b9f2-5394e60e3a06
Change Managed Component Library Link : Designator=TP302 Old VaultGUID=082481D6-5331-4BED-BC73-1EE54992B059 New VaultGUID=082481D6-5331-4BED-BC73-1EE54992B059 Old ItemGUID=B0891733-8CFF-4B53-81D0-93669BC99A4B New ItemGUID=B0891733-8CFF-4B53-81D0-93669BC99A4B Old RevisionGUID=1593ECB8-28AD-458B-8766-4CC7BF7D72CF New RevisionGUID=22025590-4c47-4ee9-b9f2-5394e60e3a06
Change Managed Component Library Link : Designator=TP507 Old VaultGUID=082481D6-5331-4BED-BC73-1EE54992B059 New VaultGUID=082481D6-5331-4BED-BC73-1EE54992B059 Old ItemGUID=B0891733-8CFF-4B53-81D0-93669BC99A4B New ItemGUID=B0891733-8CFF-4B53-81D0-93669BC99A4B Old RevisionGUID=1593ECB8-28AD-458B-8766-4CC7BF7D72CF New RevisionGUID=22025590-4c47-4ee9-b9f2-5394e60e3a06
Change Managed Component Library Link : Designator=TP104 Old VaultGUID=082481D6-5331-4BED-BC73-1EE54992B059 New VaultGUID=082481D6-5331-4BED-BC73-1EE54992B059 Old ItemGUID=B0891733-8CFF-4B53-81D0-93669BC99A4B New ItemGUID=B0891733-8CFF-4B53-81D0-93669BC99A4B Old RevisionGUID=1593ECB8-28AD-458B-8766-4CC7BF7D72CF New RevisionGUID=22025590-4c47-4ee9-b9f2-5394e60e3a06
Change Managed Component Library Link : Designator=TP105 Old VaultGUID=082481D6-5331-4BED-BC73-1EE54992B059 New VaultGUID=082481D6-5331-4BED-BC73-1EE54992B059 Old ItemGUID=B0891733-8CFF-4B53-81D0-93669BC99A4B New ItemGUID=B0891733-8CFF-4B53-81D0-93669BC99A4B Old RevisionGUID=1593ECB8-28AD-458B-8766-4CC7BF7D72CF New RevisionGUID=22025590-4c47-4ee9-b9f2-5394e60e3a06
Change Managed Component Library Link : Designator=TP502 Old VaultGUID=082481D6-5331-4BED-BC73-1EE54992B059 New VaultGUID=082481D6-5331-4BED-BC73-1EE54992B059 Old ItemGUID=B0891733-8CFF-4B53-81D0-93669BC99A4B New ItemGUID=B0891733-8CFF-4B53-81D0-93669BC99A4B Old RevisionGUID=1593ECB8-28AD-458B-8766-4CC7BF7D72CF New RevisionGUID=22025590-4c47-4ee9-b9f2-5394e60e3a06
Change Managed Component Library Link : Designator=TP703 Old VaultGUID=082481D6-5331-4BED-BC73-1EE54992B059 New VaultGUID=082481D6-5331-4BED-BC73-1EE54992B059 Old ItemGUID=B0891733-8CFF-4B53-81D0-93669BC99A4B New ItemGUID=B0891733-8CFF-4B53-81D0-93669BC99A4B Old RevisionGUID=1593ECB8-28AD-458B-8766-4CC7BF7D72CF New RevisionGUID=22025590-4c47-4ee9-b9f2-5394e60e3a06
Change Managed Component Library Link : Designator=TP201 Old VaultGUID=082481D6-5331-4BED-BC73-1EE54992B059 New VaultGUID=082481D6-5331-4BED-BC73-1EE54992B059 Old ItemGUID=B0891733-8CFF-4B53-81D0-93669BC99A4B New ItemGUID=B0891733-8CFF-4B53-81D0-93669BC99A4B Old RevisionGUID=1593ECB8-28AD-458B-8766-4CC7BF7D72CF New RevisionGUID=22025590-4c47-4ee9-b9f2-5394e60e3a06
Change Managed Component Library Link : Designator=TP202 Old VaultGUID=082481D6-5331-4BED-BC73-1EE54992B059 New VaultGUID=082481D6-5331-4BED-BC73-1EE54992B059 Old ItemGUID=B0891733-8CFF-4B53-81D0-93669BC99A4B New ItemGUID=B0891733-8CFF-4B53-81D0-93669BC99A4B Old RevisionGUID=1593ECB8-28AD-458B-8766-4CC7BF7D72CF New RevisionGUID=22025590-4c47-4ee9-b9f2-5394e60e3a06
Change Managed Component Library Link : Designator=TP203 Old VaultGUID=082481D6-5331-4BED-BC73-1EE54992B059 New VaultGUID=082481D6-5331-4BED-BC73-1EE54992B059 Old ItemGUID=B0891733-8CFF-4B53-81D0-93669BC99A4B New ItemGUID=B0891733-8CFF-4B53-81D0-93669BC99A4B Old RevisionGUID=1593ECB8-28AD-458B-8766-4CC7BF7D72CF New RevisionGUID=22025590-4c47-4ee9-b9f2-5394e60e3a06
Change Managed Component Library Link : Designator=TP402 Old VaultGUID=082481D6-5331-4BED-BC73-1EE54992B059 New VaultGUID=082481D6-5331-4BED-BC73-1EE54992B059 Old ItemGUID=B0891733-8CFF-4B53-81D0-93669BC99A4B New ItemGUID=B0891733-8CFF-4B53-81D0-93669BC99A4B Old RevisionGUID=1593ECB8-28AD-458B-8766-4CC7BF7D72CF New RevisionGUID=22025590-4c47-4ee9-b9f2-5394e60e3a06
Change Managed Component Library Link : Designator=TP401 Old VaultGUID=082481D6-5331-4BED-BC73-1EE54992B059 New VaultGUID=082481D6-5331-4BED-BC73-1EE54992B059 Old ItemGUID=B0891733-8CFF-4B53-81D0-93669BC99A4B New ItemGUID=B0891733-8CFF-4B53-81D0-93669BC99A4B Old RevisionGUID=1593ECB8-28AD-458B-8766-4CC7BF7D72CF New RevisionGUID=22025590-4c47-4ee9-b9f2-5394e60e3a06
Change Managed Component Library Link : Designator=TP107 Old VaultGUID=082481D6-5331-4BED-BC73-1EE54992B059 New VaultGUID=082481D6-5331-4BED-BC73-1EE54992B059 Old ItemGUID=B0891733-8CFF-4B53-81D0-93669BC99A4B New ItemGUID=B0891733-8CFF-4B53-81D0-93669BC99A4B Old RevisionGUID=1593ECB8-28AD-458B-8766-4CC7BF7D72CF New RevisionGUID=22025590-4c47-4ee9-b9f2-5394e60e3a06
Change Managed Component Library Link : Designator=TP303 Old VaultGUID=082481D6-5331-4BED-BC73-1EE54992B059 New VaultGUID=082481D6-5331-4BED-BC73-1EE54992B059 Old ItemGUID=B0891733-8CFF-4B53-81D0-93669BC99A4B New ItemGUID=B0891733-8CFF-4B53-81D0-93669BC99A4B Old RevisionGUID=1593ECB8-28AD-458B-8766-4CC7BF7D72CF New RevisionGUID=22025590-4c47-4ee9-b9f2-5394e60e3a06
Change Managed Component Library Link : Designator=TP509 Old VaultGUID=082481D6-5331-4BED-BC73-1EE54992B059 New VaultGUID=082481D6-5331-4BED-BC73-1EE54992B059 Old ItemGUID=B0891733-8CFF-4B53-81D0-93669BC99A4B New ItemGUID=B0891733-8CFF-4B53-81D0-93669BC99A4B Old RevisionGUID=1593ECB8-28AD-458B-8766-4CC7BF7D72CF New RevisionGUID=22025590-4c47-4ee9-b9f2-5394e60e3a06
Change Managed Component Library Link : Designator=TP103 Old VaultGUID=082481D6-5331-4BED-BC73-1EE54992B059 New VaultGUID=082481D6-5331-4BED-BC73-1EE54992B059 Old ItemGUID=B0891733-8CFF-4B53-81D0-93669BC99A4B New ItemGUID=B0891733-8CFF-4B53-81D0-93669BC99A4B Old RevisionGUID=1593ECB8-28AD-458B-8766-4CC7BF7D72CF New RevisionGUID=22025590-4c47-4ee9-b9f2-5394e60e3a06
Change Managed Component Library Link : Designator=R501 Old VaultGUID=082481D6-5331-4BED-BC73-1EE54992B059 New VaultGUID=082481D6-5331-4BED-BC73-1EE54992B059 Old ItemGUID=860DE344-0621-4356-AC5F-22CDA21158F9 New ItemGUID=860DE344-0621-4356-AC5F-22CDA21158F9 Old RevisionGUID=713F461F-4CDB-4BFC-9344-E3A1A465D29E New RevisionGUID=624ABDEF-5E4E-42CF-8B85-D1FAE41C7067
Change Managed Component Library Link : Designator=R502 Old VaultGUID=082481D6-5331-4BED-BC73-1EE54992B059 New VaultGUID=082481D6-5331-4BED-BC73-1EE54992B059 Old ItemGUID=860DE344-0621-4356-AC5F-22CDA21158F9 New ItemGUID=860DE344-0621-4356-AC5F-22CDA21158F9 Old RevisionGUID=713F461F-4CDB-4BFC-9344-E3A1A465D29E New RevisionGUID=624ABDEF-5E4E-42CF-8B85-D1FAE41C7067
Change Managed Component Library Link : Designator=R503 Old VaultGUID=082481D6-5331-4BED-BC73-1EE54992B059 New VaultGUID=082481D6-5331-4BED-BC73-1EE54992B059 Old ItemGUID=860DE344-0621-4356-AC5F-22CDA21158F9 New ItemGUID=860DE344-0621-4356-AC5F-22CDA21158F9 Old RevisionGUID=713F461F-4CDB-4BFC-9344-E3A1A465D29E New RevisionGUID=624ABDEF-5E4E-42CF-8B85-D1FAE41C7067
Change Managed Component Library Link : Designator=R504 Old VaultGUID=082481D6-5331-4BED-BC73-1EE54992B059 New VaultGUID=082481D6-5331-4BED-BC73-1EE54992B059 Old ItemGUID=860DE344-0621-4356-AC5F-22CDA21158F9 New ItemGUID=860DE344-0621-4356-AC5F-22CDA21158F9 Old RevisionGUID=713F461F-4CDB-4BFC-9344-E3A1A465D29E New RevisionGUID=624ABDEF-5E4E-42CF-8B85-D1FAE41C7067
Change Managed Component Library Link : Designator=R601 Old VaultGUID=082481D6-5331-4BED-BC73-1EE54992B059 New VaultGUID=082481D6-5331-4BED-BC73-1EE54992B059 Old ItemGUID=0CCE7084-4617-4FAB-8E82-CB34D4D4DC38 New ItemGUID=0CCE7084-4617-4FAB-8E82-CB34D4D4DC38 Old RevisionGUID=9C4A4783-507C-46E5-A492-D4CA13347EBC New RevisionGUID=887DA15A-F20F-4B32-AD6D-7CF4BF8AE3BA
Change Managed Component Library Link : Designator=R602 Old VaultGUID=082481D6-5331-4BED-BC73-1EE54992B059 New VaultGUID=082481D6-5331-4BED-BC73-1EE54992B059 Old ItemGUID=860DE344-0621-4356-AC5F-22CDA21158F9 New ItemGUID=860DE344-0621-4356-AC5F-22CDA21158F9 Old RevisionGUID=713F461F-4CDB-4BFC-9344-E3A1A465D29E New RevisionGUID=624ABDEF-5E4E-42CF-8B85-D1FAE41C7067
Change Managed Component Library Link : Designator=R603 Old VaultGUID=082481D6-5331-4BED-BC73-1EE54992B059 New VaultGUID=082481D6-5331-4BED-BC73-1EE54992B059 Old ItemGUID=BD1C048C-D370-4C61-B53A-F8F121204368 New ItemGUID=BD1C048C-D370-4C61-B53A-F8F121204368 Old RevisionGUID=2EEB18A6-29E0-4035-915C-BF1AA2C3CE2D New RevisionGUID=ABE24953-ABBF-402A-B535-14FD885B5BDA
Change Managed Component Library Link : Designator=R604 Old VaultGUID=082481D6-5331-4BED-BC73-1EE54992B059 New VaultGUID=082481D6-5331-4BED-BC73-1EE54992B059 Old ItemGUID=BD1C048C-D370-4C61-B53A-F8F121204368 New ItemGUID=BD1C048C-D370-4C61-B53A-F8F121204368 Old RevisionGUID=2EEB18A6-29E0-4035-915C-BF1AA2C3CE2D New RevisionGUID=ABE24953-ABBF-402A-B535-14FD885B5BDA
Change Managed Component Library Link : Designator=R703 Old VaultGUID=082481D6-5331-4BED-BC73-1EE54992B059 New VaultGUID=082481D6-5331-4BED-BC73-1EE54992B059 Old ItemGUID=0CCE7084-4617-4FAB-8E82-CB34D4D4DC38 New ItemGUID=0CCE7084-4617-4FAB-8E82-CB34D4D4DC38 Old RevisionGUID=9C4A4783-507C-46E5-A492-D4CA13347EBC New RevisionGUID=887DA15A-F20F-4B32-AD6D-7CF4BF8AE3BA
Change Managed Component Library Link : Designator=R801 Old VaultGUID=082481D6-5331-4BED-BC73-1EE54992B059 New VaultGUID=082481D6-5331-4BED-BC73-1EE54992B059 Old ItemGUID=0CCE7084-4617-4FAB-8E82-CB34D4D4DC38 New ItemGUID=0CCE7084-4617-4FAB-8E82-CB34D4D4DC38 Old RevisionGUID=9C4A4783-507C-46E5-A492-D4CA13347EBC New RevisionGUID=887DA15A-F20F-4B32-AD6D-7CF4BF8AE3BA
Change Managed Component Library Link : Designator=R802 Old VaultGUID=082481D6-5331-4BED-BC73-1EE54992B059 New VaultGUID=082481D6-5331-4BED-BC73-1EE54992B059 Old ItemGUID=860DE344-0621-4356-AC5F-22CDA21158F9 New ItemGUID=860DE344-0621-4356-AC5F-22CDA21158F9 Old RevisionGUID=713F461F-4CDB-4BFC-9344-E3A1A465D29E New RevisionGUID=624ABDEF-5E4E-42CF-8B85-D1FAE41C7067
Change Managed Component Library Link : Designator=R803 Old VaultGUID=082481D6-5331-4BED-BC73-1EE54992B059 New VaultGUID=082481D6-5331-4BED-BC73-1EE54992B059 Old ItemGUID=BD1C048C-D370-4C61-B53A-F8F121204368 New ItemGUID=BD1C048C-D370-4C61-B53A-F8F121204368 Old RevisionGUID=2EEB18A6-29E0-4035-915C-BF1AA2C3CE2D New RevisionGUID=ABE24953-ABBF-402A-B535-14FD885B5BDA
Change Managed Component Library Link : Designator=R804 Old VaultGUID=082481D6-5331-4BED-BC73-1EE54992B059 New VaultGUID=082481D6-5331-4BED-BC73-1EE54992B059 Old ItemGUID=BD1C048C-D370-4C61-B53A-F8F121204368 New ItemGUID=BD1C048C-D370-4C61-B53A-F8F121204368 Old RevisionGUID=2EEB18A6-29E0-4035-915C-BF1AA2C3CE2D New RevisionGUID=ABE24953-ABBF-402A-B535-14FD885B5BDA
Change Managed Component Library Link : Designator=TP304 Old VaultGUID=082481D6-5331-4BED-BC73-1EE54992B059 New VaultGUID=082481D6-5331-4BED-BC73-1EE54992B059 Old ItemGUID=B0891733-8CFF-4B53-81D0-93669BC99A4B New ItemGUID=B0891733-8CFF-4B53-81D0-93669BC99A4B Old RevisionGUID=1593ECB8-28AD-458B-8766-4CC7BF7D72CF New RevisionGUID=22025590-4c47-4ee9-b9f2-5394e60e3a06
Change Managed Component Library Link : Designator=TP305 Old VaultGUID=082481D6-5331-4BED-BC73-1EE54992B059 New VaultGUID=082481D6-5331-4BED-BC73-1EE54992B059 Old ItemGUID=B0891733-8CFF-4B53-81D0-93669BC99A4B New ItemGUID=B0891733-8CFF-4B53-81D0-93669BC99A4B Old RevisionGUID=1593ECB8-28AD-458B-8766-4CC7BF7D72CF New RevisionGUID=22025590-4c47-4ee9-b9f2-5394e60e3a06
Change Managed Component Library Link : Designator=TP204 Old VaultGUID=082481D6-5331-4BED-BC73-1EE54992B059 New VaultGUID=082481D6-5331-4BED-BC73-1EE54992B059 Old ItemGUID=B0891733-8CFF-4B53-81D0-93669BC99A4B New ItemGUID=B0891733-8CFF-4B53-81D0-93669BC99A4B Old RevisionGUID=1593ECB8-28AD-458B-8766-4CC7BF7D72CF New RevisionGUID=22025590-4c47-4ee9-b9f2-5394e60e3a06
Change Managed Component Library Link : Designator=TP109 Old VaultGUID=082481D6-5331-4BED-BC73-1EE54992B059 New VaultGUID=082481D6-5331-4BED-BC73-1EE54992B059 Old ItemGUID=B0891733-8CFF-4B53-81D0-93669BC99A4B New ItemGUID=B0891733-8CFF-4B53-81D0-93669BC99A4B Old RevisionGUID=1593ECB8-28AD-458B-8766-4CC7BF7D72CF New RevisionGUID=22025590-4c47-4ee9-b9f2-5394e60e3a06
Change Managed Component Library Link : Designator=TP511 Old VaultGUID=082481D6-5331-4BED-BC73-1EE54992B059 New VaultGUID=082481D6-5331-4BED-BC73-1EE54992B059 Old ItemGUID=B0891733-8CFF-4B53-81D0-93669BC99A4B New ItemGUID=B0891733-8CFF-4B53-81D0-93669BC99A4B Old RevisionGUID=1593ECB8-28AD-458B-8766-4CC7BF7D72CF New RevisionGUID=22025590-4c47-4ee9-b9f2-5394e60e3a06
Change Managed Component Library Link : Designator=TP101 Old VaultGUID=082481D6-5331-4BED-BC73-1EE54992B059 New VaultGUID=082481D6-5331-4BED-BC73-1EE54992B059 Old ItemGUID=B0891733-8CFF-4B53-81D0-93669BC99A4B New ItemGUID=B0891733-8CFF-4B53-81D0-93669BC99A4B Old RevisionGUID=1593ECB8-28AD-458B-8766-4CC7BF7D72CF New RevisionGUID=22025590-4c47-4ee9-b9f2-5394e60e3a06
Change Managed Component Library Link : Designator=TP701 Old VaultGUID=082481D6-5331-4BED-BC73-1EE54992B059 New VaultGUID=082481D6-5331-4BED-BC73-1EE54992B059 Old ItemGUID=B0891733-8CFF-4B53-81D0-93669BC99A4B New ItemGUID=B0891733-8CFF-4B53-81D0-93669BC99A4B Old RevisionGUID=1593ECB8-28AD-458B-8766-4CC7BF7D72CF New RevisionGUID=22025590-4c47-4ee9-b9f2-5394e60e3a06
Change Managed Component Library Link : Designator=TP601 Old VaultGUID=082481D6-5331-4BED-BC73-1EE54992B059 New VaultGUID=082481D6-5331-4BED-BC73-1EE54992B059 Old ItemGUID=B0891733-8CFF-4B53-81D0-93669BC99A4B New ItemGUID=B0891733-8CFF-4B53-81D0-93669BC99A4B Old RevisionGUID=1593ECB8-28AD-458B-8766-4CC7BF7D72CF New RevisionGUID=22025590-4c47-4ee9-b9f2-5394e60e3a06
Change Managed Component Library Link : Designator=TP801 Old VaultGUID=082481D6-5331-4BED-BC73-1EE54992B059 New VaultGUID=082481D6-5331-4BED-BC73-1EE54992B059 Old ItemGUID=B0891733-8CFF-4B53-81D0-93669BC99A4B New ItemGUID=B0891733-8CFF-4B53-81D0-93669BC99A4B Old RevisionGUID=1593ECB8-28AD-458B-8766-4CC7BF7D72CF New RevisionGUID=22025590-4c47-4ee9-b9f2-5394e60e3a06
Change Managed Component Library Link : Designator=U1 Old VaultGUID=082481D6-5331-4BED-BC73-1EE54992B059 New VaultGUID=082481D6-5331-4BED-BC73-1EE54992B059 Old ItemGUID=c2c259d6-da61-4bfa-887d-8ea72568d761 New ItemGUID=c2c259d6-da61-4bfa-887d-8ea72568d761 Old RevisionGUID=e310500f-7e24-454b-84bb-f534615488d3 New RevisionGUID=b7ee66dc-c0ea-4684-8c19-319cc8a88556
Change Managed Component Library Link : Designator=U701 Old VaultGUID=082481D6-5331-4BED-BC73-1EE54992B059 New VaultGUID=082481D6-5331-4BED-BC73-1EE54992B059 Old ItemGUID=f98705cb-5493-4f3e-9ebe-5a687c273098 New ItemGUID=f98705cb-5493-4f3e-9ebe-5a687c273098 Old RevisionGUID=dbd50202-ad3f-4507-9660-4fcb58993eda New RevisionGUID=999e877f-b499-4b51-99d3-5d98d2c13e83
Change Managed Component Library Link : Designator=TP501 Old VaultGUID=082481D6-5331-4BED-BC73-1EE54992B059 New VaultGUID=082481D6-5331-4BED-BC73-1EE54992B059 Old ItemGUID=B0891733-8CFF-4B53-81D0-93669BC99A4B New ItemGUID=B0891733-8CFF-4B53-81D0-93669BC99A4B Old RevisionGUID=1593ECB8-28AD-458B-8766-4CC7BF7D72CF New RevisionGUID=22025590-4c47-4ee9-b9f2-5394e60e3a06
Change Managed Component Library Link : Designator=X901 Old VaultGUID=082481D6-5331-4BED-BC73-1EE54992B059 New VaultGUID=082481D6-5331-4BED-BC73-1EE54992B059 Old ItemGUID=3ec7c55d-6183-40f7-8a3a-4eae7b499a61 New ItemGUID=3ec7c55d-6183-40f7-8a3a-4eae7b499a61 Old RevisionGUID=84b7b0a0-18a0-465a-8d3e-4432e16c1d70 New RevisionGUID=45e535ad-c75a-469b-be1f-99e140bbcaba
Change Managed Component Library Link : Designator=C1 Old VaultGUID=082481D6-5331-4BED-BC73-1EE54992B059 New VaultGUID=082481D6-5331-4BED-BC73-1EE54992B059 Old ItemGUID=7b089684-64c3-4406-90d8-6202ca3eb8f7 New ItemGUID=f0f685b8-bb4f-4eb7-955b-2d634de1c674 Old RevisionGUID=b1e4f312-2129-43f8-96a4-596cc5f92cc9 New RevisionGUID=3dd300c8-9223-40c8-934c-c7aa1fd3a636
Change Managed Component Library Link : Designator=C3 Old VaultGUID=082481D6-5331-4BED-BC73-1EE54992B059 New VaultGUID=082481D6-5331-4BED-BC73-1EE54992B059 Old ItemGUID=7b089684-64c3-4406-90d8-6202ca3eb8f7 New ItemGUID=266ABC7F-14B6-454E-A437-FAE976586E48 Old RevisionGUID=b1e4f312-2129-43f8-96a4-596cc5f92cc9 New RevisionGUID=5A2D1B4C-E1D2-496C-9D87-61C95B1B6A95
Change Managed Component Library Link : Designator=C4 Old VaultGUID=082481D6-5331-4BED-BC73-1EE54992B059 New VaultGUID=082481D6-5331-4BED-BC73-1EE54992B059 Old ItemGUID=7b089684-64c3-4406-90d8-6202ca3eb8f7 New ItemGUID=b117e1e6-7473-4678-9abc-2bfa893e9240 Old RevisionGUID=b1e4f312-2129-43f8-96a4-596cc5f92cc9 New RevisionGUID=16ab32ce-b029-4d42-a476-923346eda5e9
Change Managed Component Library Link : Designator=L1 Old VaultGUID=082481D6-5331-4BED-BC73-1EE54992B059 New VaultGUID=082481D6-5331-4BED-BC73-1EE54992B059 Old ItemGUID=ec80b6f3-a75c-433f-9b80-b33f68d067c4 New ItemGUID=f132d478-3eb1-4be8-9415-3f88e822a06f Old RevisionGUID=141d4075-def8-4b81-9218-eef3fb6e1343 New RevisionGUID=6198f6fa-4bd6-4847-a98f-87ad7b6a58bc
Change Managed Component Library Link : Designator=R3 Old VaultGUID=082481D6-5331-4BED-BC73-1EE54992B059 New VaultGUID=082481D6-5331-4BED-BC73-1EE54992B059 Old ItemGUID=a22b896f-415b-4d38-9341-e6c5e9c0b070 New ItemGUID=8104fca7-4852-4953-b255-3fb46b4440bf Old RevisionGUID=aa89a8f7-de45-4692-acf7-bd07f15bd043 New RevisionGUID=473939A1-AE9F-4E89-AA95-ECA752B6CA5D
Change Managed Component Library Link : Designator=R5 Old VaultGUID=082481D6-5331-4BED-BC73-1EE54992B059 New VaultGUID=082481D6-5331-4BED-BC73-1EE54992B059 Old ItemGUID=a22b896f-415b-4d38-9341-e6c5e9c0b070 New ItemGUID=8104fca7-4852-4953-b255-3fb46b4440bf Old RevisionGUID=aa89a8f7-de45-4692-acf7-bd07f15bd043 New RevisionGUID=473939A1-AE9F-4E89-AA95-ECA752B6CA5D
Change Managed Component Library Link : Designator=R7 Old VaultGUID=082481D6-5331-4BED-BC73-1EE54992B059 New VaultGUID=082481D6-5331-4BED-BC73-1EE54992B059 Old ItemGUID=a22b896f-415b-4d38-9341-e6c5e9c0b070 New ItemGUID=8104fca7-4852-4953-b255-3fb46b4440bf Old RevisionGUID=aa89a8f7-de45-4692-acf7-bd07f15bd043 New RevisionGUID=473939A1-AE9F-4E89-AA95-ECA752B6CA5D
Change Managed Component Library Link : Designator=R9 Old VaultGUID=082481D6-5331-4BED-BC73-1EE54992B059 New VaultGUID=082481D6-5331-4BED-BC73-1EE54992B059 Old ItemGUID=a22b896f-415b-4d38-9341-e6c5e9c0b070 New ItemGUID=8104fca7-4852-4953-b255-3fb46b4440bf Old RevisionGUID=aa89a8f7-de45-4692-acf7-bd07f15bd043 New RevisionGUID=473939A1-AE9F-4E89-AA95-ECA752B6CA5D
Change Managed Component Library Link : Designator=R10 Old VaultGUID=082481D6-5331-4BED-BC73-1EE54992B059 New VaultGUID=082481D6-5331-4BED-BC73-1EE54992B059 Old ItemGUID=c55d6802-85d7-44b8-9f0d-3d77f182fc00 New ItemGUID=768a7a88-9658-4d40-a566-2dddc78f2420 Old RevisionGUID=05E51551-5632-4057-BDC2-258C687F4C22 New RevisionGUID=7EA5BA61-A09B-4801-97CD-C603EB8558E7
Change Managed Component Library Link : Designator=R505 Old VaultGUID=082481D6-5331-4BED-BC73-1EE54992B059 New VaultGUID=082481D6-5331-4BED-BC73-1EE54992B059 Old ItemGUID=CD54C1D8-98E2-4280-9595-338BF8B6BE3F New ItemGUID=a22b896f-415b-4d38-9341-e6c5e9c0b070 Old RevisionGUID=C2A75779-5531-4D86-8098-0C3A51046B44 New RevisionGUID=aa89a8f7-de45-4692-acf7-bd07f15bd043
Change Managed Component Library Link : Designator=R708 Old VaultGUID=082481D6-5331-4BED-BC73-1EE54992B059 New VaultGUID=082481D6-5331-4BED-BC73-1EE54992B059 Old ItemGUID=71C00B85-2A4B-4ABC-9031-43AF3CBFCC3C New ItemGUID=d87d0804-9353-4c18-bbe8-fdcfc6c1aa11 Old RevisionGUID=E4663587-7345-4B1E-B1D7-3B595BCE3043 New RevisionGUID=C4C49AA6-058E-4643-AFFF-640408F7E359
Change Managed Component Library Link : Designator=R709 Old VaultGUID=082481D6-5331-4BED-BC73-1EE54992B059 New VaultGUID=082481D6-5331-4BED-BC73-1EE54992B059 Old ItemGUID=F4B31A56-BDD1-4CF6-A2E4-554AD2F00C70 New ItemGUID=0CCE7084-4617-4FAB-8E82-CB34D4D4DC38 Old RevisionGUID=C9F89012-1699-48CC-A7B8-1B5685560540 New RevisionGUID=887DA15A-F20F-4B32-AD6D-7CF4BF8AE3BA
Change Managed Component Library Link : Designator=R710 Old VaultGUID=082481D6-5331-4BED-BC73-1EE54992B059 New VaultGUID=082481D6-5331-4BED-BC73-1EE54992B059 Old ItemGUID=b2a0a9a8-2f29-4bde-a7f1-f8afc898d22b New ItemGUID=0CCE7084-4617-4FAB-8E82-CB34D4D4DC38 Old RevisionGUID=8B29D456-8141-4F2A-A676-9A2F9FB71F37 New RevisionGUID=887DA15A-F20F-4B32-AD6D-7CF4BF8AE3BA
Change component parameters: Designator = "C1" ("C1"); Footprint = "865080540004-Footprint-1"; UniqueID = "\YDOYYTEY" ("\YDOYYTEY")
Change component parameters (AddParameter): Name = "Capacitance"; Value = ""; VariantName = "[No Variations]"
Change component parameters (AddParameter): Name = "Capacitor Type"; Value = "Ceramic"; VariantName = "[No Variations]"
Change component parameters (AddParameter): Name = "Case/Package"; Value = "1206"; VariantName = "[No Variations]"
Change component parameters (AddParameter): Name = "Connector Type"; Value = ""; VariantName = "[No Variations]"
Change component parameters (AddParameter): Name = "Gender"; Value = ""; VariantName = "[No Variations]"
Change component parameters (AddParameter): Name = "Max Current Rating"; Value = ""; VariantName = "[No Variations]"
Change component parameters (AddParameter): Name = "Max Operating Temperature"; Value = "125°C"; VariantName = "[No Variations]"
Change component parameters (AddParameter): Name = "Min Operating Temperature"; Value = "-55°C"; VariantName = "[No Variations]"
Change component parameters (AddParameter): Name = "Mounting Technology"; Value = "Surface Mount"; VariantName = "[No Variations]"
Change component parameters (AddParameter): Name = "Pins"; Value = "2"; VariantName = "[No Variations]"
Change component parameters (AddParameter): Name = "Ripple Current"; Value = ""; VariantName = "[No Variations]"
Change component parameters (AddParameter): Name = "Ripple Current (AC)"; Value = ""; VariantName = "[No Variations]"
Change component parameters (AddParameter): Name = "RoHS Compliant"; Value = "Yes"; VariantName = "[No Variations]"
Change component parameters (AddParameter): Name = "Tolerance"; Value = ""; VariantName = "[No Variations]"
Change component parameters (AddParameter): Name = "Value"; Value = "1µF"; VariantName = "[No Variations]"
Change component parameters (AddParameter): Name = "Voltage Rating"; Value = ""; VariantName = "[No Variations]"
Change component parameters: Designator = "C3" ("C3"); Footprint = "865080540004-Footprint-1"; UniqueID = "\VCZKGVBF" ("\VCZKGVBF")
Change component parameters (AddParameter): Name = ".Creator"; Value = "DO"; VariantName = "[No Variations]"
Change component parameters (AddParameter): Name = ".PCBcheck"; Value = ""; VariantName = "[No Variations]"
Change component parameters (AddParameter): Name = ".SCHcheck"; Value = ""; VariantName = "[No Variations]"
Change component parameters (AddParameter): Name = "Capacitance"; Value = ""; VariantName = "[No Variations]"
Change component parameters (AddParameter): Name = "Case Code (Metric)"; Value = "3216"; VariantName = "[No Variations]"
Change component parameters (AddParameter): Name = "Case/Package"; Value = "1206"; VariantName = "[No Variations]"
Change component parameters (AddParameter): Name = "Category"; Value = "Capacitor"; VariantName = "[No Variations]"
Change component parameters (AddParameter): Name = "ComponentLink1Description"; Value = "Datasheet"; VariantName = "[No Variations]"
Change component parameters (AddParameter): Name = "ComponentLink1URL"; Value = "https://www.we-online.com/catalog/datasheet/885012208058.pdf"; VariantName = "[No Variations]"
Change component parameters (AddParameter): Name = "ComponentLink2Description"; Value = "Where buy it"; VariantName = "[No Variations]"
Change component parameters (AddParameter): Name = "ComponentLink2URL"; Value = "https://www.we-online.com/catalog/en/WCAP-CSGP-25VDC#885012208058"; VariantName = "[No Variations]"
Change component parameters (AddParameter): Name = "ComponentLink3Description"; Value = "https://katalog.we-online.de/pbs/datasheet/885012208058.pdf?src-supplier=Digi-Key"; VariantName = "[No Variations]"
Change component parameters (AddParameter): Name = "ComponentLink3URL"; Value = "https://katalog.we-online.de/pbs/datasheet/885012208058.pdf?src-supplier=Digi-Key"; VariantName = "[No Variations]"
Change component parameters (AddParameter): Name = "Construction"; Value = ""; VariantName = "[No Variations]"
Change component parameters (AddParameter): Name = "Depth"; Value = ""; VariantName = "[No Variations]"
Change component parameters (AddParameter): Name = "Design Item ID"; Value = "C100n-25V-1206FNPC-X7R"; VariantName = "[No Variations]"
Change component parameters (AddParameter): Name = "Diameter"; Value = ""; VariantName = "[No Variations]"
Change component parameters (AddParameter): Name = "Dielectric"; Value = ""; VariantName = "[No Variations]"
Change component parameters (AddParameter): Name = "Dielectric Material"; Value = ""; VariantName = "[No Variations]"
Change component parameters (AddParameter): Name = "Dissipation Factor"; Value = ""; VariantName = "[No Variations]"
Change component parameters (AddParameter): Name = "ESR (Equivalent Series Resistance)"; Value = ""; VariantName = "[No Variations]"
Change component parameters (AddParameter): Name = "Features"; Value = ""; VariantName = "[No Variations]"
Change component parameters (AddParameter): Name = "Halogen Free"; Value = ""; VariantName = "[No Variations]"
Change component parameters (AddParameter): Name = "Height"; Value = ""; VariantName = "[No Variations]"
Change component parameters (AddParameter): Name = "Height - Seated (Max)"; Value = ""; VariantName = "[No Variations]"
Change component parameters (AddParameter): Name = "Impedance"; Value = ""; VariantName = "[No Variations]"
Change component parameters (AddParameter): Name = "Lead Diameter"; Value = ""; VariantName = "[No Variations]"
Change component parameters (AddParameter): Name = "Lead Free"; Value = ""; VariantName = "[No Variations]"
Change component parameters (AddParameter): Name = "Lead Pitch"; Value = ""; VariantName = "[No Variations]"
Change component parameters (AddParameter): Name = "Leakage Current"; Value = ""; VariantName = "[No Variations]"
Change component parameters (AddParameter): Name = "Length"; Value = "0.126inch"; VariantName = "[No Variations]"
Change component parameters (AddParameter): Name = "Life (Hours)"; Value = ""; VariantName = "[No Variations]"
Change component parameters (AddParameter): Name = "Manufacturer"; Value = "Wurth Electronics"; VariantName = "[No Variations]"
Change component parameters (AddParameter): Name = "Manufacturer 1"; Value = ""; VariantName = "[No Variations]"
Change component parameters (AddParameter): Name = "Manufacturer Part Number"; Value = "885012208058"; VariantName = "[No Variations]"
Change component parameters (AddParameter): Name = "Manufacturer Part Number 1"; Value = ""; VariantName = "[No Variations]"
Change component parameters (AddParameter): Name = "Material"; Value = ""; VariantName = "[No Variations]"
Change component parameters (AddParameter): Name = "Max Operating Temperature"; Value = "125°C"; VariantName = "[No Variations]"
Change component parameters (AddParameter): Name = "Min Operating Temperature"; Value = "-55°C"; VariantName = "[No Variations]"
Change component parameters (AddParameter): Name = "Mount"; Value = "Surface Mount"; VariantName = "[No Variations]"
Change component parameters (AddParameter): Name = "Package Quantity"; Value = ""; VariantName = "[No Variations]"
Change component parameters (AddParameter): Name = "Packaging"; Value = "Tape and Reel"; VariantName = "[No Variations]"
Change component parameters (AddParameter): Name = "Pins"; Value = ""; VariantName = "[No Variations]"
Change component parameters (AddParameter): Name = "Polarity"; Value = ""; VariantName = "[No Variations]"
Change component parameters (AddParameter): Name = "Pricing 1"; Value = "1=0,11000, 10=0,10100, 100=0,09100, 500=0,08000 (USD)"; VariantName = "[No Variations]"
Change component parameters (AddParameter): Name = "Radiation Hardening"; Value = ""; VariantName = "[No Variations]"
Change component parameters (AddParameter): Name = "Ratings"; Value = ""; VariantName = "[No Variations]"
Change component parameters (AddParameter): Name = "REACH SVHC"; Value = ""; VariantName = "[No Variations]"
Change component parameters (AddParameter): Name = "Ripple Current"; Value = ""; VariantName = "[No Variations]"
Change component parameters (AddParameter): Name = "RoHS"; Value = "Yes"; VariantName = "[No Variations]"
Change component parameters (AddParameter): Name = "RoHS Compliant"; Value = "Yes"; VariantName = "[No Variations]"
Change component parameters (AddParameter): Name = "Series"; Value = ""; VariantName = "[No Variations]"
Change component parameters (AddParameter): Name = "Source"; Value = "Passives.SchLib"; VariantName = "[No Variations]"
Change component parameters (AddParameter): Name = "Stock 1"; Value = "4375"; VariantName = "[No Variations]"
Change component parameters (AddParameter): Name = "Termination"; Value = ""; VariantName = "[No Variations]"
Change component parameters (AddParameter): Name = "Thickness"; Value = "0.035inch"; VariantName = "[No Variations]"
Change component parameters (AddParameter): Name = "Tolerance"; Value = "10%"; VariantName = "[No Variations]"
Change component parameters (AddParameter): Name = "Value"; Value = "100nF"; VariantName = "[No Variations]"
Change component parameters (AddParameter): Name = "Voltage"; Value = ""; VariantName = "[No Variations]"
Change component parameters (AddParameter): Name = "Voltage Rating"; Value = "25V"; VariantName = "[No Variations]"
Change component parameters (AddParameter): Name = "Voltage Rating (DC)"; Value = ""; VariantName = "[No Variations]"
Change component parameters (AddParameter): Name = "Weight"; Value = ""; VariantName = "[No Variations]"
Change component parameters (AddParameter): Name = "Width"; Value = "0.063inch"; VariantName = "[No Variations]"
Change component parameters: Designator = "C4" ("C4"); Footprint = "865080540004-Footprint-1"; UniqueID = "\OSDGFIYH" ("\OSDGFIYH")
Change component parameters (AddParameter): Name = "Capacitance"; Value = "22uF"; VariantName = "[No Variations]"
Change component parameters (AddParameter): Name = "Capacitor Type"; Value = ""; VariantName = "[No Variations]"
Change component parameters (AddParameter): Name = "Case/Package"; Value = ""; VariantName = "[No Variations]"
Change component parameters (AddParameter): Name = "Connector Type"; Value = ""; VariantName = "[No Variations]"
Change component parameters (AddParameter): Name = "Gender"; Value = ""; VariantName = "[No Variations]"
Change component parameters (AddParameter): Name = "Max Current Rating"; Value = ""; VariantName = "[No Variations]"
Change component parameters (AddParameter): Name = "Max Operating Temperature"; Value = ""; VariantName = "[No Variations]"
Change component parameters (AddParameter): Name = "Min Operating Temperature"; Value = ""; VariantName = "[No Variations]"
Change component parameters (AddParameter): Name = "Mounting Technology"; Value = ""; VariantName = "[No Variations]"
Change component parameters (AddParameter): Name = "Pins"; Value = ""; VariantName = "[No Variations]"
Change component parameters (AddParameter): Name = "Ripple Current"; Value = ""; VariantName = "[No Variations]"
Change component parameters (AddParameter): Name = "Ripple Current (AC)"; Value = ""; VariantName = "[No Variations]"
Change component parameters (AddParameter): Name = "RoHS Compliant"; Value = ""; VariantName = "[No Variations]"
Change component parameters (AddParameter): Name = "Tolerance"; Value = ""; VariantName = "[No Variations]"
Change component parameters (AddParameter): Name = "Value"; Value = ""; VariantName = "[No Variations]"
Change component parameters (AddParameter): Name = "Voltage Rating"; Value = ""; VariantName = "[No Variations]"
Change component parameters: Designator = "C702" ("C702"); Footprint = "WCAP-CSGP_0805_L2W1.25H0.8_Reflow"; UniqueID = "\EOUVXMZI\CVAFPSCI" ("\EOUVXMZI\CVAFPSCI")
Change component parameters (AddParameter): Name = "Capacitance"; Value = "100nF"; VariantName = "[No Variations]"
Change component parameters (AddParameter): Name = "Capacitor Type"; Value = "Ceramic"; VariantName = "[No Variations]"
Change component parameters (AddParameter): Name = "Case/Package"; Value = ""; VariantName = "[No Variations]"
Change component parameters (AddParameter): Name = "Max Operating Temperature"; Value = ""; VariantName = "[No Variations]"
Change component parameters (AddParameter): Name = "Min Operating Temperature"; Value = ""; VariantName = "[No Variations]"
Change component parameters (AddParameter): Name = "Mounting Technology"; Value = ""; VariantName = "[No Variations]"
Change component parameters (AddParameter): Name = "Pins"; Value = "2"; VariantName = "[No Variations]"
Change component parameters (AddParameter): Name = "Ripple Current"; Value = ""; VariantName = "[No Variations]"
Change component parameters (AddParameter): Name = "Ripple Current (AC)"; Value = ""; VariantName = "[No Variations]"
Change component parameters (AddParameter): Name = "RoHS Compliant"; Value = "Yes"; VariantName = "[No Variations]"
Change component parameters (AddParameter): Name = "Tolerance"; Value = ""; VariantName = "[No Variations]"
Change component parameters (AddParameter): Name = "Value"; Value = ""; VariantName = "[No Variations]"
Change component parameters (AddParameter): Name = "Voltage Rating"; Value = ""; VariantName = "[No Variations]"
Change component parameters: Designator = "C704" ("C704"); Footprint = "WCAP-CSGP_0805_L2W1.25H0.8_Reflow"; UniqueID = "\EOUVXMZI\QXOUHJAX" ("\EOUVXMZI\QXOUHJAX")
Change component parameters (AddParameter): Name = "Capacitance"; Value = "100nF"; VariantName = "[No Variations]"
Change component parameters (AddParameter): Name = "Capacitor Type"; Value = "Ceramic"; VariantName = "[No Variations]"
Change component parameters (AddParameter): Name = "Case/Package"; Value = ""; VariantName = "[No Variations]"
Change component parameters (AddParameter): Name = "Max Operating Temperature"; Value = ""; VariantName = "[No Variations]"
Change component parameters (AddParameter): Name = "Min Operating Temperature"; Value = ""; VariantName = "[No Variations]"
Change component parameters (AddParameter): Name = "Mounting Technology"; Value = ""; VariantName = "[No Variations]"
Change component parameters (AddParameter): Name = "Pins"; Value = "2"; VariantName = "[No Variations]"
Change component parameters (AddParameter): Name = "Ripple Current"; Value = ""; VariantName = "[No Variations]"
Change component parameters (AddParameter): Name = "Ripple Current (AC)"; Value = ""; VariantName = "[No Variations]"
Change component parameters (AddParameter): Name = "RoHS Compliant"; Value = "Yes"; VariantName = "[No Variations]"
Change component parameters (AddParameter): Name = "Tolerance"; Value = ""; VariantName = "[No Variations]"
Change component parameters (AddParameter): Name = "Value"; Value = ""; VariantName = "[No Variations]"
Change component parameters (AddParameter): Name = "Voltage Rating"; Value = ""; VariantName = "[No Variations]"
Change component parameters: Designator = "L1" ("L1"); Footprint = "WE-PD2_4532"; UniqueID = "\RABXMZQV" ("\RABXMZQV")
Change component parameters (AddParameter): Name = "Case/Package"; Value = ""; VariantName = "[No Variations]"
Change component parameters (AddParameter): Name = "Current Rating"; Value = ""; VariantName = "[No Variations]"
Change component parameters (AddParameter): Name = "Inductance"; Value = ""; VariantName = "[No Variations]"
Change component parameters (AddParameter): Name = "Max Current Rating"; Value = "5A"; VariantName = "[No Variations]"
Change component parameters (AddParameter): Name = "Max Operating Temperature"; Value = "125°C"; VariantName = "[No Variations]"
Change component parameters (AddParameter): Name = "Min Operating Temperature"; Value = "-40°C"; VariantName = "[No Variations]"
Change component parameters (AddParameter): Name = "Mounting Technology"; Value = ""; VariantName = "[No Variations]"
Change component parameters (AddParameter): Name = "Pins"; Value = "2"; VariantName = "[No Variations]"
Change component parameters (AddParameter): Name = "RoHS Compliant"; Value = "Yes"; VariantName = "[No Variations]"
Change component parameters (AddParameter): Name = "Self Resonant Frequency"; Value = "55MHz"; VariantName = "[No Variations]"
Change component parameters (AddParameter): Name = "Tolerance"; Value = "20%"; VariantName = "[No Variations]"
Change component parameters (AddParameter): Name = "Value"; Value = ""; VariantName = "[No Variations]"
Change component parameters: Designator = "R2" ("R2"); Footprint = "R0805FTK"; UniqueID = "\NECDEKDM" ("\NECDEKDM")
Change component parameters (AddParameter): Name = ".Creator"; Value = "DR"; VariantName = "[No Variations]"
Change component parameters (AddParameter): Name = ".PCBcheck"; Value = ""; VariantName = "[No Variations]"
Change component parameters (AddParameter): Name = ".SCHcheck"; Value = ""; VariantName = "[No Variations]"
Change component parameters (AddParameter): Name = "Case Code (Metric)"; Value = "2012"; VariantName = "[No Variations]"
Change component parameters (AddParameter): Name = "Case/Package"; Value = "0805"; VariantName = "[No Variations]"
Change component parameters (AddParameter): Name = "Category"; Value = "Chip SMD Resistors"; VariantName = "[No Variations]"
Change component parameters (AddParameter): Name = "Circuit Type"; Value = ""; VariantName = "[No Variations]"
Change component parameters (AddParameter): Name = "Color"; Value = ""; VariantName = "[No Variations]"
Change component parameters (AddParameter): Name = "ComponentLink1Description"; Value = "https://datasheet.ciiva.com/11821/0900766b80fcdb72-11821135.pdf?src-supplier=RSComponents"; VariantName = "[No Variations]"
Change component parameters (AddParameter): Name = "ComponentLink1URL"; Value = "https://datasheet.ciiva.com/11821/0900766b80fcdb72-11821135.pdf?src-supplier=RSComponents"; VariantName = "[No Variations]"
Change component parameters (AddParameter): Name = "ComponentLink2Description"; Value = "https://datasheet.ciiva.com/9122/chpreztr-9122374.pdf?src-supplier=Avnet"; VariantName = "[No Variations]"
Change component parameters (AddParameter): Name = "ComponentLink2URL"; Value = "https://datasheet.ciiva.com/9122/chpreztr-9122374.pdf?src-supplier=Avnet"; VariantName = "[No Variations]"
Change component parameters (AddParameter): Name = "ComponentLink3Description"; Value = "https://datasheet.ciiva.com/22693/1902866-22693254.pdf?src-supplier=Element14"; VariantName = "[No Variations]"
Change component parameters (AddParameter): Name = "ComponentLink3URL"; Value = "https://datasheet.ciiva.com/22693/1902866-22693254.pdf?src-supplier=Element14"; VariantName = "[No Variations]"
Change component parameters (AddParameter): Name = "ComponentLink4Description"; Value = "https://datasheet.ciiva.com/7986/691949-7986187.pdf?src-supplier=Element14"; VariantName = "[No Variations]"
Change component parameters (AddParameter): Name = "ComponentLink4URL"; Value = "https://datasheet.ciiva.com/7986/691949-7986187.pdf?src-supplier=Element14"; VariantName = "[No Variations]"
Change component parameters (AddParameter): Name = "ComponentLink5Description"; Value = "https://datasheet.ciiva.com/30065/159chpreztr-30065976.pdf?src-supplier=Onlinecomponents.com"; VariantName = "[No Variations]"
Change component parameters (AddParameter): Name = "ComponentLink5URL"; Value = "https://datasheet.ciiva.com/30065/159chpreztr-30065976.pdf?src-supplier=Onlinecomponents.com"; VariantName = "[No Variations]"
Change component parameters (AddParameter): Name = "ComponentLink6Description"; Value = "https://datasheet.ciiva.com/16783/70154685-16783482.pdf?src-supplier=Allied+Electronics"; VariantName = "[No Variations]"
Change component parameters (AddParameter): Name = "ComponentLink6URL"; Value = "https://datasheet.ciiva.com/16783/70154685-16783482.pdf?src-supplier=Allied+Electronics"; VariantName = "[No Variations]"
Change component parameters (AddParameter): Name = "ComponentLink7Description"; Value = "https://datasheet.ciiva.com/5548/chpreztr-5548491.pdf?src-supplier=Mouser"; VariantName = "[No Variations]"
Change component parameters (AddParameter): Name = "ComponentLink7URL"; Value = "https://datasheet.ciiva.com/5548/chpreztr-5548491.pdf?src-supplier=Mouser"; VariantName = "[No Variations]"
Change component parameters (AddParameter): Name = "ComponentLink8Description"; Value = "https://datasheet.ciiva.com/6559/chpreztr-6559900.pdf?src-supplier=Digi-Key"; VariantName = "[No Variations]"
Change component parameters (AddParameter): Name = "ComponentLink8URL"; Value = "https://datasheet.ciiva.com/6559/chpreztr-6559900.pdf?src-supplier=Digi-Key"; VariantName = "[No Variations]"
Change component parameters (AddParameter): Name = "ComponentLink9Description"; Value = "https://datasheet.ciiva.com/6559/chpreztr-6559901.pdf?src-supplier=Digi-Key"; VariantName = "[No Variations]"
Change component parameters (AddParameter): Name = "ComponentLink9URL"; Value = "https://datasheet.ciiva.com/6559/chpreztr-6559901.pdf?src-supplier=Digi-Key"; VariantName = "[No Variations]"
Change component parameters (AddParameter): Name = "ComponentLink10Description"; Value = "https://datasheet.ciiva.com/7985/1856384-7985869.pdf?src-supplier=Element14"; VariantName = "[No Variations]"
Change component parameters (AddParameter): Name = "ComponentLink10URL"; Value = "https://datasheet.ciiva.com/7985/1856384-7985869.pdf?src-supplier=Element14"; VariantName = "[No Variations]"
Change component parameters (AddParameter): Name = "ComponentLink11Description"; Value = "https://datasheet.ciiva.com/48692/001055517-da-01-en-smd-wid-cr0805-jw-103elf-10k-ohm-1-8w-48692118.pdf?src-supplier=Conrad"; VariantName = "[No Variations]"
Change component parameters (AddParameter): Name = "ComponentLink11URL"; Value = "https://datasheet.ciiva.com/48692/001055517-da-01-en-smd-wid-cr0805-jw-103elf-10k-ohm-1-8w-48692118.pdf?src-supplier=Conrad"; VariantName = "[No Variations]"
Change component parameters (AddParameter): Name = "Construction"; Value = "Rectangular"; VariantName = "[No Variations]"
Change component parameters (AddParameter): Name = "Contact Plating"; Value = "Tin"; VariantName = "[No Variations]"
Change component parameters (AddParameter): Name = "Current Rating"; Value = ""; VariantName = "[No Variations]"
Change component parameters (AddParameter): Name = "Depth"; Value = "1.25mm"; VariantName = "[No Variations]"
Change component parameters (AddParameter): Name = "Design Item ID"; Value = "R10k-0805FTK"; VariantName = "[No Variations]"
Change component parameters (AddParameter): Name = "ELV"; Value = ""; VariantName = "[No Variations]"
Change component parameters (AddParameter): Name = "Features"; Value = "Moisture Resistant"; VariantName = "[No Variations]"
Change component parameters (AddParameter): Name = "Height"; Value = "0.5mm"; VariantName = "[No Variations]"
Change component parameters (AddParameter): Name = "Insulation Resistance"; Value = ""; VariantName = "[No Variations]"
Change component parameters (AddParameter): Name = "Lead Free"; Value = ""; VariantName = "[No Variations]"
Change component parameters (AddParameter): Name = "Lead Length"; Value = ""; VariantName = "[No Variations]"
Change component parameters (AddParameter): Name = "Length"; Value = "2mm"; VariantName = "[No Variations]"
Change component parameters (AddParameter): Name = "Manufacturer"; Value = ""; VariantName = "[No Variations]"
Change component parameters (AddParameter): Name = "Manufacturer 1"; Value = "Bourns"; VariantName = "[No Variations]"
Change component parameters (AddParameter): Name = "Manufacturer Part Number"; Value = ""; VariantName = "[No Variations]"
Change component parameters (AddParameter): Name = "Manufacturer Part Number 1"; Value = "CR0805-JW-103ELF"; VariantName = "[No Variations]"
Change component parameters (AddParameter): Name = "Max Operating Temperature"; Value = "155°C"; VariantName = "[No Variations]"
Change component parameters (AddParameter): Name = "Max Power Dissipation"; Value = "125mW"; VariantName = "[No Variations]"
Change component parameters (AddParameter): Name = "Military Standard"; Value = "Not"; VariantName = "[No Variations]"
Change component parameters (AddParameter): Name = "Min Operating Temperature"; Value = "-55°C"; VariantName = "[No Variations]"
Change component parameters (AddParameter): Name = "Mount"; Value = "Surface Mount"; VariantName = "[No Variations]"
Change component parameters (AddParameter): Name = "Mounting Technology"; Value = ""; VariantName = "[No Variations]"
Change component parameters (AddParameter): Name = "Number of Contacts"; Value = ""; VariantName = "[No Variations]"
Change component parameters (AddParameter): Name = "Number of Elements"; Value = ""; VariantName = "[No Variations]"
Change component parameters (AddParameter): Name = "Number of Resistors"; Value = ""; VariantName = "[No Variations]"
Change component parameters (AddParameter): Name = "Number of Terminals/Pins"; Value = ""; VariantName = "[No Variations]"
Change component parameters (AddParameter): Name = "Number of Terminations"; Value = "2"; VariantName = "[No Variations]"
Change component parameters (AddParameter): Name = "Number of Turns"; Value = ""; VariantName = "[No Variations]"
Change component parameters (AddParameter): Name = "Package Quantity"; Value = "1"; VariantName = "[No Variations]"
Change component parameters (AddParameter): Name = "Package Shape"; Value = ""; VariantName = "[No Variations]"
Change component parameters (AddParameter): Name = "Packaging"; Value = "Tape and Reel"; VariantName = "[No Variations]"
Change component parameters (AddParameter): Name = "Pins"; Value = "2"; VariantName = "[No Variations]"
Change component parameters (AddParameter): Name = "Power"; Value = ""; VariantName = "[No Variations]"
Change component parameters (AddParameter): Name = "Power Per Element"; Value = ""; VariantName = "[No Variations]"
Change component parameters (AddParameter): Name = "Power Rating"; Value = "125mW"; VariantName = "[No Variations]"
Change component parameters (AddParameter): Name = "Pricing 1"; Value = "1=0,05790, 10=0,01540, 25=0,01340, 100=0,00340 (USD)"; VariantName = "[No Variations]"
Change component parameters (AddParameter): Name = "Radiation Hardening"; Value = "No"; VariantName = "[No Variations]"
Change component parameters (AddParameter): Name = "REACH SVHC"; Value = "No SVHC"; VariantName = "[No Variations]"
Change component parameters (AddParameter): Name = "Resistance"; Value = ""; VariantName = "[No Variations]"
Change component parameters (AddParameter): Name = "Resistance Tolerance"; Value = "5%"; VariantName = "[No Variations]"
Change component parameters (AddParameter): Name = "Resistence"; Value = ""; VariantName = "[No Variations]"
Change component parameters (AddParameter): Name = "Resistor Type"; Value = "Thick Film"; VariantName = "[No Variations]"
Change component parameters (AddParameter): Name = "RoHS"; Value = "Yes"; VariantName = "[No Variations]"
Change component parameters (AddParameter): Name = "RoHS Compliant"; Value = "Yes"; VariantName = "[No Variations]"
Change component parameters (AddParameter): Name = "Series"; Value = "CR0805"; VariantName = "[No Variations]"
Change component parameters (AddParameter): Name = "Size Code"; Value = ""; VariantName = "[No Variations]"
Change component parameters (AddParameter): Name = "Source"; Value = "Passives.SchLib"; VariantName = "[No Variations]"
Change component parameters (AddParameter): Name = "Stock 1"; Value = "57566"; VariantName = "[No Variations]"
Change component parameters (AddParameter): Name = "Taper"; Value = ""; VariantName = "[No Variations]"
Change component parameters (AddParameter): Name = "Technology"; Value = "THICK FILM"; VariantName = "[No Variations]"
Change component parameters (AddParameter): Name = "Temperature Coefficient"; Value = "200ppm/°C"; VariantName = "[No Variations]"
Change component parameters (AddParameter): Name = "Terminal Finish"; Value = ""; VariantName = "[No Variations]"
Change component parameters (AddParameter): Name = "Terminal Pitch"; Value = ""; VariantName = "[No Variations]"
Change component parameters (AddParameter): Name = "Termination"; Value = "SMD/SMT"; VariantName = "[No Variations]"
Change component parameters (AddParameter): Name = "Thickness"; Value = "508um"; VariantName = "[No Variations]"
Change component parameters (AddParameter): Name = "Tolerance"; Value = "5%"; VariantName = "[No Variations]"
Change component parameters (AddParameter): Name = "Value"; Value = "10kR"; VariantName = "[No Variations]"
Change component parameters (AddParameter): Name = "Voltage Rating"; Value = "150V"; VariantName = "[No Variations]"
Change component parameters (AddParameter): Name = "Voltage Rating (DC)"; Value = "100V"; VariantName = "[No Variations]"
Change component parameters (AddParameter): Name = "Weight"; Value = ""; VariantName = "[No Variations]"
Change component parameters (AddParameter): Name = "Width"; Value = "1.25mm"; VariantName = "[No Variations]"
Change component parameters (AddParameter): Name = "Working Voltage"; Value = ""; VariantName = "[No Variations]"
Change component parameters: Designator = "R3" ("R3"); Footprint = "0805"; UniqueID = "\QAOAEUKR" ("\QAOAEUKR")
Change component parameters (AddParameter): Name = "Case/Package"; Value = "0805"; VariantName = "[No Variations]"
Change component parameters (AddParameter): Name = "Max Operating Temperature"; Value = "155°C"; VariantName = "[No Variations]"
Change component parameters (AddParameter): Name = "Min Operating Temperature"; Value = "-55°C"; VariantName = "[No Variations]"
Change component parameters (AddParameter): Name = "Mounting Technology"; Value = "Surface Mount"; VariantName = "[No Variations]"
Change component parameters (AddParameter): Name = "Pins"; Value = "2"; VariantName = "[No Variations]"
Change component parameters (AddParameter): Name = "Power"; Value = "125mW"; VariantName = "[No Variations]"
Change component parameters (AddParameter): Name = "Resistance"; Value = ""; VariantName = "[No Variations]"
Change component parameters (AddParameter): Name = "RoHS Compliant"; Value = "Yes"; VariantName = "[No Variations]"
Change component parameters (AddParameter): Name = "Tolerance"; Value = "5%"; VariantName = "[No Variations]"
Change component parameters (AddParameter): Name = "Value"; Value = "100k"; VariantName = "[No Variations]"
Change component parameters (AddParameter): Name = "Voltage Rating"; Value = ""; VariantName = "[No Variations]"
Change component parameters: Designator = "R5" ("R5"); Footprint = "0805"; UniqueID = "\LROGUSJX" ("\LROGUSJX")
Change component parameters (AddParameter): Name = "Case/Package"; Value = "0805"; VariantName = "[No Variations]"
Change component parameters (AddParameter): Name = "Max Operating Temperature"; Value = "155°C"; VariantName = "[No Variations]"
Change component parameters (AddParameter): Name = "Min Operating Temperature"; Value = "-55°C"; VariantName = "[No Variations]"
Change component parameters (AddParameter): Name = "Mounting Technology"; Value = "Surface Mount"; VariantName = "[No Variations]"
Change component parameters (AddParameter): Name = "Pins"; Value = "2"; VariantName = "[No Variations]"
Change component parameters (AddParameter): Name = "Power"; Value = "125mW"; VariantName = "[No Variations]"
Change component parameters (AddParameter): Name = "Resistance"; Value = ""; VariantName = "[No Variations]"
Change component parameters (AddParameter): Name = "RoHS Compliant"; Value = "Yes"; VariantName = "[No Variations]"
Change component parameters (AddParameter): Name = "Tolerance"; Value = "5%"; VariantName = "[No Variations]"
Change component parameters (AddParameter): Name = "Value"; Value = "100k"; VariantName = "[No Variations]"
Change component parameters (AddParameter): Name = "Voltage Rating"; Value = ""; VariantName = "[No Variations]"
Change component parameters: Designator = "R7" ("R7"); Footprint = "0805"; UniqueID = "\AGTBFJNU" ("\AGTBFJNU")
Change component parameters (AddParameter): Name = "Case/Package"; Value = "0805"; VariantName = "[No Variations]"
Change component parameters (AddParameter): Name = "Max Operating Temperature"; Value = "155°C"; VariantName = "[No Variations]"
Change component parameters (AddParameter): Name = "Min Operating Temperature"; Value = "-55°C"; VariantName = "[No Variations]"
Change component parameters (AddParameter): Name = "Mounting Technology"; Value = "Surface Mount"; VariantName = "[No Variations]"
Change component parameters (AddParameter): Name = "Pins"; Value = "2"; VariantName = "[No Variations]"
Change component parameters (AddParameter): Name = "Power"; Value = "125mW"; VariantName = "[No Variations]"
Change component parameters (AddParameter): Name = "Resistance"; Value = ""; VariantName = "[No Variations]"
Change component parameters (AddParameter): Name = "RoHS Compliant"; Value = "Yes"; VariantName = "[No Variations]"
Change component parameters (AddParameter): Name = "Tolerance"; Value = "5%"; VariantName = "[No Variations]"
Change component parameters (AddParameter): Name = "Value"; Value = "100k"; VariantName = "[No Variations]"
Change component parameters (AddParameter): Name = "Voltage Rating"; Value = ""; VariantName = "[No Variations]"
Change component parameters: Designator = "R9" ("R9"); Footprint = "0805"; UniqueID = "\NEWEWRLV" ("\NEWEWRLV")
Change component parameters (AddParameter): Name = "Case/Package"; Value = "0805"; VariantName = "[No Variations]"
Change component parameters (AddParameter): Name = "Max Operating Temperature"; Value = "155°C"; VariantName = "[No Variations]"
Change component parameters (AddParameter): Name = "Min Operating Temperature"; Value = "-55°C"; VariantName = "[No Variations]"
Change component parameters (AddParameter): Name = "Mounting Technology"; Value = "Surface Mount"; VariantName = "[No Variations]"
Change component parameters (AddParameter): Name = "Pins"; Value = "2"; VariantName = "[No Variations]"
Change component parameters (AddParameter): Name = "Power"; Value = "125mW"; VariantName = "[No Variations]"
Change component parameters (AddParameter): Name = "Resistance"; Value = ""; VariantName = "[No Variations]"
Change component parameters (AddParameter): Name = "RoHS Compliant"; Value = "Yes"; VariantName = "[No Variations]"
Change component parameters (AddParameter): Name = "Tolerance"; Value = "5%"; VariantName = "[No Variations]"
Change component parameters (AddParameter): Name = "Value"; Value = "100k"; VariantName = "[No Variations]"
Change component parameters (AddParameter): Name = "Voltage Rating"; Value = ""; VariantName = "[No Variations]"
Change component parameters: Designator = "R10" ("R10"); Footprint = "0805"; UniqueID = "\QQPRZABO" ("\QQPRZABO")
Change component parameters (AddParameter): Name = "Case/Package"; Value = ""; VariantName = "[No Variations]"
Change component parameters (AddParameter): Name = "Max Operating Temperature"; Value = ""; VariantName = "[No Variations]"
Change component parameters (AddParameter): Name = "Min Operating Temperature"; Value = ""; VariantName = "[No Variations]"
Change component parameters (AddParameter): Name = "Mounting Technology"; Value = ""; VariantName = "[No Variations]"
Change component parameters (AddParameter): Name = "Pins"; Value = ""; VariantName = "[No Variations]"
Change component parameters (AddParameter): Name = "Power"; Value = ""; VariantName = "[No Variations]"
Change component parameters (AddParameter): Name = "Resistance"; Value = "10"; VariantName = "[No Variations]"
Change component parameters (AddParameter): Name = "RoHS Compliant"; Value = ""; VariantName = "[No Variations]"
Change component parameters (AddParameter): Name = "Tolerance"; Value = ""; VariantName = "[No Variations]"
Change component parameters (AddParameter): Name = "Value"; Value = ""; VariantName = "[No Variations]"
Change component parameters (AddParameter): Name = "Voltage Rating"; Value = ""; VariantName = "[No Variations]"
Change component parameters: Designator = "R505" ("R505"); Footprint = "R1k-VTR"; UniqueID = "\BOWZFPIR\MUJMYNSK\LKHHDISZ\DBTPZTNY" ("\BOWZFPIR\MUJMYNSK\LKHHDISZ\DBTPZTNY")
Change component parameters (AddParameter): Name = "Case/Package"; Value = "0805"; VariantName = "[No Variations]"
Change component parameters (AddParameter): Name = "Connector Type"; Value = ""; VariantName = "[No Variations]"
Change component parameters (AddParameter): Name = "Gender"; Value = ""; VariantName = "[No Variations]"
Change component parameters (AddParameter): Name = "Max Current Rating"; Value = ""; VariantName = "[No Variations]"
Change component parameters (AddParameter): Name = "Max Operating Temperature"; Value = "155°C"; VariantName = "[No Variations]"
Change component parameters (AddParameter): Name = "Min Operating Temperature"; Value = "-55°C"; VariantName = "[No Variations]"
Change component parameters (AddParameter): Name = "Mounting Technology"; Value = "Surface Mount"; VariantName = "[No Variations]"
Change component parameters (AddParameter): Name = "Pins"; Value = "2"; VariantName = "[No Variations]"
Change component parameters (AddParameter): Name = "Power"; Value = "125mW"; VariantName = "[No Variations]"
Change component parameters (AddParameter): Name = "Resistance"; Value = ""; VariantName = "[No Variations]"
Change component parameters (AddParameter): Name = "RoHS Compliant"; Value = "Yes"; VariantName = "[No Variations]"
Change component parameters (AddParameter): Name = "Tolerance"; Value = "1%"; VariantName = "[No Variations]"
Change component parameters (AddParameter): Name = "Value"; Value = "12.4k"; VariantName = "[No Variations]"
Change component parameters (AddParameter): Name = "Voltage Rating"; Value = ""; VariantName = "[No Variations]"
Change component parameters: Designator = "R708" ("R708"); Footprint = "R10k-VTR"; UniqueID = "\EOUVXMZI\XDIBZUNO" ("\EOUVXMZI\XDIBZUNO")
Change component parameters (AddParameter): Name = "Case/Package"; Value = "0805"; VariantName = "[No Variations]"
Change component parameters (AddParameter): Name = "Manufacturer"; Value = "Vishay"; VariantName = "[No Variations]"
Change component parameters (AddParameter): Name = "Max Operating Temperature"; Value = "155°C"; VariantName = "[No Variations]"
Change component parameters (AddParameter): Name = "Min Operating Temperature"; Value = "-55°C"; VariantName = "[No Variations]"
Change component parameters (AddParameter): Name = "Mounting Technology"; Value = "Surface Mount"; VariantName = "[No Variations]"
Change component parameters (AddParameter): Name = "Part Number"; Value = "CRCW08052K00FKEAHP"; VariantName = "[No Variations]"
Change component parameters (AddParameter): Name = "Pins"; Value = "2"; VariantName = "[No Variations]"
Change component parameters (AddParameter): Name = "Power"; Value = "500mW"; VariantName = "[No Variations]"
Change component parameters (AddParameter): Name = "Resistance"; Value = ""; VariantName = "[No Variations]"
Change component parameters (AddParameter): Name = "RoHS Compliant"; Value = "Yes"; VariantName = "[No Variations]"
Change component parameters (AddParameter): Name = "Tolerance"; Value = "1%"; VariantName = "[No Variations]"
Change component parameters (AddParameter): Name = "Value"; Value = "2k"; VariantName = "[No Variations]"
Change component parameters (AddParameter): Name = "Voltage Rating"; Value = ""; VariantName = "[No Variations]"
Change component parameters: Designator = "R709" ("R709"); Footprint = "R2512FTK"; UniqueID = "\EOUVXMZI\LSGHYCJT" ("\EOUVXMZI\LSGHYCJT")
Change component parameters (AddParameter): Name = ".Creator"; Value = "DR"; VariantName = "[No Variations]"
Change component parameters (AddParameter): Name = ".PCBcheck"; Value = ""; VariantName = "[No Variations]"
Change component parameters (AddParameter): Name = ".SCHcheck"; Value = ""; VariantName = "[No Variations]"
Change component parameters (AddParameter): Name = "Case Code (Metric)"; Value = "2012"; VariantName = "[No Variations]"
Change component parameters (AddParameter): Name = "Case/Package"; Value = "0805"; VariantName = "[No Variations]"
Change component parameters (AddParameter): Name = "Category"; Value = "Chip SMD Resistors"; VariantName = "[No Variations]"
Change component parameters (AddParameter): Name = "Circuit Type"; Value = ""; VariantName = "[No Variations]"
Change component parameters (AddParameter): Name = "Color"; Value = ""; VariantName = "[No Variations]"
Change component parameters (AddParameter): Name = "ComponentLink1Description"; Value = "https://datasheet.ciiva.com/11809/0900766b80fcdb72-11809178.pdf?src-supplier=RSComponents"; VariantName = "[No Variations]"
Change component parameters (AddParameter): Name = "ComponentLink1URL"; Value = "https://datasheet.ciiva.com/11809/0900766b80fcdb72-11809178.pdf?src-supplier=RSComponents"; VariantName = "[No Variations]"
Change component parameters (AddParameter): Name = "ComponentLink2Description"; Value = "https://datasheet.ciiva.com/6547/chpreztr-6547413.pdf?src-supplier=Digi-Key"; VariantName = "[No Variations]"
Change component parameters (AddParameter): Name = "ComponentLink2URL"; Value = "https://datasheet.ciiva.com/6547/chpreztr-6547413.pdf?src-supplier=Digi-Key"; VariantName = "[No Variations]"
Change component parameters (AddParameter): Name = "ComponentLink3Description"; Value = "https://datasheet.ciiva.com/6547/chpreztr-6547414.pdf?src-supplier=Digi-Key"; VariantName = "[No Variations]"
Change component parameters (AddParameter): Name = "ComponentLink3URL"; Value = "https://datasheet.ciiva.com/6547/chpreztr-6547414.pdf?src-supplier=Digi-Key"; VariantName = "[No Variations]"
Change component parameters (AddParameter): Name = "ComponentLink4Description"; Value = "https://datasheet.ciiva.com/6547/chpreztr-6547415.pdf?src-supplier=Digi-Key"; VariantName = "[No Variations]"
Change component parameters (AddParameter): Name = "ComponentLink4URL"; Value = "https://datasheet.ciiva.com/6547/chpreztr-6547415.pdf?src-supplier=Digi-Key"; VariantName = "[No Variations]"
Change component parameters (AddParameter): Name = "ComponentLink5Description"; Value = "https://datasheet.ciiva.com/9120/chpreztr-9120744.pdf?src-supplier=Avnet"; VariantName = "[No Variations]"
Change component parameters (AddParameter): Name = "ComponentLink5URL"; Value = "https://datasheet.ciiva.com/9120/chpreztr-9120744.pdf?src-supplier=Avnet"; VariantName = "[No Variations]"
Change component parameters (AddParameter): Name = "Construction"; Value = "Rectangular"; VariantName = "[No Variations]"
Change component parameters (AddParameter): Name = "Contact Plating"; Value = "Tin"; VariantName = "[No Variations]"
Change component parameters (AddParameter): Name = "Current Rating"; Value = ""; VariantName = "[No Variations]"
Change component parameters (AddParameter): Name = "Depth"; Value = "1.25mm"; VariantName = "[No Variations]"
Change component parameters (AddParameter): Name = "Design Item ID"; Value = "R100-0805FTK"; VariantName = "[No Variations]"
Change component parameters (AddParameter): Name = "ELV"; Value = ""; VariantName = "[No Variations]"
Change component parameters (AddParameter): Name = "Features"; Value = "Moisture Resistant"; VariantName = "[No Variations]"
Change component parameters (AddParameter): Name = "Height"; Value = "0.5mm"; VariantName = "[No Variations]"
Change component parameters (AddParameter): Name = "Insulation Resistance"; Value = ""; VariantName = "[No Variations]"
Change component parameters (AddParameter): Name = "Lead Free"; Value = ""; VariantName = "[No Variations]"
Change component parameters (AddParameter): Name = "Lead Length"; Value = ""; VariantName = "[No Variations]"
Change component parameters (AddParameter): Name = "Length"; Value = "2mm"; VariantName = "[No Variations]"
Change component parameters (AddParameter): Name = "Manufacturer"; Value = ""; VariantName = "[No Variations]"
Change component parameters (AddParameter): Name = "Manufacturer 1"; Value = "Bourns"; VariantName = "[No Variations]"
Change component parameters (AddParameter): Name = "Manufacturer Part Number"; Value = ""; VariantName = "[No Variations]"
Change component parameters (AddParameter): Name = "Manufacturer Part Number 1"; Value = "CR0805-FX-1000ELF"; VariantName = "[No Variations]"
Change component parameters (AddParameter): Name = "Max Operating Temperature"; Value = "155°C"; VariantName = "[No Variations]"
Change component parameters (AddParameter): Name = "Max Power Dissipation"; Value = "125mW"; VariantName = "[No Variations]"
Change component parameters (AddParameter): Name = "Military Standard"; Value = "Not"; VariantName = "[No Variations]"
Change component parameters (AddParameter): Name = "Min Operating Temperature"; Value = "-55°C"; VariantName = "[No Variations]"
Change component parameters (AddParameter): Name = "Mount"; Value = "Surface Mount"; VariantName = "[No Variations]"
Change component parameters (AddParameter): Name = "Number of Contacts"; Value = ""; VariantName = "[No Variations]"
Change component parameters (AddParameter): Name = "Number of Elements"; Value = ""; VariantName = "[No Variations]"
Change component parameters (AddParameter): Name = "Number of Resistors"; Value = ""; VariantName = "[No Variations]"
Change component parameters (AddParameter): Name = "Number of Terminals/Pins"; Value = ""; VariantName = "[No Variations]"
Change component parameters (AddParameter): Name = "Number of Terminations"; Value = "2"; VariantName = "[No Variations]"
Change component parameters (AddParameter): Name = "Number of Turns"; Value = ""; VariantName = "[No Variations]"
Change component parameters (AddParameter): Name = "Package Quantity"; Value = "1"; VariantName = "[No Variations]"
Change component parameters (AddParameter): Name = "Package Shape"; Value = ""; VariantName = "[No Variations]"
Change component parameters (AddParameter): Name = "Packaging"; Value = "Tape and Reel"; VariantName = "[No Variations]"
Change component parameters (AddParameter): Name = "Pins"; Value = "2"; VariantName = "[No Variations]"
Change component parameters (AddParameter): Name = "Power Per Element"; Value = ""; VariantName = "[No Variations]"
Change component parameters (AddParameter): Name = "Power Rating"; Value = "125mW"; VariantName = "[No Variations]"
Change component parameters (AddParameter): Name = "Pricing 1"; Value = "1=0,05840, 10=0,03430, 25=0,01780, 100=0,00750, 250=0,00560, 500=0,00490, 3000=0,00470 (USD)"; VariantName = "[No Variations]"
Change component parameters (AddParameter): Name = "Radiation Hardening"; Value = "No"; VariantName = "[No Variations]"
Change component parameters (AddParameter): Name = "REACH SVHC"; Value = "No SVHC"; VariantName = "[No Variations]"
Change component parameters (AddParameter): Name = "Resistance"; Value = ""; VariantName = "[No Variations]"
Change component parameters (AddParameter): Name = "Resistance Tolerance"; Value = "1%"; VariantName = "[No Variations]"
Change component parameters (AddParameter): Name = "Resistence"; Value = ""; VariantName = "[No Variations]"
Change component parameters (AddParameter): Name = "Resistor Type"; Value = "Thick Film"; VariantName = "[No Variations]"
Change component parameters (AddParameter): Name = "RoHS"; Value = "Yes"; VariantName = "[No Variations]"
Change component parameters (AddParameter): Name = "RoHS Compliant"; Value = "Yes"; VariantName = "[No Variations]"
Change component parameters (AddParameter): Name = "Series"; Value = "CR0805"; VariantName = "[No Variations]"
Change component parameters (AddParameter): Name = "Size Code"; Value = ""; VariantName = "[No Variations]"
Change component parameters (AddParameter): Name = "Source"; Value = "Passives.SchLib"; VariantName = "[No Variations]"
Change component parameters (AddParameter): Name = "Stock 1"; Value = "49802"; VariantName = "[No Variations]"
Change component parameters (AddParameter): Name = "Taper"; Value = ""; VariantName = "[No Variations]"
Change component parameters (AddParameter): Name = "Technology"; Value = "THICK FILM"; VariantName = "[No Variations]"
Change component parameters (AddParameter): Name = "Temperature Coefficient"; Value = "100ppm/°C"; VariantName = "[No Variations]"
Change component parameters (AddParameter): Name = "Terminal Finish"; Value = ""; VariantName = "[No Variations]"
Change component parameters (AddParameter): Name = "Terminal Pitch"; Value = ""; VariantName = "[No Variations]"
Change component parameters (AddParameter): Name = "Termination"; Value = "SMD/SMT"; VariantName = "[No Variations]"
Change component parameters (AddParameter): Name = "Thickness"; Value = "508um"; VariantName = "[No Variations]"
Change component parameters (AddParameter): Name = "Tolerance"; Value = "1%"; VariantName = "[No Variations]"
Change component parameters (AddParameter): Name = "Value"; Value = "100"; VariantName = "[No Variations]"
Change component parameters (AddParameter): Name = "Voltage Rating"; Value = "150V"; VariantName = "[No Variations]"
Change component parameters (AddParameter): Name = "Voltage Rating (DC)"; Value = "150V"; VariantName = "[No Variations]"
Change component parameters (AddParameter): Name = "Weight"; Value = ""; VariantName = "[No Variations]"
Change component parameters (AddParameter): Name = "Width"; Value = "1.25mm"; VariantName = "[No Variations]"
Change component parameters (AddParameter): Name = "Working Voltage"; Value = ""; VariantName = "[No Variations]"
Change component parameters: Designator = "R710" ("R710"); Footprint = "0805"; UniqueID = "\EOUVXMZI\QICQGCDH" ("\EOUVXMZI\QICQGCDH")
Change component parameters (AddParameter): Name = ".Creator"; Value = "DR"; VariantName = "[No Variations]"
Change component parameters (AddParameter): Name = ".PCBcheck"; Value = ""; VariantName = "[No Variations]"
Change component parameters (AddParameter): Name = ".SCHcheck"; Value = ""; VariantName = "[No Variations]"
Change component parameters (AddParameter): Name = "Case Code (Metric)"; Value = "2012"; VariantName = "[No Variations]"
Change component parameters (AddParameter): Name = "Case/Package"; Value = "0805"; VariantName = "[No Variations]"
Change component parameters (AddParameter): Name = "Category"; Value = "Chip SMD Resistors"; VariantName = "[No Variations]"
Change component parameters (AddParameter): Name = "Circuit Type"; Value = ""; VariantName = "[No Variations]"
Change component parameters (AddParameter): Name = "Color"; Value = ""; VariantName = "[No Variations]"
Change component parameters (AddParameter): Name = "ComponentLink1Description"; Value = "https://datasheet.ciiva.com/11809/0900766b80fcdb72-11809178.pdf?src-supplier=RSComponents"; VariantName = "[No Variations]"
Change component parameters (AddParameter): Name = "ComponentLink1URL"; Value = "https://datasheet.ciiva.com/11809/0900766b80fcdb72-11809178.pdf?src-supplier=RSComponents"; VariantName = "[No Variations]"
Change component parameters (AddParameter): Name = "ComponentLink2Description"; Value = "https://datasheet.ciiva.com/6547/chpreztr-6547413.pdf?src-supplier=Digi-Key"; VariantName = "[No Variations]"
Change component parameters (AddParameter): Name = "ComponentLink2URL"; Value = "https://datasheet.ciiva.com/6547/chpreztr-6547413.pdf?src-supplier=Digi-Key"; VariantName = "[No Variations]"
Change component parameters (AddParameter): Name = "ComponentLink3Description"; Value = "https://datasheet.ciiva.com/6547/chpreztr-6547414.pdf?src-supplier=Digi-Key"; VariantName = "[No Variations]"
Change component parameters (AddParameter): Name = "ComponentLink3URL"; Value = "https://datasheet.ciiva.com/6547/chpreztr-6547414.pdf?src-supplier=Digi-Key"; VariantName = "[No Variations]"
Change component parameters (AddParameter): Name = "ComponentLink4Description"; Value = "https://datasheet.ciiva.com/6547/chpreztr-6547415.pdf?src-supplier=Digi-Key"; VariantName = "[No Variations]"
Change component parameters (AddParameter): Name = "ComponentLink4URL"; Value = "https://datasheet.ciiva.com/6547/chpreztr-6547415.pdf?src-supplier=Digi-Key"; VariantName = "[No Variations]"
Change component parameters (AddParameter): Name = "ComponentLink5Description"; Value = "https://datasheet.ciiva.com/9120/chpreztr-9120744.pdf?src-supplier=Avnet"; VariantName = "[No Variations]"
Change component parameters (AddParameter): Name = "ComponentLink5URL"; Value = "https://datasheet.ciiva.com/9120/chpreztr-9120744.pdf?src-supplier=Avnet"; VariantName = "[No Variations]"
Change component parameters (AddParameter): Name = "Construction"; Value = "Rectangular"; VariantName = "[No Variations]"
Change component parameters (AddParameter): Name = "Contact Plating"; Value = "Tin"; VariantName = "[No Variations]"
Change component parameters (AddParameter): Name = "Current Rating"; Value = ""; VariantName = "[No Variations]"
Change component parameters (AddParameter): Name = "Depth"; Value = "1.25mm"; VariantName = "[No Variations]"
Change component parameters (AddParameter): Name = "Design Item ID"; Value = "R100-0805FTK"; VariantName = "[No Variations]"
Change component parameters (AddParameter): Name = "ELV"; Value = ""; VariantName = "[No Variations]"
Change component parameters (AddParameter): Name = "Features"; Value = "Moisture Resistant"; VariantName = "[No Variations]"
Change component parameters (AddParameter): Name = "Height"; Value = "0.5mm"; VariantName = "[No Variations]"
Change component parameters (AddParameter): Name = "Insulation Resistance"; Value = ""; VariantName = "[No Variations]"
Change component parameters (AddParameter): Name = "Lead Free"; Value = ""; VariantName = "[No Variations]"
Change component parameters (AddParameter): Name = "Lead Length"; Value = ""; VariantName = "[No Variations]"
Change component parameters (AddParameter): Name = "Length"; Value = "2mm"; VariantName = "[No Variations]"
Change component parameters (AddParameter): Name = "Manufacturer"; Value = ""; VariantName = "[No Variations]"
Change component parameters (AddParameter): Name = "Manufacturer 1"; Value = "Bourns"; VariantName = "[No Variations]"
Change component parameters (AddParameter): Name = "Manufacturer Part Number"; Value = ""; VariantName = "[No Variations]"
Change component parameters (AddParameter): Name = "Manufacturer Part Number 1"; Value = "CR0805-FX-1000ELF"; VariantName = "[No Variations]"
Change component parameters (AddParameter): Name = "Max Operating Temperature"; Value = "155°C"; VariantName = "[No Variations]"
Change component parameters (AddParameter): Name = "Max Power Dissipation"; Value = "125mW"; VariantName = "[No Variations]"
Change component parameters (AddParameter): Name = "Military Standard"; Value = "Not"; VariantName = "[No Variations]"
Change component parameters (AddParameter): Name = "Min Operating Temperature"; Value = "-55°C"; VariantName = "[No Variations]"
Change component parameters (AddParameter): Name = "Mount"; Value = "Surface Mount"; VariantName = "[No Variations]"
Change component parameters (AddParameter): Name = "Number of Contacts"; Value = ""; VariantName = "[No Variations]"
Change component parameters (AddParameter): Name = "Number of Elements"; Value = ""; VariantName = "[No Variations]"
Change component parameters (AddParameter): Name = "Number of Resistors"; Value = ""; VariantName = "[No Variations]"
Change component parameters (AddParameter): Name = "Number of Terminals/Pins"; Value = ""; VariantName = "[No Variations]"
Change component parameters (AddParameter): Name = "Number of Terminations"; Value = "2"; VariantName = "[No Variations]"
Change component parameters (AddParameter): Name = "Number of Turns"; Value = ""; VariantName = "[No Variations]"
Change component parameters (AddParameter): Name = "Package Quantity"; Value = "1"; VariantName = "[No Variations]"
Change component parameters (AddParameter): Name = "Package Shape"; Value = ""; VariantName = "[No Variations]"
Change component parameters (AddParameter): Name = "Packaging"; Value = "Tape and Reel"; VariantName = "[No Variations]"
Change component parameters (AddParameter): Name = "Pins"; Value = "2"; VariantName = "[No Variations]"
Change component parameters (AddParameter): Name = "Power Per Element"; Value = ""; VariantName = "[No Variations]"
Change component parameters (AddParameter): Name = "Power Rating"; Value = "125mW"; VariantName = "[No Variations]"
Change component parameters (AddParameter): Name = "Pricing 1"; Value = "1=0,05840, 10=0,03430, 25=0,01780, 100=0,00750, 250=0,00560, 500=0,00490, 3000=0,00470 (USD)"; VariantName = "[No Variations]"
Change component parameters (AddParameter): Name = "Radiation Hardening"; Value = "No"; VariantName = "[No Variations]"
Change component parameters (AddParameter): Name = "REACH SVHC"; Value = "No SVHC"; VariantName = "[No Variations]"
Change component parameters (AddParameter): Name = "Resistance"; Value = ""; VariantName = "[No Variations]"
Change component parameters (AddParameter): Name = "Resistance Tolerance"; Value = "1%"; VariantName = "[No Variations]"
Change component parameters (AddParameter): Name = "Resistence"; Value = ""; VariantName = "[No Variations]"
Change component parameters (AddParameter): Name = "Resistor Type"; Value = "Thick Film"; VariantName = "[No Variations]"
Change component parameters (AddParameter): Name = "RoHS"; Value = "Yes"; VariantName = "[No Variations]"
Change component parameters (AddParameter): Name = "RoHS Compliant"; Value = "Yes"; VariantName = "[No Variations]"
Change component parameters (AddParameter): Name = "Series"; Value = "CR0805"; VariantName = "[No Variations]"
Change component parameters (AddParameter): Name = "Size Code"; Value = ""; VariantName = "[No Variations]"
Change component parameters (AddParameter): Name = "Source"; Value = "Passives.SchLib"; VariantName = "[No Variations]"
Change component parameters (AddParameter): Name = "Stock 1"; Value = "49802"; VariantName = "[No Variations]"
Change component parameters (AddParameter): Name = "Taper"; Value = ""; VariantName = "[No Variations]"
Change component parameters (AddParameter): Name = "Technology"; Value = "THICK FILM"; VariantName = "[No Variations]"
Change component parameters (AddParameter): Name = "Temperature Coefficient"; Value = "100ppm/°C"; VariantName = "[No Variations]"
Change component parameters (AddParameter): Name = "Terminal Finish"; Value = ""; VariantName = "[No Variations]"
Change component parameters (AddParameter): Name = "Terminal Pitch"; Value = ""; VariantName = "[No Variations]"
Change component parameters (AddParameter): Name = "Termination"; Value = "SMD/SMT"; VariantName = "[No Variations]"
Change component parameters (AddParameter): Name = "Thickness"; Value = "508um"; VariantName = "[No Variations]"
Change component parameters (AddParameter): Name = "Tolerance"; Value = "1%"; VariantName = "[No Variations]"
Change component parameters (AddParameter): Name = "Value"; Value = "100"; VariantName = "[No Variations]"
Change component parameters (AddParameter): Name = "Voltage Rating"; Value = "150V"; VariantName = "[No Variations]"
Change component parameters (AddParameter): Name = "Voltage Rating (DC)"; Value = "150V"; VariantName = "[No Variations]"
Change component parameters (AddParameter): Name = "Weight"; Value = ""; VariantName = "[No Variations]"
Change component parameters (AddParameter): Name = "Width"; Value = "1.25mm"; VariantName = "[No Variations]"
Change component parameters (AddParameter): Name = "Working Voltage"; Value = ""; VariantName = "[No Variations]"
Added Component: Designator=C101(C0805FNPC-R)
Add component (AddParameter): Name = ".Creator"; Value = "DR"; VariantName = "[No Variations]"
Add component (AddParameter): Name = ".PCBcheck"; Value = ""; VariantName = "[No Variations]"
Add component (AddParameter): Name = ".SCHcheck"; Value = ""; VariantName = "[No Variations]"
Add component (AddParameter): Name = "Capacitance"; Value = ""; VariantName = "[No Variations]"
Add component (AddParameter): Name = "Case Code (Metric)"; Value = "2012"; VariantName = "[No Variations]"
Add component (AddParameter): Name = "Case/Package"; Value = "0805"; VariantName = "[No Variations]"
Add component (AddParameter): Name = "Category"; Value = "Ceramic Capacitors"; VariantName = "[No Variations]"
Add component (AddParameter): Name = "ComponentLink1Description"; Value = "http://www.farnell.com/datasheets/1958498.pdf?src-supplier=Farnell"; VariantName = "[No Variations]"
Add component (AddParameter): Name = "ComponentLink1URL"; Value = "http://www.farnell.com/datasheets/1958498.pdf?src-supplier=Farnell"; VariantName = "[No Variations]"
Add component (AddParameter): Name = "ComponentLink2Description"; Value = "http://www.farnell.com/datasheets/1958498.pdf?src-supplier=Element14"; VariantName = "[No Variations]"
Add component (AddParameter): Name = "ComponentLink2URL"; Value = "http://www.farnell.com/datasheets/1958498.pdf?src-supplier=Element14"; VariantName = "[No Variations]"
Add component (AddParameter): Name = "ComponentLink3Description"; Value = "https://katalog.we-online.de/pbs/datasheet/885012207098.pdf?src-supplier=Digi-Key"; VariantName = "[No Variations]"
Add component (AddParameter): Name = "ComponentLink3URL"; Value = "https://katalog.we-online.de/pbs/datasheet/885012207098.pdf?src-supplier=Digi-Key"; VariantName = "[No Variations]"
Add component (AddParameter): Name = "ComponentLink4Description"; Value = "http://www.farnell.com/datasheets/1958498.pdf?src-supplier=Newark"; VariantName = "[No Variations]"
Add component (AddParameter): Name = "ComponentLink4URL"; Value = "http://www.farnell.com/datasheets/1958498.pdf?src-supplier=Newark"; VariantName = "[No Variations]"
Add component (AddParameter): Name = "Construction"; Value = ""; VariantName = "[No Variations]"
Add component (AddParameter): Name = "Depth"; Value = ""; VariantName = "[No Variations]"
Add component (AddParameter): Name = "Design Item ID"; Value = "C100n-50V-0805FNPC-X7R"; VariantName = "[No Variations]"
Add component (AddParameter): Name = "Diameter"; Value = ""; VariantName = "[No Variations]"
Add component (AddParameter): Name = "Dielectric"; Value = "X7R"; VariantName = "[No Variations]"
Add component (AddParameter): Name = "Dielectric Material"; Value = ""; VariantName = "[No Variations]"
Add component (AddParameter): Name = "Dissipation Factor"; Value = ""; VariantName = "[No Variations]"
Add component (AddParameter): Name = "ESR (Equivalent Series Resistance)"; Value = ""; VariantName = "[No Variations]"
Add component (AddParameter): Name = "Features"; Value = ""; VariantName = "[No Variations]"
Add component (AddParameter): Name = "Halogen Free"; Value = ""; VariantName = "[No Variations]"
Add component (AddParameter): Name = "Height"; Value = ""; VariantName = "[No Variations]"
Add component (AddParameter): Name = "Height - Seated (Max)"; Value = ""; VariantName = "[No Variations]"
Add component (AddParameter): Name = "Impedance"; Value = ""; VariantName = "[No Variations]"
Add component (AddParameter): Name = "Lead Diameter"; Value = ""; VariantName = "[No Variations]"
Add component (AddParameter): Name = "Lead Free"; Value = ""; VariantName = "[No Variations]"
Add component (AddParameter): Name = "Lead Pitch"; Value = ""; VariantName = "[No Variations]"
Add component (AddParameter): Name = "Leakage Current"; Value = ""; VariantName = "[No Variations]"
Add component (AddParameter): Name = "Length"; Value = "0.079inch"; VariantName = "[No Variations]"
Add component (AddParameter): Name = "Life (Hours)"; Value = ""; VariantName = "[No Variations]"
Add component (AddParameter): Name = "Manufacturer"; Value = ""; VariantName = "[No Variations]"
Add component (AddParameter): Name = "Manufacturer 1"; Value = "Wurth Electronics"; VariantName = "[No Variations]"
Add component (AddParameter): Name = "Manufacturer Part Number"; Value = ""; VariantName = "[No Variations]"
Add component (AddParameter): Name = "Manufacturer Part Number 1"; Value = "885012207098"; VariantName = "[No Variations]"
Add component (AddParameter): Name = "Material"; Value = ""; VariantName = "[No Variations]"
Add component (AddParameter): Name = "Max Operating Temperature"; Value = "125°C"; VariantName = "[No Variations]"
Add component (AddParameter): Name = "Min Operating Temperature"; Value = "-55°C"; VariantName = "[No Variations]"
Add component (AddParameter): Name = "Mount"; Value = "Surface Mount"; VariantName = "[No Variations]"
Add component (AddParameter): Name = "Package Quantity"; Value = ""; VariantName = "[No Variations]"
Add component (AddParameter): Name = "Packaging"; Value = "Cut Tape"; VariantName = "[No Variations]"
Add component (AddParameter): Name = "Pins"; Value = ""; VariantName = "[No Variations]"
Add component (AddParameter): Name = "Polarity"; Value = ""; VariantName = "[No Variations]"
Add component (AddParameter): Name = "Pricing 1"; Value = "100=0,10200, 500=0,07100, 2000=0,06100 (GBP)"; VariantName = "[No Variations]"
Add component (AddParameter): Name = "Radiation Hardening"; Value = ""; VariantName = "[No Variations]"
Add component (AddParameter): Name = "Ratings"; Value = ""; VariantName = "[No Variations]"
Add component (AddParameter): Name = "REACH SVHC"; Value = "Unknown"; VariantName = "[No Variations]"
Add component (AddParameter): Name = "Ripple Current"; Value = ""; VariantName = "[No Variations]"
Add component (AddParameter): Name = "RoHS"; Value = "Yes"; VariantName = "[No Variations]"
Add component (AddParameter): Name = "RoHS Compliant"; Value = "Yes"; VariantName = "[No Variations]"
Add component (AddParameter): Name = "Series"; Value = ""; VariantName = "[No Variations]"
Add component (AddParameter): Name = "Source"; Value = "Passives.SchLib"; VariantName = "[No Variations]"
Add component (AddParameter): Name = "Stock 1"; Value = "8000"; VariantName = "[No Variations]"
Add component (AddParameter): Name = "Termination"; Value = ""; VariantName = "[No Variations]"
Add component (AddParameter): Name = "Thickness"; Value = "0.035inch"; VariantName = "[No Variations]"
Add component (AddParameter): Name = "Tolerance"; Value = "10%"; VariantName = "[No Variations]"
Add component (AddParameter): Name = "Value"; Value = "100nF"; VariantName = "[No Variations]"
Add component (AddParameter): Name = "Voltage"; Value = ""; VariantName = "[No Variations]"
Add component (AddParameter): Name = "Voltage Rating"; Value = "50V"; VariantName = "[No Variations]"
Add component (AddParameter): Name = "Voltage Rating (DC)"; Value = "50V"; VariantName = "[No Variations]"
Add component (AddParameter): Name = "Weight"; Value = ""; VariantName = "[No Variations]"
Add component (AddParameter): Name = "Width"; Value = "0.049inch"; VariantName = "[No Variations]"
Added Component: Designator=C111(C0805FNPC-R)
Add component (AddParameter): Name = ".Creator"; Value = "DR"; VariantName = "[No Variations]"
Add component (AddParameter): Name = ".PCBcheck"; Value = ""; VariantName = "[No Variations]"
Add component (AddParameter): Name = ".SCHcheck"; Value = ""; VariantName = "[No Variations]"
Add component (AddParameter): Name = "Capacitance"; Value = ""; VariantName = "[No Variations]"
Add component (AddParameter): Name = "Case Code (Metric)"; Value = "2012"; VariantName = "[No Variations]"
Add component (AddParameter): Name = "Case/Package"; Value = "0805"; VariantName = "[No Variations]"
Add component (AddParameter): Name = "Category"; Value = "Ceramic Capacitors"; VariantName = "[No Variations]"
Add component (AddParameter): Name = "ComponentLink1Description"; Value = "http://www.farnell.com/datasheets/2031702.pdf?src-supplier=Farnell"; VariantName = "[No Variations]"
Add component (AddParameter): Name = "ComponentLink1URL"; Value = "http://www.farnell.com/datasheets/2031702.pdf?src-supplier=Farnell"; VariantName = "[No Variations]"
Add component (AddParameter): Name = "ComponentLink2Description"; Value = "http://katalog.we-online.de/pbs/datasheet/885012007052.pdf?src-supplier=Digi-Key"; VariantName = "[No Variations]"
Add component (AddParameter): Name = "ComponentLink2URL"; Value = "http://katalog.we-online.de/pbs/datasheet/885012007052.pdf?src-supplier=Digi-Key"; VariantName = "[No Variations]"
Add component (AddParameter): Name = "ComponentLink3Description"; Value = "https://katalog.we-online.de/pbs/datasheet/885012007052.pdf?src-supplier=Digi-Key"; VariantName = "[No Variations]"
Add component (AddParameter): Name = "ComponentLink3URL"; Value = "https://katalog.we-online.de/pbs/datasheet/885012007052.pdf?src-supplier=Digi-Key"; VariantName = "[No Variations]"
Add component (AddParameter): Name = "Construction"; Value = ""; VariantName = "[No Variations]"
Add component (AddParameter): Name = "Depth"; Value = ""; VariantName = "[No Variations]"
Add component (AddParameter): Name = "Design Item ID"; Value = "C15p-50V-0805FNPC-NP0"; VariantName = "[No Variations]"
Add component (AddParameter): Name = "Diameter"; Value = ""; VariantName = "[No Variations]"
Add component (AddParameter): Name = "Dielectric"; Value = ""; VariantName = "[No Variations]"
Add component (AddParameter): Name = "Dielectric Material"; Value = ""; VariantName = "[No Variations]"
Add component (AddParameter): Name = "Dissipation Factor"; Value = ""; VariantName = "[No Variations]"
Add component (AddParameter): Name = "ESR (Equivalent Series Resistance)"; Value = ""; VariantName = "[No Variations]"
Add component (AddParameter): Name = "Features"; Value = ""; VariantName = "[No Variations]"
Add component (AddParameter): Name = "Halogen Free"; Value = ""; VariantName = "[No Variations]"
Add component (AddParameter): Name = "Height"; Value = ""; VariantName = "[No Variations]"
Add component (AddParameter): Name = "Height - Seated (Max)"; Value = ""; VariantName = "[No Variations]"
Add component (AddParameter): Name = "Impedance"; Value = ""; VariantName = "[No Variations]"
Add component (AddParameter): Name = "Lead Diameter"; Value = ""; VariantName = "[No Variations]"
Add component (AddParameter): Name = "Lead Free"; Value = ""; VariantName = "[No Variations]"
Add component (AddParameter): Name = "Lead Pitch"; Value = ""; VariantName = "[No Variations]"
Add component (AddParameter): Name = "Leakage Current"; Value = ""; VariantName = "[No Variations]"
Add component (AddParameter): Name = "Length"; Value = "0.079inch"; VariantName = "[No Variations]"
Add component (AddParameter): Name = "Life (Hours)"; Value = ""; VariantName = "[No Variations]"
Add component (AddParameter): Name = "Manufacturer"; Value = ""; VariantName = "[No Variations]"
Add component (AddParameter): Name = "Manufacturer 1"; Value = "Wurth Electronics"; VariantName = "[No Variations]"
Add component (AddParameter): Name = "Manufacturer Part Number"; Value = ""; VariantName = "[No Variations]"
Add component (AddParameter): Name = "Manufacturer Part Number 1"; Value = "885012007052"; VariantName = "[No Variations]"
Add component (AddParameter): Name = "Material"; Value = ""; VariantName = "[No Variations]"
Add component (AddParameter): Name = "Max Operating Temperature"; Value = "125°C"; VariantName = "[No Variations]"
Add component (AddParameter): Name = "Min Operating Temperature"; Value = "-55°C"; VariantName = "[No Variations]"
Add component (AddParameter): Name = "Mount"; Value = "Surface Mount"; VariantName = "[No Variations]"
Add component (AddParameter): Name = "Package Quantity"; Value = ""; VariantName = "[No Variations]"
Add component (AddParameter): Name = "Packaging"; Value = "Cut Tape"; VariantName = "[No Variations]"
Add component (AddParameter): Name = "Pins"; Value = ""; VariantName = "[No Variations]"
Add component (AddParameter): Name = "Polarity"; Value = ""; VariantName = "[No Variations]"
Add component (AddParameter): Name = "Pricing 1"; Value = "1=0,10800, 10=0,05200, 25=0,05100, 50=0,04900, 100=0,04800, 250=0,04600, 500=0,04300 (USD)"; VariantName = "[No Variations]"
Add component (AddParameter): Name = "Radiation Hardening"; Value = ""; VariantName = "[No Variations]"
Add component (AddParameter): Name = "Ratings"; Value = ""; VariantName = "[No Variations]"
Add component (AddParameter): Name = "REACH SVHC"; Value = ""; VariantName = "[No Variations]"
Add component (AddParameter): Name = "Ripple Current"; Value = ""; VariantName = "[No Variations]"
Add component (AddParameter): Name = "RoHS"; Value = "Yes"; VariantName = "[No Variations]"
Add component (AddParameter): Name = "RoHS Compliant"; Value = "Yes"; VariantName = "[No Variations]"
Add component (AddParameter): Name = "Series"; Value = ""; VariantName = "[No Variations]"
Add component (AddParameter): Name = "Source"; Value = "Passives.SchLib"; VariantName = "[No Variations]"
Add component (AddParameter): Name = "Stock 1"; Value = "815"; VariantName = "[No Variations]"
Add component (AddParameter): Name = "Termination"; Value = ""; VariantName = "[No Variations]"
Add component (AddParameter): Name = "Thickness"; Value = "0.028inch"; VariantName = "[No Variations]"
Add component (AddParameter): Name = "Tolerance"; Value = "5%"; VariantName = "[No Variations]"
Add component (AddParameter): Name = "Value"; Value = "15pF"; VariantName = "[No Variations]"
Add component (AddParameter): Name = "Voltage"; Value = ""; VariantName = "[No Variations]"
Add component (AddParameter): Name = "Voltage Rating"; Value = "50V"; VariantName = "[No Variations]"
Add component (AddParameter): Name = "Voltage Rating (DC)"; Value = ""; VariantName = "[No Variations]"
Add component (AddParameter): Name = "Weight"; Value = ""; VariantName = "[No Variations]"
Add component (AddParameter): Name = "Width"; Value = "0.049inch"; VariantName = "[No Variations]"
Added Component: Designator=C203(C0805FNPC-R)
Add component (AddParameter): Name = ".Creator"; Value = "DR"; VariantName = "[No Variations]"
Add component (AddParameter): Name = ".PCBcheck"; Value = ""; VariantName = "[No Variations]"
Add component (AddParameter): Name = ".SCHcheck"; Value = ""; VariantName = "[No Variations]"
Add component (AddParameter): Name = "Capacitance"; Value = ""; VariantName = "[No Variations]"
Add component (AddParameter): Name = "Case Code (Metric)"; Value = "2012"; VariantName = "[No Variations]"
Add component (AddParameter): Name = "Case/Package"; Value = "0805"; VariantName = "[No Variations]"
Add component (AddParameter): Name = "Category"; Value = "Ceramic Capacitors"; VariantName = "[No Variations]"
Add component (AddParameter): Name = "ComponentLink1Description"; Value = "http://www.farnell.com/datasheets/1958498.pdf?src-supplier=Farnell"; VariantName = "[No Variations]"
Add component (AddParameter): Name = "ComponentLink1URL"; Value = "http://www.farnell.com/datasheets/1958498.pdf?src-supplier=Farnell"; VariantName = "[No Variations]"
Add component (AddParameter): Name = "ComponentLink2Description"; Value = "http://www.farnell.com/datasheets/1958498.pdf?src-supplier=Element14"; VariantName = "[No Variations]"
Add component (AddParameter): Name = "ComponentLink2URL"; Value = "http://www.farnell.com/datasheets/1958498.pdf?src-supplier=Element14"; VariantName = "[No Variations]"
Add component (AddParameter): Name = "ComponentLink3Description"; Value = "https://katalog.we-online.de/pbs/datasheet/885012207098.pdf?src-supplier=Digi-Key"; VariantName = "[No Variations]"
Add component (AddParameter): Name = "ComponentLink3URL"; Value = "https://katalog.we-online.de/pbs/datasheet/885012207098.pdf?src-supplier=Digi-Key"; VariantName = "[No Variations]"
Add component (AddParameter): Name = "ComponentLink4Description"; Value = "http://www.farnell.com/datasheets/1958498.pdf?src-supplier=Newark"; VariantName = "[No Variations]"
Add component (AddParameter): Name = "ComponentLink4URL"; Value = "http://www.farnell.com/datasheets/1958498.pdf?src-supplier=Newark"; VariantName = "[No Variations]"
Add component (AddParameter): Name = "Construction"; Value = ""; VariantName = "[No Variations]"
Add component (AddParameter): Name = "Depth"; Value = ""; VariantName = "[No Variations]"
Add component (AddParameter): Name = "Design Item ID"; Value = "C100n-50V-0805FNPC-X7R"; VariantName = "[No Variations]"
Add component (AddParameter): Name = "Diameter"; Value = ""; VariantName = "[No Variations]"
Add component (AddParameter): Name = "Dielectric"; Value = "X7R"; VariantName = "[No Variations]"
Add component (AddParameter): Name = "Dielectric Material"; Value = ""; VariantName = "[No Variations]"
Add component (AddParameter): Name = "Dissipation Factor"; Value = ""; VariantName = "[No Variations]"
Add component (AddParameter): Name = "ESR (Equivalent Series Resistance)"; Value = ""; VariantName = "[No Variations]"
Add component (AddParameter): Name = "Features"; Value = ""; VariantName = "[No Variations]"
Add component (AddParameter): Name = "Halogen Free"; Value = ""; VariantName = "[No Variations]"
Add component (AddParameter): Name = "Height"; Value = ""; VariantName = "[No Variations]"
Add component (AddParameter): Name = "Height - Seated (Max)"; Value = ""; VariantName = "[No Variations]"
Add component (AddParameter): Name = "Impedance"; Value = ""; VariantName = "[No Variations]"
Add component (AddParameter): Name = "Lead Diameter"; Value = ""; VariantName = "[No Variations]"
Add component (AddParameter): Name = "Lead Free"; Value = ""; VariantName = "[No Variations]"
Add component (AddParameter): Name = "Lead Pitch"; Value = ""; VariantName = "[No Variations]"
Add component (AddParameter): Name = "Leakage Current"; Value = ""; VariantName = "[No Variations]"
Add component (AddParameter): Name = "Length"; Value = "0.079inch"; VariantName = "[No Variations]"
Add component (AddParameter): Name = "Life (Hours)"; Value = ""; VariantName = "[No Variations]"
Add component (AddParameter): Name = "Manufacturer"; Value = ""; VariantName = "[No Variations]"
Add component (AddParameter): Name = "Manufacturer 1"; Value = "Wurth Electronics"; VariantName = "[No Variations]"
Add component (AddParameter): Name = "Manufacturer Part Number"; Value = ""; VariantName = "[No Variations]"
Add component (AddParameter): Name = "Manufacturer Part Number 1"; Value = "885012207098"; VariantName = "[No Variations]"
Add component (AddParameter): Name = "Material"; Value = ""; VariantName = "[No Variations]"
Add component (AddParameter): Name = "Max Operating Temperature"; Value = "125°C"; VariantName = "[No Variations]"
Add component (AddParameter): Name = "Min Operating Temperature"; Value = "-55°C"; VariantName = "[No Variations]"
Add component (AddParameter): Name = "Mount"; Value = "Surface Mount"; VariantName = "[No Variations]"
Add component (AddParameter): Name = "Package Quantity"; Value = ""; VariantName = "[No Variations]"
Add component (AddParameter): Name = "Packaging"; Value = "Cut Tape"; VariantName = "[No Variations]"
Add component (AddParameter): Name = "Pins"; Value = ""; VariantName = "[No Variations]"
Add component (AddParameter): Name = "Polarity"; Value = ""; VariantName = "[No Variations]"
Add component (AddParameter): Name = "Pricing 1"; Value = "100=0,10200, 500=0,07100, 2000=0,06100 (GBP)"; VariantName = "[No Variations]"
Add component (AddParameter): Name = "Radiation Hardening"; Value = ""; VariantName = "[No Variations]"
Add component (AddParameter): Name = "Ratings"; Value = ""; VariantName = "[No Variations]"
Add component (AddParameter): Name = "REACH SVHC"; Value = "Unknown"; VariantName = "[No Variations]"
Add component (AddParameter): Name = "Ripple Current"; Value = ""; VariantName = "[No Variations]"
Add component (AddParameter): Name = "RoHS"; Value = "Yes"; VariantName = "[No Variations]"
Add component (AddParameter): Name = "RoHS Compliant"; Value = "Yes"; VariantName = "[No Variations]"
Add component (AddParameter): Name = "Series"; Value = ""; VariantName = "[No Variations]"
Add component (AddParameter): Name = "Source"; Value = "Passives.SchLib"; VariantName = "[No Variations]"
Add component (AddParameter): Name = "Stock 1"; Value = "8000"; VariantName = "[No Variations]"
Add component (AddParameter): Name = "Termination"; Value = ""; VariantName = "[No Variations]"
Add component (AddParameter): Name = "Thickness"; Value = "0.035inch"; VariantName = "[No Variations]"
Add component (AddParameter): Name = "Tolerance"; Value = "10%"; VariantName = "[No Variations]"
Add component (AddParameter): Name = "Value"; Value = "100nF"; VariantName = "[No Variations]"
Add component (AddParameter): Name = "Voltage"; Value = ""; VariantName = "[No Variations]"
Add component (AddParameter): Name = "Voltage Rating"; Value = "50V"; VariantName = "[No Variations]"
Add component (AddParameter): Name = "Voltage Rating (DC)"; Value = "50V"; VariantName = "[No Variations]"
Add component (AddParameter): Name = "Weight"; Value = ""; VariantName = "[No Variations]"
Add component (AddParameter): Name = "Width"; Value = "0.049inch"; VariantName = "[No Variations]"
Added Component: Designator=C204(C0805FNPC-R)
Add component (AddParameter): Name = ".Creator"; Value = "DR"; VariantName = "[No Variations]"
Add component (AddParameter): Name = ".PCBcheck"; Value = ""; VariantName = "[No Variations]"
Add component (AddParameter): Name = ".SCHcheck"; Value = ""; VariantName = "[No Variations]"
Add component (AddParameter): Name = "Capacitance"; Value = ""; VariantName = "[No Variations]"
Add component (AddParameter): Name = "Case Code (Metric)"; Value = "2012"; VariantName = "[No Variations]"
Add component (AddParameter): Name = "Case/Package"; Value = "0805"; VariantName = "[No Variations]"
Add component (AddParameter): Name = "Category"; Value = "Ceramic Capacitors"; VariantName = "[No Variations]"
Add component (AddParameter): Name = "ComponentLink1Description"; Value = "http://www.farnell.com/datasheets/1958498.pdf?src-supplier=Farnell"; VariantName = "[No Variations]"
Add component (AddParameter): Name = "ComponentLink1URL"; Value = "http://www.farnell.com/datasheets/1958498.pdf?src-supplier=Farnell"; VariantName = "[No Variations]"
Add component (AddParameter): Name = "ComponentLink2Description"; Value = "http://www.farnell.com/datasheets/1958498.pdf?src-supplier=Element14"; VariantName = "[No Variations]"
Add component (AddParameter): Name = "ComponentLink2URL"; Value = "http://www.farnell.com/datasheets/1958498.pdf?src-supplier=Element14"; VariantName = "[No Variations]"
Add component (AddParameter): Name = "ComponentLink3Description"; Value = "https://katalog.we-online.de/pbs/datasheet/885012207098.pdf?src-supplier=Digi-Key"; VariantName = "[No Variations]"
Add component (AddParameter): Name = "ComponentLink3URL"; Value = "https://katalog.we-online.de/pbs/datasheet/885012207098.pdf?src-supplier=Digi-Key"; VariantName = "[No Variations]"
Add component (AddParameter): Name = "ComponentLink4Description"; Value = "http://www.farnell.com/datasheets/1958498.pdf?src-supplier=Newark"; VariantName = "[No Variations]"
Add component (AddParameter): Name = "ComponentLink4URL"; Value = "http://www.farnell.com/datasheets/1958498.pdf?src-supplier=Newark"; VariantName = "[No Variations]"
Add component (AddParameter): Name = "Construction"; Value = ""; VariantName = "[No Variations]"
Add component (AddParameter): Name = "Depth"; Value = ""; VariantName = "[No Variations]"
Add component (AddParameter): Name = "Design Item ID"; Value = "C100n-50V-0805FNPC-X7R"; VariantName = "[No Variations]"
Add component (AddParameter): Name = "Diameter"; Value = ""; VariantName = "[No Variations]"
Add component (AddParameter): Name = "Dielectric"; Value = "X7R"; VariantName = "[No Variations]"
Add component (AddParameter): Name = "Dielectric Material"; Value = ""; VariantName = "[No Variations]"
Add component (AddParameter): Name = "Dissipation Factor"; Value = ""; VariantName = "[No Variations]"
Add component (AddParameter): Name = "ESR (Equivalent Series Resistance)"; Value = ""; VariantName = "[No Variations]"
Add component (AddParameter): Name = "Features"; Value = ""; VariantName = "[No Variations]"
Add component (AddParameter): Name = "Halogen Free"; Value = ""; VariantName = "[No Variations]"
Add component (AddParameter): Name = "Height"; Value = ""; VariantName = "[No Variations]"
Add component (AddParameter): Name = "Height - Seated (Max)"; Value = ""; VariantName = "[No Variations]"
Add component (AddParameter): Name = "Impedance"; Value = ""; VariantName = "[No Variations]"
Add component (AddParameter): Name = "Lead Diameter"; Value = ""; VariantName = "[No Variations]"
Add component (AddParameter): Name = "Lead Free"; Value = ""; VariantName = "[No Variations]"
Add component (AddParameter): Name = "Lead Pitch"; Value = ""; VariantName = "[No Variations]"
Add component (AddParameter): Name = "Leakage Current"; Value = ""; VariantName = "[No Variations]"
Add component (AddParameter): Name = "Length"; Value = "0.079inch"; VariantName = "[No Variations]"
Add component (AddParameter): Name = "Life (Hours)"; Value = ""; VariantName = "[No Variations]"
Add component (AddParameter): Name = "Manufacturer"; Value = ""; VariantName = "[No Variations]"
Add component (AddParameter): Name = "Manufacturer 1"; Value = "Wurth Electronics"; VariantName = "[No Variations]"
Add component (AddParameter): Name = "Manufacturer Part Number"; Value = ""; VariantName = "[No Variations]"
Add component (AddParameter): Name = "Manufacturer Part Number 1"; Value = "885012207098"; VariantName = "[No Variations]"
Add component (AddParameter): Name = "Material"; Value = ""; VariantName = "[No Variations]"
Add component (AddParameter): Name = "Max Operating Temperature"; Value = "125°C"; VariantName = "[No Variations]"
Add component (AddParameter): Name = "Min Operating Temperature"; Value = "-55°C"; VariantName = "[No Variations]"
Add component (AddParameter): Name = "Mount"; Value = "Surface Mount"; VariantName = "[No Variations]"
Add component (AddParameter): Name = "Package Quantity"; Value = ""; VariantName = "[No Variations]"
Add component (AddParameter): Name = "Packaging"; Value = "Cut Tape"; VariantName = "[No Variations]"
Add component (AddParameter): Name = "Pins"; Value = ""; VariantName = "[No Variations]"
Add component (AddParameter): Name = "Polarity"; Value = ""; VariantName = "[No Variations]"
Add component (AddParameter): Name = "Pricing 1"; Value = "100=0,10200, 500=0,07100, 2000=0,06100 (GBP)"; VariantName = "[No Variations]"
Add component (AddParameter): Name = "Radiation Hardening"; Value = ""; VariantName = "[No Variations]"
Add component (AddParameter): Name = "Ratings"; Value = ""; VariantName = "[No Variations]"
Add component (AddParameter): Name = "REACH SVHC"; Value = "Unknown"; VariantName = "[No Variations]"
Add component (AddParameter): Name = "Ripple Current"; Value = ""; VariantName = "[No Variations]"
Add component (AddParameter): Name = "RoHS"; Value = "Yes"; VariantName = "[No Variations]"
Add component (AddParameter): Name = "RoHS Compliant"; Value = "Yes"; VariantName = "[No Variations]"
Add component (AddParameter): Name = "Series"; Value = ""; VariantName = "[No Variations]"
Add component (AddParameter): Name = "Source"; Value = "Passives.SchLib"; VariantName = "[No Variations]"
Add component (AddParameter): Name = "Stock 1"; Value = "8000"; VariantName = "[No Variations]"
Add component (AddParameter): Name = "Termination"; Value = ""; VariantName = "[No Variations]"
Add component (AddParameter): Name = "Thickness"; Value = "0.035inch"; VariantName = "[No Variations]"
Add component (AddParameter): Name = "Tolerance"; Value = "10%"; VariantName = "[No Variations]"
Add component (AddParameter): Name = "Value"; Value = "100nF"; VariantName = "[No Variations]"
Add component (AddParameter): Name = "Voltage"; Value = ""; VariantName = "[No Variations]"
Add component (AddParameter): Name = "Voltage Rating"; Value = "50V"; VariantName = "[No Variations]"
Add component (AddParameter): Name = "Voltage Rating (DC)"; Value = "50V"; VariantName = "[No Variations]"
Add component (AddParameter): Name = "Weight"; Value = ""; VariantName = "[No Variations]"
Add component (AddParameter): Name = "Width"; Value = "0.049inch"; VariantName = "[No Variations]"
Added Component: Designator=C223(C0805FNPC-R)
Add component (AddParameter): Name = ".Creator"; Value = "DR"; VariantName = "[No Variations]"
Add component (AddParameter): Name = ".PCBcheck"; Value = ""; VariantName = "[No Variations]"
Add component (AddParameter): Name = ".SCHcheck"; Value = ""; VariantName = "[No Variations]"
Add component (AddParameter): Name = "Capacitance"; Value = ""; VariantName = "[No Variations]"
Add component (AddParameter): Name = "Case Code (Metric)"; Value = "2012"; VariantName = "[No Variations]"
Add component (AddParameter): Name = "Case/Package"; Value = "0805"; VariantName = "[No Variations]"
Add component (AddParameter): Name = "Category"; Value = "Ceramic Capacitors"; VariantName = "[No Variations]"
Add component (AddParameter): Name = "ComponentLink1Description"; Value = "http://www.farnell.com/datasheets/2031702.pdf?src-supplier=Farnell"; VariantName = "[No Variations]"
Add component (AddParameter): Name = "ComponentLink1URL"; Value = "http://www.farnell.com/datasheets/2031702.pdf?src-supplier=Farnell"; VariantName = "[No Variations]"
Add component (AddParameter): Name = "ComponentLink2Description"; Value = "http://katalog.we-online.de/pbs/datasheet/885012007052.pdf?src-supplier=Digi-Key"; VariantName = "[No Variations]"
Add component (AddParameter): Name = "ComponentLink2URL"; Value = "http://katalog.we-online.de/pbs/datasheet/885012007052.pdf?src-supplier=Digi-Key"; VariantName = "[No Variations]"
Add component (AddParameter): Name = "ComponentLink3Description"; Value = "https://katalog.we-online.de/pbs/datasheet/885012007052.pdf?src-supplier=Digi-Key"; VariantName = "[No Variations]"
Add component (AddParameter): Name = "ComponentLink3URL"; Value = "https://katalog.we-online.de/pbs/datasheet/885012007052.pdf?src-supplier=Digi-Key"; VariantName = "[No Variations]"
Add component (AddParameter): Name = "Construction"; Value = ""; VariantName = "[No Variations]"
Add component (AddParameter): Name = "Depth"; Value = ""; VariantName = "[No Variations]"
Add component (AddParameter): Name = "Design Item ID"; Value = "C15p-50V-0805FNPC-NP0"; VariantName = "[No Variations]"
Add component (AddParameter): Name = "Diameter"; Value = ""; VariantName = "[No Variations]"
Add component (AddParameter): Name = "Dielectric"; Value = ""; VariantName = "[No Variations]"
Add component (AddParameter): Name = "Dielectric Material"; Value = ""; VariantName = "[No Variations]"
Add component (AddParameter): Name = "Dissipation Factor"; Value = ""; VariantName = "[No Variations]"
Add component (AddParameter): Name = "ESR (Equivalent Series Resistance)"; Value = ""; VariantName = "[No Variations]"
Add component (AddParameter): Name = "Features"; Value = ""; VariantName = "[No Variations]"
Add component (AddParameter): Name = "Halogen Free"; Value = ""; VariantName = "[No Variations]"
Add component (AddParameter): Name = "Height"; Value = ""; VariantName = "[No Variations]"
Add component (AddParameter): Name = "Height - Seated (Max)"; Value = ""; VariantName = "[No Variations]"
Add component (AddParameter): Name = "Impedance"; Value = ""; VariantName = "[No Variations]"
Add component (AddParameter): Name = "Lead Diameter"; Value = ""; VariantName = "[No Variations]"
Add component (AddParameter): Name = "Lead Free"; Value = ""; VariantName = "[No Variations]"
Add component (AddParameter): Name = "Lead Pitch"; Value = ""; VariantName = "[No Variations]"
Add component (AddParameter): Name = "Leakage Current"; Value = ""; VariantName = "[No Variations]"
Add component (AddParameter): Name = "Length"; Value = "0.079inch"; VariantName = "[No Variations]"
Add component (AddParameter): Name = "Life (Hours)"; Value = ""; VariantName = "[No Variations]"
Add component (AddParameter): Name = "Manufacturer"; Value = ""; VariantName = "[No Variations]"
Add component (AddParameter): Name = "Manufacturer 1"; Value = "Wurth Electronics"; VariantName = "[No Variations]"
Add component (AddParameter): Name = "Manufacturer Part Number"; Value = ""; VariantName = "[No Variations]"
Add component (AddParameter): Name = "Manufacturer Part Number 1"; Value = "885012007052"; VariantName = "[No Variations]"
Add component (AddParameter): Name = "Material"; Value = ""; VariantName = "[No Variations]"
Add component (AddParameter): Name = "Max Operating Temperature"; Value = "125°C"; VariantName = "[No Variations]"
Add component (AddParameter): Name = "Min Operating Temperature"; Value = "-55°C"; VariantName = "[No Variations]"
Add component (AddParameter): Name = "Mount"; Value = "Surface Mount"; VariantName = "[No Variations]"
Add component (AddParameter): Name = "Package Quantity"; Value = ""; VariantName = "[No Variations]"
Add component (AddParameter): Name = "Packaging"; Value = "Cut Tape"; VariantName = "[No Variations]"
Add component (AddParameter): Name = "Pins"; Value = ""; VariantName = "[No Variations]"
Add component (AddParameter): Name = "Polarity"; Value = ""; VariantName = "[No Variations]"
Add component (AddParameter): Name = "Pricing 1"; Value = "1=0,10800, 10=0,05200, 25=0,05100, 50=0,04900, 100=0,04800, 250=0,04600, 500=0,04300 (USD)"; VariantName = "[No Variations]"
Add component (AddParameter): Name = "Radiation Hardening"; Value = ""; VariantName = "[No Variations]"
Add component (AddParameter): Name = "Ratings"; Value = ""; VariantName = "[No Variations]"
Add component (AddParameter): Name = "REACH SVHC"; Value = ""; VariantName = "[No Variations]"
Add component (AddParameter): Name = "Ripple Current"; Value = ""; VariantName = "[No Variations]"
Add component (AddParameter): Name = "RoHS"; Value = "Yes"; VariantName = "[No Variations]"
Add component (AddParameter): Name = "RoHS Compliant"; Value = "Yes"; VariantName = "[No Variations]"
Add component (AddParameter): Name = "Series"; Value = ""; VariantName = "[No Variations]"
Add component (AddParameter): Name = "Source"; Value = "Passives.SchLib"; VariantName = "[No Variations]"
Add component (AddParameter): Name = "Stock 1"; Value = "815"; VariantName = "[No Variations]"
Add component (AddParameter): Name = "Termination"; Value = ""; VariantName = "[No Variations]"
Add component (AddParameter): Name = "Thickness"; Value = "0.028inch"; VariantName = "[No Variations]"
Add component (AddParameter): Name = "Tolerance"; Value = "5%"; VariantName = "[No Variations]"
Add component (AddParameter): Name = "Value"; Value = "15pF"; VariantName = "[No Variations]"
Add component (AddParameter): Name = "Voltage"; Value = ""; VariantName = "[No Variations]"
Add component (AddParameter): Name = "Voltage Rating"; Value = "50V"; VariantName = "[No Variations]"
Add component (AddParameter): Name = "Voltage Rating (DC)"; Value = ""; VariantName = "[No Variations]"
Add component (AddParameter): Name = "Weight"; Value = ""; VariantName = "[No Variations]"
Add component (AddParameter): Name = "Width"; Value = "0.049inch"; VariantName = "[No Variations]"
Added Component: Designator=C301(C0805FNPC-R)
Add component (AddParameter): Name = ".Creator"; Value = "DR"; VariantName = "[No Variations]"
Add component (AddParameter): Name = ".PCBcheck"; Value = ""; VariantName = "[No Variations]"
Add component (AddParameter): Name = ".SCHcheck"; Value = ""; VariantName = "[No Variations]"
Add component (AddParameter): Name = "Capacitance"; Value = ""; VariantName = "[No Variations]"
Add component (AddParameter): Name = "Case Code (Metric)"; Value = "2012"; VariantName = "[No Variations]"
Add component (AddParameter): Name = "Case/Package"; Value = "0805"; VariantName = "[No Variations]"
Add component (AddParameter): Name = "Category"; Value = "Ceramic Capacitors"; VariantName = "[No Variations]"
Add component (AddParameter): Name = "ComponentLink1Description"; Value = "http://www.farnell.com/datasheets/1958498.pdf?src-supplier=Farnell"; VariantName = "[No Variations]"
Add component (AddParameter): Name = "ComponentLink1URL"; Value = "http://www.farnell.com/datasheets/1958498.pdf?src-supplier=Farnell"; VariantName = "[No Variations]"
Add component (AddParameter): Name = "ComponentLink2Description"; Value = "http://www.farnell.com/datasheets/1958498.pdf?src-supplier=Element14"; VariantName = "[No Variations]"
Add component (AddParameter): Name = "ComponentLink2URL"; Value = "http://www.farnell.com/datasheets/1958498.pdf?src-supplier=Element14"; VariantName = "[No Variations]"
Add component (AddParameter): Name = "ComponentLink3Description"; Value = "https://katalog.we-online.de/pbs/datasheet/885012207098.pdf?src-supplier=Digi-Key"; VariantName = "[No Variations]"
Add component (AddParameter): Name = "ComponentLink3URL"; Value = "https://katalog.we-online.de/pbs/datasheet/885012207098.pdf?src-supplier=Digi-Key"; VariantName = "[No Variations]"
Add component (AddParameter): Name = "ComponentLink4Description"; Value = "http://www.farnell.com/datasheets/1958498.pdf?src-supplier=Newark"; VariantName = "[No Variations]"
Add component (AddParameter): Name = "ComponentLink4URL"; Value = "http://www.farnell.com/datasheets/1958498.pdf?src-supplier=Newark"; VariantName = "[No Variations]"
Add component (AddParameter): Name = "Construction"; Value = ""; VariantName = "[No Variations]"
Add component (AddParameter): Name = "Depth"; Value = ""; VariantName = "[No Variations]"
Add component (AddParameter): Name = "Design Item ID"; Value = "C100n-50V-0805FNPC-X7R"; VariantName = "[No Variations]"
Add component (AddParameter): Name = "Diameter"; Value = ""; VariantName = "[No Variations]"
Add component (AddParameter): Name = "Dielectric"; Value = "X7R"; VariantName = "[No Variations]"
Add component (AddParameter): Name = "Dielectric Material"; Value = ""; VariantName = "[No Variations]"
Add component (AddParameter): Name = "Dissipation Factor"; Value = ""; VariantName = "[No Variations]"
Add component (AddParameter): Name = "ESR (Equivalent Series Resistance)"; Value = ""; VariantName = "[No Variations]"
Add component (AddParameter): Name = "Features"; Value = ""; VariantName = "[No Variations]"
Add component (AddParameter): Name = "Halogen Free"; Value = ""; VariantName = "[No Variations]"
Add component (AddParameter): Name = "Height"; Value = ""; VariantName = "[No Variations]"
Add component (AddParameter): Name = "Height - Seated (Max)"; Value = ""; VariantName = "[No Variations]"
Add component (AddParameter): Name = "Impedance"; Value = ""; VariantName = "[No Variations]"
Add component (AddParameter): Name = "Lead Diameter"; Value = ""; VariantName = "[No Variations]"
Add component (AddParameter): Name = "Lead Free"; Value = ""; VariantName = "[No Variations]"
Add component (AddParameter): Name = "Lead Pitch"; Value = ""; VariantName = "[No Variations]"
Add component (AddParameter): Name = "Leakage Current"; Value = ""; VariantName = "[No Variations]"
Add component (AddParameter): Name = "Length"; Value = "0.079inch"; VariantName = "[No Variations]"
Add component (AddParameter): Name = "Life (Hours)"; Value = ""; VariantName = "[No Variations]"
Add component (AddParameter): Name = "Manufacturer"; Value = ""; VariantName = "[No Variations]"
Add component (AddParameter): Name = "Manufacturer 1"; Value = "Wurth Electronics"; VariantName = "[No Variations]"
Add component (AddParameter): Name = "Manufacturer Part Number"; Value = ""; VariantName = "[No Variations]"
Add component (AddParameter): Name = "Manufacturer Part Number 1"; Value = "885012207098"; VariantName = "[No Variations]"
Add component (AddParameter): Name = "Material"; Value = ""; VariantName = "[No Variations]"
Add component (AddParameter): Name = "Max Operating Temperature"; Value = "125°C"; VariantName = "[No Variations]"
Add component (AddParameter): Name = "Min Operating Temperature"; Value = "-55°C"; VariantName = "[No Variations]"
Add component (AddParameter): Name = "Mount"; Value = "Surface Mount"; VariantName = "[No Variations]"
Add component (AddParameter): Name = "Package Quantity"; Value = ""; VariantName = "[No Variations]"
Add component (AddParameter): Name = "Packaging"; Value = "Cut Tape"; VariantName = "[No Variations]"
Add component (AddParameter): Name = "Pins"; Value = ""; VariantName = "[No Variations]"
Add component (AddParameter): Name = "Polarity"; Value = ""; VariantName = "[No Variations]"
Add component (AddParameter): Name = "Pricing 1"; Value = "100=0,10200, 500=0,07100, 2000=0,06100 (GBP)"; VariantName = "[No Variations]"
Add component (AddParameter): Name = "Radiation Hardening"; Value = ""; VariantName = "[No Variations]"
Add component (AddParameter): Name = "Ratings"; Value = ""; VariantName = "[No Variations]"
Add component (AddParameter): Name = "REACH SVHC"; Value = "Unknown"; VariantName = "[No Variations]"
Add component (AddParameter): Name = "Ripple Current"; Value = ""; VariantName = "[No Variations]"
Add component (AddParameter): Name = "RoHS"; Value = "Yes"; VariantName = "[No Variations]"
Add component (AddParameter): Name = "RoHS Compliant"; Value = "Yes"; VariantName = "[No Variations]"
Add component (AddParameter): Name = "Series"; Value = ""; VariantName = "[No Variations]"
Add component (AddParameter): Name = "Source"; Value = "Passives.SchLib"; VariantName = "[No Variations]"
Add component (AddParameter): Name = "Stock 1"; Value = "8000"; VariantName = "[No Variations]"
Add component (AddParameter): Name = "Termination"; Value = ""; VariantName = "[No Variations]"
Add component (AddParameter): Name = "Thickness"; Value = "0.035inch"; VariantName = "[No Variations]"
Add component (AddParameter): Name = "Tolerance"; Value = "10%"; VariantName = "[No Variations]"
Add component (AddParameter): Name = "Value"; Value = "100nF"; VariantName = "[No Variations]"
Add component (AddParameter): Name = "Voltage"; Value = ""; VariantName = "[No Variations]"
Add component (AddParameter): Name = "Voltage Rating"; Value = "50V"; VariantName = "[No Variations]"
Add component (AddParameter): Name = "Voltage Rating (DC)"; Value = "50V"; VariantName = "[No Variations]"
Add component (AddParameter): Name = "Weight"; Value = ""; VariantName = "[No Variations]"
Add component (AddParameter): Name = "Width"; Value = "0.049inch"; VariantName = "[No Variations]"
Added Component: Designator=C302(C0805FNPC-R)
Add component (AddParameter): Name = ".Creator"; Value = "DR"; VariantName = "[No Variations]"
Add component (AddParameter): Name = ".PCBcheck"; Value = ""; VariantName = "[No Variations]"
Add component (AddParameter): Name = ".SCHcheck"; Value = ""; VariantName = "[No Variations]"
Add component (AddParameter): Name = "Capacitance"; Value = ""; VariantName = "[No Variations]"
Add component (AddParameter): Name = "Case Code (Metric)"; Value = "2012"; VariantName = "[No Variations]"
Add component (AddParameter): Name = "Case/Package"; Value = "0805"; VariantName = "[No Variations]"
Add component (AddParameter): Name = "Category"; Value = "Ceramic Capacitors"; VariantName = "[No Variations]"
Add component (AddParameter): Name = "ComponentLink1Description"; Value = "http://www.farnell.com/datasheets/1958498.pdf?src-supplier=Farnell"; VariantName = "[No Variations]"
Add component (AddParameter): Name = "ComponentLink1URL"; Value = "http://www.farnell.com/datasheets/1958498.pdf?src-supplier=Farnell"; VariantName = "[No Variations]"
Add component (AddParameter): Name = "ComponentLink2Description"; Value = "http://www.farnell.com/datasheets/1958498.pdf?src-supplier=Element14"; VariantName = "[No Variations]"
Add component (AddParameter): Name = "ComponentLink2URL"; Value = "http://www.farnell.com/datasheets/1958498.pdf?src-supplier=Element14"; VariantName = "[No Variations]"
Add component (AddParameter): Name = "ComponentLink3Description"; Value = "https://katalog.we-online.de/pbs/datasheet/885012207098.pdf?src-supplier=Digi-Key"; VariantName = "[No Variations]"
Add component (AddParameter): Name = "ComponentLink3URL"; Value = "https://katalog.we-online.de/pbs/datasheet/885012207098.pdf?src-supplier=Digi-Key"; VariantName = "[No Variations]"
Add component (AddParameter): Name = "ComponentLink4Description"; Value = "http://www.farnell.com/datasheets/1958498.pdf?src-supplier=Newark"; VariantName = "[No Variations]"
Add component (AddParameter): Name = "ComponentLink4URL"; Value = "http://www.farnell.com/datasheets/1958498.pdf?src-supplier=Newark"; VariantName = "[No Variations]"
Add component (AddParameter): Name = "Construction"; Value = ""; VariantName = "[No Variations]"
Add component (AddParameter): Name = "Depth"; Value = ""; VariantName = "[No Variations]"
Add component (AddParameter): Name = "Design Item ID"; Value = "C100n-50V-0805FNPC-X7R"; VariantName = "[No Variations]"
Add component (AddParameter): Name = "Diameter"; Value = ""; VariantName = "[No Variations]"
Add component (AddParameter): Name = "Dielectric"; Value = "X7R"; VariantName = "[No Variations]"
Add component (AddParameter): Name = "Dielectric Material"; Value = ""; VariantName = "[No Variations]"
Add component (AddParameter): Name = "Dissipation Factor"; Value = ""; VariantName = "[No Variations]"
Add component (AddParameter): Name = "ESR (Equivalent Series Resistance)"; Value = ""; VariantName = "[No Variations]"
Add component (AddParameter): Name = "Features"; Value = ""; VariantName = "[No Variations]"
Add component (AddParameter): Name = "Halogen Free"; Value = ""; VariantName = "[No Variations]"
Add component (AddParameter): Name = "Height"; Value = ""; VariantName = "[No Variations]"
Add component (AddParameter): Name = "Height - Seated (Max)"; Value = ""; VariantName = "[No Variations]"
Add component (AddParameter): Name = "Impedance"; Value = ""; VariantName = "[No Variations]"
Add component (AddParameter): Name = "Lead Diameter"; Value = ""; VariantName = "[No Variations]"
Add component (AddParameter): Name = "Lead Free"; Value = ""; VariantName = "[No Variations]"
Add component (AddParameter): Name = "Lead Pitch"; Value = ""; VariantName = "[No Variations]"
Add component (AddParameter): Name = "Leakage Current"; Value = ""; VariantName = "[No Variations]"
Add component (AddParameter): Name = "Length"; Value = "0.079inch"; VariantName = "[No Variations]"
Add component (AddParameter): Name = "Life (Hours)"; Value = ""; VariantName = "[No Variations]"
Add component (AddParameter): Name = "Manufacturer"; Value = ""; VariantName = "[No Variations]"
Add component (AddParameter): Name = "Manufacturer 1"; Value = "Wurth Electronics"; VariantName = "[No Variations]"
Add component (AddParameter): Name = "Manufacturer Part Number"; Value = ""; VariantName = "[No Variations]"
Add component (AddParameter): Name = "Manufacturer Part Number 1"; Value = "885012207098"; VariantName = "[No Variations]"
Add component (AddParameter): Name = "Material"; Value = ""; VariantName = "[No Variations]"
Add component (AddParameter): Name = "Max Operating Temperature"; Value = "125°C"; VariantName = "[No Variations]"
Add component (AddParameter): Name = "Min Operating Temperature"; Value = "-55°C"; VariantName = "[No Variations]"
Add component (AddParameter): Name = "Mount"; Value = "Surface Mount"; VariantName = "[No Variations]"
Add component (AddParameter): Name = "Package Quantity"; Value = ""; VariantName = "[No Variations]"
Add component (AddParameter): Name = "Packaging"; Value = "Cut Tape"; VariantName = "[No Variations]"
Add component (AddParameter): Name = "Pins"; Value = ""; VariantName = "[No Variations]"
Add component (AddParameter): Name = "Polarity"; Value = ""; VariantName = "[No Variations]"
Add component (AddParameter): Name = "Pricing 1"; Value = "100=0,10200, 500=0,07100, 2000=0,06100 (GBP)"; VariantName = "[No Variations]"
Add component (AddParameter): Name = "Radiation Hardening"; Value = ""; VariantName = "[No Variations]"
Add component (AddParameter): Name = "Ratings"; Value = ""; VariantName = "[No Variations]"
Add component (AddParameter): Name = "REACH SVHC"; Value = "Unknown"; VariantName = "[No Variations]"
Add component (AddParameter): Name = "Ripple Current"; Value = ""; VariantName = "[No Variations]"
Add component (AddParameter): Name = "RoHS"; Value = "Yes"; VariantName = "[No Variations]"
Add component (AddParameter): Name = "RoHS Compliant"; Value = "Yes"; VariantName = "[No Variations]"
Add component (AddParameter): Name = "Series"; Value = ""; VariantName = "[No Variations]"
Add component (AddParameter): Name = "Source"; Value = "Passives.SchLib"; VariantName = "[No Variations]"
Add component (AddParameter): Name = "Stock 1"; Value = "8000"; VariantName = "[No Variations]"
Add component (AddParameter): Name = "Termination"; Value = ""; VariantName = "[No Variations]"
Add component (AddParameter): Name = "Thickness"; Value = "0.035inch"; VariantName = "[No Variations]"
Add component (AddParameter): Name = "Tolerance"; Value = "10%"; VariantName = "[No Variations]"
Add component (AddParameter): Name = "Value"; Value = "100nF"; VariantName = "[No Variations]"
Add component (AddParameter): Name = "Voltage"; Value = ""; VariantName = "[No Variations]"
Add component (AddParameter): Name = "Voltage Rating"; Value = "50V"; VariantName = "[No Variations]"
Add component (AddParameter): Name = "Voltage Rating (DC)"; Value = "50V"; VariantName = "[No Variations]"
Add component (AddParameter): Name = "Weight"; Value = ""; VariantName = "[No Variations]"
Add component (AddParameter): Name = "Width"; Value = "0.049inch"; VariantName = "[No Variations]"
Added Component: Designator=C333(C0805FNPC-R)
Add component (AddParameter): Name = ".Creator"; Value = "DR"; VariantName = "[No Variations]"
Add component (AddParameter): Name = ".PCBcheck"; Value = ""; VariantName = "[No Variations]"
Add component (AddParameter): Name = ".SCHcheck"; Value = ""; VariantName = "[No Variations]"
Add component (AddParameter): Name = "Capacitance"; Value = ""; VariantName = "[No Variations]"
Add component (AddParameter): Name = "Case Code (Metric)"; Value = "2012"; VariantName = "[No Variations]"
Add component (AddParameter): Name = "Case/Package"; Value = "0805"; VariantName = "[No Variations]"
Add component (AddParameter): Name = "Category"; Value = "Ceramic Capacitors"; VariantName = "[No Variations]"
Add component (AddParameter): Name = "ComponentLink1Description"; Value = "http://www.farnell.com/datasheets/2031702.pdf?src-supplier=Farnell"; VariantName = "[No Variations]"
Add component (AddParameter): Name = "ComponentLink1URL"; Value = "http://www.farnell.com/datasheets/2031702.pdf?src-supplier=Farnell"; VariantName = "[No Variations]"
Add component (AddParameter): Name = "ComponentLink2Description"; Value = "http://katalog.we-online.de/pbs/datasheet/885012007052.pdf?src-supplier=Digi-Key"; VariantName = "[No Variations]"
Add component (AddParameter): Name = "ComponentLink2URL"; Value = "http://katalog.we-online.de/pbs/datasheet/885012007052.pdf?src-supplier=Digi-Key"; VariantName = "[No Variations]"
Add component (AddParameter): Name = "ComponentLink3Description"; Value = "https://katalog.we-online.de/pbs/datasheet/885012007052.pdf?src-supplier=Digi-Key"; VariantName = "[No Variations]"
Add component (AddParameter): Name = "ComponentLink3URL"; Value = "https://katalog.we-online.de/pbs/datasheet/885012007052.pdf?src-supplier=Digi-Key"; VariantName = "[No Variations]"
Add component (AddParameter): Name = "Construction"; Value = ""; VariantName = "[No Variations]"
Add component (AddParameter): Name = "Depth"; Value = ""; VariantName = "[No Variations]"
Add component (AddParameter): Name = "Design Item ID"; Value = "C15p-50V-0805FNPC-NP0"; VariantName = "[No Variations]"
Add component (AddParameter): Name = "Diameter"; Value = ""; VariantName = "[No Variations]"
Add component (AddParameter): Name = "Dielectric"; Value = ""; VariantName = "[No Variations]"
Add component (AddParameter): Name = "Dielectric Material"; Value = ""; VariantName = "[No Variations]"
Add component (AddParameter): Name = "Dissipation Factor"; Value = ""; VariantName = "[No Variations]"
Add component (AddParameter): Name = "ESR (Equivalent Series Resistance)"; Value = ""; VariantName = "[No Variations]"
Add component (AddParameter): Name = "Features"; Value = ""; VariantName = "[No Variations]"
Add component (AddParameter): Name = "Halogen Free"; Value = ""; VariantName = "[No Variations]"
Add component (AddParameter): Name = "Height"; Value = ""; VariantName = "[No Variations]"
Add component (AddParameter): Name = "Height - Seated (Max)"; Value = ""; VariantName = "[No Variations]"
Add component (AddParameter): Name = "Impedance"; Value = ""; VariantName = "[No Variations]"
Add component (AddParameter): Name = "Lead Diameter"; Value = ""; VariantName = "[No Variations]"
Add component (AddParameter): Name = "Lead Free"; Value = ""; VariantName = "[No Variations]"
Add component (AddParameter): Name = "Lead Pitch"; Value = ""; VariantName = "[No Variations]"
Add component (AddParameter): Name = "Leakage Current"; Value = ""; VariantName = "[No Variations]"
Add component (AddParameter): Name = "Length"; Value = "0.079inch"; VariantName = "[No Variations]"
Add component (AddParameter): Name = "Life (Hours)"; Value = ""; VariantName = "[No Variations]"
Add component (AddParameter): Name = "Manufacturer"; Value = ""; VariantName = "[No Variations]"
Add component (AddParameter): Name = "Manufacturer 1"; Value = "Wurth Electronics"; VariantName = "[No Variations]"
Add component (AddParameter): Name = "Manufacturer Part Number"; Value = ""; VariantName = "[No Variations]"
Add component (AddParameter): Name = "Manufacturer Part Number 1"; Value = "885012007052"; VariantName = "[No Variations]"
Add component (AddParameter): Name = "Material"; Value = ""; VariantName = "[No Variations]"
Add component (AddParameter): Name = "Max Operating Temperature"; Value = "125°C"; VariantName = "[No Variations]"
Add component (AddParameter): Name = "Min Operating Temperature"; Value = "-55°C"; VariantName = "[No Variations]"
Add component (AddParameter): Name = "Mount"; Value = "Surface Mount"; VariantName = "[No Variations]"
Add component (AddParameter): Name = "Package Quantity"; Value = ""; VariantName = "[No Variations]"
Add component (AddParameter): Name = "Packaging"; Value = "Cut Tape"; VariantName = "[No Variations]"
Add component (AddParameter): Name = "Pins"; Value = ""; VariantName = "[No Variations]"
Add component (AddParameter): Name = "Polarity"; Value = ""; VariantName = "[No Variations]"
Add component (AddParameter): Name = "Pricing 1"; Value = "1=0,10800, 10=0,05200, 25=0,05100, 50=0,04900, 100=0,04800, 250=0,04600, 500=0,04300 (USD)"; VariantName = "[No Variations]"
Add component (AddParameter): Name = "Radiation Hardening"; Value = ""; VariantName = "[No Variations]"
Add component (AddParameter): Name = "Ratings"; Value = ""; VariantName = "[No Variations]"
Add component (AddParameter): Name = "REACH SVHC"; Value = ""; VariantName = "[No Variations]"
Add component (AddParameter): Name = "Ripple Current"; Value = ""; VariantName = "[No Variations]"
Add component (AddParameter): Name = "RoHS"; Value = "Yes"; VariantName = "[No Variations]"
Add component (AddParameter): Name = "RoHS Compliant"; Value = "Yes"; VariantName = "[No Variations]"
Add component (AddParameter): Name = "Series"; Value = ""; VariantName = "[No Variations]"
Add component (AddParameter): Name = "Source"; Value = "Passives.SchLib"; VariantName = "[No Variations]"
Add component (AddParameter): Name = "Stock 1"; Value = "815"; VariantName = "[No Variations]"
Add component (AddParameter): Name = "Termination"; Value = ""; VariantName = "[No Variations]"
Add component (AddParameter): Name = "Thickness"; Value = "0.028inch"; VariantName = "[No Variations]"
Add component (AddParameter): Name = "Tolerance"; Value = "5%"; VariantName = "[No Variations]"
Add component (AddParameter): Name = "Value"; Value = "15pF"; VariantName = "[No Variations]"
Add component (AddParameter): Name = "Voltage"; Value = ""; VariantName = "[No Variations]"
Add component (AddParameter): Name = "Voltage Rating"; Value = "50V"; VariantName = "[No Variations]"
Add component (AddParameter): Name = "Voltage Rating (DC)"; Value = ""; VariantName = "[No Variations]"
Add component (AddParameter): Name = "Weight"; Value = ""; VariantName = "[No Variations]"
Add component (AddParameter): Name = "Width"; Value = "0.049inch"; VariantName = "[No Variations]"
Added Component: Designator=C401(C0805FNPC-R)
Add component (AddParameter): Name = ".Creator"; Value = "DR"; VariantName = "[No Variations]"
Add component (AddParameter): Name = ".PCBcheck"; Value = ""; VariantName = "[No Variations]"
Add component (AddParameter): Name = ".SCHcheck"; Value = ""; VariantName = "[No Variations]"
Add component (AddParameter): Name = "Capacitance"; Value = ""; VariantName = "[No Variations]"
Add component (AddParameter): Name = "Case Code (Metric)"; Value = "2012"; VariantName = "[No Variations]"
Add component (AddParameter): Name = "Case/Package"; Value = "0805"; VariantName = "[No Variations]"
Add component (AddParameter): Name = "Category"; Value = "Ceramic Capacitors"; VariantName = "[No Variations]"
Add component (AddParameter): Name = "ComponentLink1Description"; Value = "http://www.farnell.com/datasheets/1958498.pdf?src-supplier=Farnell"; VariantName = "[No Variations]"
Add component (AddParameter): Name = "ComponentLink1URL"; Value = "http://www.farnell.com/datasheets/1958498.pdf?src-supplier=Farnell"; VariantName = "[No Variations]"
Add component (AddParameter): Name = "ComponentLink2Description"; Value = "http://www.farnell.com/datasheets/1958498.pdf?src-supplier=Element14"; VariantName = "[No Variations]"
Add component (AddParameter): Name = "ComponentLink2URL"; Value = "http://www.farnell.com/datasheets/1958498.pdf?src-supplier=Element14"; VariantName = "[No Variations]"
Add component (AddParameter): Name = "ComponentLink3Description"; Value = "https://katalog.we-online.de/pbs/datasheet/885012207098.pdf?src-supplier=Digi-Key"; VariantName = "[No Variations]"
Add component (AddParameter): Name = "ComponentLink3URL"; Value = "https://katalog.we-online.de/pbs/datasheet/885012207098.pdf?src-supplier=Digi-Key"; VariantName = "[No Variations]"
Add component (AddParameter): Name = "ComponentLink4Description"; Value = "http://www.farnell.com/datasheets/1958498.pdf?src-supplier=Newark"; VariantName = "[No Variations]"
Add component (AddParameter): Name = "ComponentLink4URL"; Value = "http://www.farnell.com/datasheets/1958498.pdf?src-supplier=Newark"; VariantName = "[No Variations]"
Add component (AddParameter): Name = "Construction"; Value = ""; VariantName = "[No Variations]"
Add component (AddParameter): Name = "Depth"; Value = ""; VariantName = "[No Variations]"
Add component (AddParameter): Name = "Design Item ID"; Value = "C100n-50V-0805FNPC-X7R"; VariantName = "[No Variations]"
Add component (AddParameter): Name = "Diameter"; Value = ""; VariantName = "[No Variations]"
Add component (AddParameter): Name = "Dielectric"; Value = "X7R"; VariantName = "[No Variations]"
Add component (AddParameter): Name = "Dielectric Material"; Value = ""; VariantName = "[No Variations]"
Add component (AddParameter): Name = "Dissipation Factor"; Value = ""; VariantName = "[No Variations]"
Add component (AddParameter): Name = "ESR (Equivalent Series Resistance)"; Value = ""; VariantName = "[No Variations]"
Add component (AddParameter): Name = "Features"; Value = ""; VariantName = "[No Variations]"
Add component (AddParameter): Name = "Halogen Free"; Value = ""; VariantName = "[No Variations]"
Add component (AddParameter): Name = "Height"; Value = ""; VariantName = "[No Variations]"
Add component (AddParameter): Name = "Height - Seated (Max)"; Value = ""; VariantName = "[No Variations]"
Add component (AddParameter): Name = "Impedance"; Value = ""; VariantName = "[No Variations]"
Add component (AddParameter): Name = "Lead Diameter"; Value = ""; VariantName = "[No Variations]"
Add component (AddParameter): Name = "Lead Free"; Value = ""; VariantName = "[No Variations]"
Add component (AddParameter): Name = "Lead Pitch"; Value = ""; VariantName = "[No Variations]"
Add component (AddParameter): Name = "Leakage Current"; Value = ""; VariantName = "[No Variations]"
Add component (AddParameter): Name = "Length"; Value = "0.079inch"; VariantName = "[No Variations]"
Add component (AddParameter): Name = "Life (Hours)"; Value = ""; VariantName = "[No Variations]"
Add component (AddParameter): Name = "Manufacturer"; Value = ""; VariantName = "[No Variations]"
Add component (AddParameter): Name = "Manufacturer 1"; Value = "Wurth Electronics"; VariantName = "[No Variations]"
Add component (AddParameter): Name = "Manufacturer Part Number"; Value = ""; VariantName = "[No Variations]"
Add component (AddParameter): Name = "Manufacturer Part Number 1"; Value = "885012207098"; VariantName = "[No Variations]"
Add component (AddParameter): Name = "Material"; Value = ""; VariantName = "[No Variations]"
Add component (AddParameter): Name = "Max Operating Temperature"; Value = "125°C"; VariantName = "[No Variations]"
Add component (AddParameter): Name = "Min Operating Temperature"; Value = "-55°C"; VariantName = "[No Variations]"
Add component (AddParameter): Name = "Mount"; Value = "Surface Mount"; VariantName = "[No Variations]"
Add component (AddParameter): Name = "Package Quantity"; Value = ""; VariantName = "[No Variations]"
Add component (AddParameter): Name = "Packaging"; Value = "Cut Tape"; VariantName = "[No Variations]"
Add component (AddParameter): Name = "Pins"; Value = ""; VariantName = "[No Variations]"
Add component (AddParameter): Name = "Polarity"; Value = ""; VariantName = "[No Variations]"
Add component (AddParameter): Name = "Pricing 1"; Value = "100=0,10200, 500=0,07100, 2000=0,06100 (GBP)"; VariantName = "[No Variations]"
Add component (AddParameter): Name = "Radiation Hardening"; Value = ""; VariantName = "[No Variations]"
Add component (AddParameter): Name = "Ratings"; Value = ""; VariantName = "[No Variations]"
Add component (AddParameter): Name = "REACH SVHC"; Value = "Unknown"; VariantName = "[No Variations]"
Add component (AddParameter): Name = "Ripple Current"; Value = ""; VariantName = "[No Variations]"
Add component (AddParameter): Name = "RoHS"; Value = "Yes"; VariantName = "[No Variations]"
Add component (AddParameter): Name = "RoHS Compliant"; Value = "Yes"; VariantName = "[No Variations]"
Add component (AddParameter): Name = "Series"; Value = ""; VariantName = "[No Variations]"
Add component (AddParameter): Name = "Source"; Value = "Passives.SchLib"; VariantName = "[No Variations]"
Add component (AddParameter): Name = "Stock 1"; Value = "8000"; VariantName = "[No Variations]"
Add component (AddParameter): Name = "Termination"; Value = ""; VariantName = "[No Variations]"
Add component (AddParameter): Name = "Thickness"; Value = "0.035inch"; VariantName = "[No Variations]"
Add component (AddParameter): Name = "Tolerance"; Value = "10%"; VariantName = "[No Variations]"
Add component (AddParameter): Name = "Value"; Value = "100nF"; VariantName = "[No Variations]"
Add component (AddParameter): Name = "Voltage"; Value = ""; VariantName = "[No Variations]"
Add component (AddParameter): Name = "Voltage Rating"; Value = "50V"; VariantName = "[No Variations]"
Add component (AddParameter): Name = "Voltage Rating (DC)"; Value = "50V"; VariantName = "[No Variations]"
Add component (AddParameter): Name = "Weight"; Value = ""; VariantName = "[No Variations]"
Add component (AddParameter): Name = "Width"; Value = "0.049inch"; VariantName = "[No Variations]"
Added Component: Designator=C444(C0805FNPC-R)
Add component (AddParameter): Name = ".Creator"; Value = "DR"; VariantName = "[No Variations]"
Add component (AddParameter): Name = ".PCBcheck"; Value = ""; VariantName = "[No Variations]"
Add component (AddParameter): Name = ".SCHcheck"; Value = ""; VariantName = "[No Variations]"
Add component (AddParameter): Name = "Capacitance"; Value = ""; VariantName = "[No Variations]"
Add component (AddParameter): Name = "Case Code (Metric)"; Value = "2012"; VariantName = "[No Variations]"
Add component (AddParameter): Name = "Case/Package"; Value = "0805"; VariantName = "[No Variations]"
Add component (AddParameter): Name = "Category"; Value = "Ceramic Capacitors"; VariantName = "[No Variations]"
Add component (AddParameter): Name = "ComponentLink1Description"; Value = "http://www.farnell.com/datasheets/2031702.pdf?src-supplier=Farnell"; VariantName = "[No Variations]"
Add component (AddParameter): Name = "ComponentLink1URL"; Value = "http://www.farnell.com/datasheets/2031702.pdf?src-supplier=Farnell"; VariantName = "[No Variations]"
Add component (AddParameter): Name = "ComponentLink2Description"; Value = "http://katalog.we-online.de/pbs/datasheet/885012007052.pdf?src-supplier=Digi-Key"; VariantName = "[No Variations]"
Add component (AddParameter): Name = "ComponentLink2URL"; Value = "http://katalog.we-online.de/pbs/datasheet/885012007052.pdf?src-supplier=Digi-Key"; VariantName = "[No Variations]"
Add component (AddParameter): Name = "ComponentLink3Description"; Value = "https://katalog.we-online.de/pbs/datasheet/885012007052.pdf?src-supplier=Digi-Key"; VariantName = "[No Variations]"
Add component (AddParameter): Name = "ComponentLink3URL"; Value = "https://katalog.we-online.de/pbs/datasheet/885012007052.pdf?src-supplier=Digi-Key"; VariantName = "[No Variations]"
Add component (AddParameter): Name = "Construction"; Value = ""; VariantName = "[No Variations]"
Add component (AddParameter): Name = "Depth"; Value = ""; VariantName = "[No Variations]"
Add component (AddParameter): Name = "Design Item ID"; Value = "C15p-50V-0805FNPC-NP0"; VariantName = "[No Variations]"
Add component (AddParameter): Name = "Diameter"; Value = ""; VariantName = "[No Variations]"
Add component (AddParameter): Name = "Dielectric"; Value = ""; VariantName = "[No Variations]"
Add component (AddParameter): Name = "Dielectric Material"; Value = ""; VariantName = "[No Variations]"
Add component (AddParameter): Name = "Dissipation Factor"; Value = ""; VariantName = "[No Variations]"
Add component (AddParameter): Name = "ESR (Equivalent Series Resistance)"; Value = ""; VariantName = "[No Variations]"
Add component (AddParameter): Name = "Features"; Value = ""; VariantName = "[No Variations]"
Add component (AddParameter): Name = "Halogen Free"; Value = ""; VariantName = "[No Variations]"
Add component (AddParameter): Name = "Height"; Value = ""; VariantName = "[No Variations]"
Add component (AddParameter): Name = "Height - Seated (Max)"; Value = ""; VariantName = "[No Variations]"
Add component (AddParameter): Name = "Impedance"; Value = ""; VariantName = "[No Variations]"
Add component (AddParameter): Name = "Lead Diameter"; Value = ""; VariantName = "[No Variations]"
Add component (AddParameter): Name = "Lead Free"; Value = ""; VariantName = "[No Variations]"
Add component (AddParameter): Name = "Lead Pitch"; Value = ""; VariantName = "[No Variations]"
Add component (AddParameter): Name = "Leakage Current"; Value = ""; VariantName = "[No Variations]"
Add component (AddParameter): Name = "Length"; Value = "0.079inch"; VariantName = "[No Variations]"
Add component (AddParameter): Name = "Life (Hours)"; Value = ""; VariantName = "[No Variations]"
Add component (AddParameter): Name = "Manufacturer"; Value = ""; VariantName = "[No Variations]"
Add component (AddParameter): Name = "Manufacturer 1"; Value = "Wurth Electronics"; VariantName = "[No Variations]"
Add component (AddParameter): Name = "Manufacturer Part Number"; Value = ""; VariantName = "[No Variations]"
Add component (AddParameter): Name = "Manufacturer Part Number 1"; Value = "885012007052"; VariantName = "[No Variations]"
Add component (AddParameter): Name = "Material"; Value = ""; VariantName = "[No Variations]"
Add component (AddParameter): Name = "Max Operating Temperature"; Value = "125°C"; VariantName = "[No Variations]"
Add component (AddParameter): Name = "Min Operating Temperature"; Value = "-55°C"; VariantName = "[No Variations]"
Add component (AddParameter): Name = "Mount"; Value = "Surface Mount"; VariantName = "[No Variations]"
Add component (AddParameter): Name = "Package Quantity"; Value = ""; VariantName = "[No Variations]"
Add component (AddParameter): Name = "Packaging"; Value = "Cut Tape"; VariantName = "[No Variations]"
Add component (AddParameter): Name = "Pins"; Value = ""; VariantName = "[No Variations]"
Add component (AddParameter): Name = "Polarity"; Value = ""; VariantName = "[No Variations]"
Add component (AddParameter): Name = "Pricing 1"; Value = "1=0,10800, 10=0,05200, 25=0,05100, 50=0,04900, 100=0,04800, 250=0,04600, 500=0,04300 (USD)"; VariantName = "[No Variations]"
Add component (AddParameter): Name = "Radiation Hardening"; Value = ""; VariantName = "[No Variations]"
Add component (AddParameter): Name = "Ratings"; Value = ""; VariantName = "[No Variations]"
Add component (AddParameter): Name = "REACH SVHC"; Value = ""; VariantName = "[No Variations]"
Add component (AddParameter): Name = "Ripple Current"; Value = ""; VariantName = "[No Variations]"
Add component (AddParameter): Name = "RoHS"; Value = "Yes"; VariantName = "[No Variations]"
Add component (AddParameter): Name = "RoHS Compliant"; Value = "Yes"; VariantName = "[No Variations]"
Add component (AddParameter): Name = "Series"; Value = ""; VariantName = "[No Variations]"
Add component (AddParameter): Name = "Source"; Value = "Passives.SchLib"; VariantName = "[No Variations]"
Add component (AddParameter): Name = "Stock 1"; Value = "815"; VariantName = "[No Variations]"
Add component (AddParameter): Name = "Termination"; Value = ""; VariantName = "[No Variations]"
Add component (AddParameter): Name = "Thickness"; Value = "0.028inch"; VariantName = "[No Variations]"
Add component (AddParameter): Name = "Tolerance"; Value = "5%"; VariantName = "[No Variations]"
Add component (AddParameter): Name = "Value"; Value = "15pF"; VariantName = "[No Variations]"
Add component (AddParameter): Name = "Voltage"; Value = ""; VariantName = "[No Variations]"
Add component (AddParameter): Name = "Voltage Rating"; Value = "50V"; VariantName = "[No Variations]"
Add component (AddParameter): Name = "Voltage Rating (DC)"; Value = ""; VariantName = "[No Variations]"
Add component (AddParameter): Name = "Weight"; Value = ""; VariantName = "[No Variations]"
Add component (AddParameter): Name = "Width"; Value = "0.049inch"; VariantName = "[No Variations]"
Added Component: Designator=C501(C0805FNPC-R)
Add component (AddParameter): Name = ".Creator"; Value = "DR"; VariantName = "[No Variations]"
Add component (AddParameter): Name = ".PCBcheck"; Value = ""; VariantName = "[No Variations]"
Add component (AddParameter): Name = ".SCHcheck"; Value = ""; VariantName = "[No Variations]"
Add component (AddParameter): Name = "Capacitance"; Value = ""; VariantName = "[No Variations]"
Add component (AddParameter): Name = "Case Code (Metric)"; Value = "2012"; VariantName = "[No Variations]"
Add component (AddParameter): Name = "Case/Package"; Value = "0805"; VariantName = "[No Variations]"
Add component (AddParameter): Name = "Category"; Value = "Ceramic Capacitors"; VariantName = "[No Variations]"
Add component (AddParameter): Name = "ComponentLink1Description"; Value = "http://www.farnell.com/datasheets/1958498.pdf?src-supplier=Farnell"; VariantName = "[No Variations]"
Add component (AddParameter): Name = "ComponentLink1URL"; Value = "http://www.farnell.com/datasheets/1958498.pdf?src-supplier=Farnell"; VariantName = "[No Variations]"
Add component (AddParameter): Name = "ComponentLink2Description"; Value = "http://www.farnell.com/datasheets/1958498.pdf?src-supplier=Element14"; VariantName = "[No Variations]"
Add component (AddParameter): Name = "ComponentLink2URL"; Value = "http://www.farnell.com/datasheets/1958498.pdf?src-supplier=Element14"; VariantName = "[No Variations]"
Add component (AddParameter): Name = "ComponentLink3Description"; Value = "https://katalog.we-online.de/pbs/datasheet/885012207098.pdf?src-supplier=Digi-Key"; VariantName = "[No Variations]"
Add component (AddParameter): Name = "ComponentLink3URL"; Value = "https://katalog.we-online.de/pbs/datasheet/885012207098.pdf?src-supplier=Digi-Key"; VariantName = "[No Variations]"
Add component (AddParameter): Name = "ComponentLink4Description"; Value = "http://www.farnell.com/datasheets/1958498.pdf?src-supplier=Newark"; VariantName = "[No Variations]"
Add component (AddParameter): Name = "ComponentLink4URL"; Value = "http://www.farnell.com/datasheets/1958498.pdf?src-supplier=Newark"; VariantName = "[No Variations]"
Add component (AddParameter): Name = "Construction"; Value = ""; VariantName = "[No Variations]"
Add component (AddParameter): Name = "Depth"; Value = ""; VariantName = "[No Variations]"
Add component (AddParameter): Name = "Design Item ID"; Value = "C100n-50V-0805FNPC-X7R"; VariantName = "[No Variations]"
Add component (AddParameter): Name = "Diameter"; Value = ""; VariantName = "[No Variations]"
Add component (AddParameter): Name = "Dielectric"; Value = "X7R"; VariantName = "[No Variations]"
Add component (AddParameter): Name = "Dielectric Material"; Value = ""; VariantName = "[No Variations]"
Add component (AddParameter): Name = "Dissipation Factor"; Value = ""; VariantName = "[No Variations]"
Add component (AddParameter): Name = "ESR (Equivalent Series Resistance)"; Value = ""; VariantName = "[No Variations]"
Add component (AddParameter): Name = "Features"; Value = ""; VariantName = "[No Variations]"
Add component (AddParameter): Name = "Halogen Free"; Value = ""; VariantName = "[No Variations]"
Add component (AddParameter): Name = "Height"; Value = ""; VariantName = "[No Variations]"
Add component (AddParameter): Name = "Height - Seated (Max)"; Value = ""; VariantName = "[No Variations]"
Add component (AddParameter): Name = "Impedance"; Value = ""; VariantName = "[No Variations]"
Add component (AddParameter): Name = "Lead Diameter"; Value = ""; VariantName = "[No Variations]"
Add component (AddParameter): Name = "Lead Free"; Value = ""; VariantName = "[No Variations]"
Add component (AddParameter): Name = "Lead Pitch"; Value = ""; VariantName = "[No Variations]"
Add component (AddParameter): Name = "Leakage Current"; Value = ""; VariantName = "[No Variations]"
Add component (AddParameter): Name = "Length"; Value = "0.079inch"; VariantName = "[No Variations]"
Add component (AddParameter): Name = "Life (Hours)"; Value = ""; VariantName = "[No Variations]"
Add component (AddParameter): Name = "Manufacturer"; Value = ""; VariantName = "[No Variations]"
Add component (AddParameter): Name = "Manufacturer 1"; Value = "Wurth Electronics"; VariantName = "[No Variations]"
Add component (AddParameter): Name = "Manufacturer Part Number"; Value = ""; VariantName = "[No Variations]"
Add component (AddParameter): Name = "Manufacturer Part Number 1"; Value = "885012207098"; VariantName = "[No Variations]"
Add component (AddParameter): Name = "Material"; Value = ""; VariantName = "[No Variations]"
Add component (AddParameter): Name = "Max Operating Temperature"; Value = "125°C"; VariantName = "[No Variations]"
Add component (AddParameter): Name = "Min Operating Temperature"; Value = "-55°C"; VariantName = "[No Variations]"
Add component (AddParameter): Name = "Mount"; Value = "Surface Mount"; VariantName = "[No Variations]"
Add component (AddParameter): Name = "Package Quantity"; Value = ""; VariantName = "[No Variations]"
Add component (AddParameter): Name = "Packaging"; Value = "Cut Tape"; VariantName = "[No Variations]"
Add component (AddParameter): Name = "Pins"; Value = ""; VariantName = "[No Variations]"
Add component (AddParameter): Name = "Polarity"; Value = ""; VariantName = "[No Variations]"
Add component (AddParameter): Name = "Pricing 1"; Value = "100=0,10200, 500=0,07100, 2000=0,06100 (GBP)"; VariantName = "[No Variations]"
Add component (AddParameter): Name = "Radiation Hardening"; Value = ""; VariantName = "[No Variations]"
Add component (AddParameter): Name = "Ratings"; Value = ""; VariantName = "[No Variations]"
Add component (AddParameter): Name = "REACH SVHC"; Value = "Unknown"; VariantName = "[No Variations]"
Add component (AddParameter): Name = "Ripple Current"; Value = ""; VariantName = "[No Variations]"
Add component (AddParameter): Name = "RoHS"; Value = "Yes"; VariantName = "[No Variations]"
Add component (AddParameter): Name = "RoHS Compliant"; Value = "Yes"; VariantName = "[No Variations]"
Add component (AddParameter): Name = "Series"; Value = ""; VariantName = "[No Variations]"
Add component (AddParameter): Name = "Source"; Value = "Passives.SchLib"; VariantName = "[No Variations]"
Add component (AddParameter): Name = "Stock 1"; Value = "8000"; VariantName = "[No Variations]"
Add component (AddParameter): Name = "Termination"; Value = ""; VariantName = "[No Variations]"
Add component (AddParameter): Name = "Thickness"; Value = "0.035inch"; VariantName = "[No Variations]"
Add component (AddParameter): Name = "Tolerance"; Value = "10%"; VariantName = "[No Variations]"
Add component (AddParameter): Name = "Value"; Value = "100nF"; VariantName = "[No Variations]"
Add component (AddParameter): Name = "Voltage"; Value = ""; VariantName = "[No Variations]"
Add component (AddParameter): Name = "Voltage Rating"; Value = "50V"; VariantName = "[No Variations]"
Add component (AddParameter): Name = "Voltage Rating (DC)"; Value = "50V"; VariantName = "[No Variations]"
Add component (AddParameter): Name = "Weight"; Value = ""; VariantName = "[No Variations]"
Add component (AddParameter): Name = "Width"; Value = "0.049inch"; VariantName = "[No Variations]"
Added Component: Designator=C502(C0805FNPC-R)
Add component (AddParameter): Name = ".Creator"; Value = "DR"; VariantName = "[No Variations]"
Add component (AddParameter): Name = ".PCBcheck"; Value = ""; VariantName = "[No Variations]"
Add component (AddParameter): Name = ".SCHcheck"; Value = ""; VariantName = "[No Variations]"
Add component (AddParameter): Name = "Capacitance"; Value = ""; VariantName = "[No Variations]"
Add component (AddParameter): Name = "Case Code (Metric)"; Value = "2012"; VariantName = "[No Variations]"
Add component (AddParameter): Name = "Case/Package"; Value = "0805"; VariantName = "[No Variations]"
Add component (AddParameter): Name = "Category"; Value = "Ceramic Capacitors"; VariantName = "[No Variations]"
Add component (AddParameter): Name = "ComponentLink1Description"; Value = "http://www.farnell.com/datasheets/1958498.pdf?src-supplier=Farnell"; VariantName = "[No Variations]"
Add component (AddParameter): Name = "ComponentLink1URL"; Value = "http://www.farnell.com/datasheets/1958498.pdf?src-supplier=Farnell"; VariantName = "[No Variations]"
Add component (AddParameter): Name = "ComponentLink2Description"; Value = "http://www.farnell.com/datasheets/1958498.pdf?src-supplier=Element14"; VariantName = "[No Variations]"
Add component (AddParameter): Name = "ComponentLink2URL"; Value = "http://www.farnell.com/datasheets/1958498.pdf?src-supplier=Element14"; VariantName = "[No Variations]"
Add component (AddParameter): Name = "ComponentLink3Description"; Value = "https://katalog.we-online.de/pbs/datasheet/885012207098.pdf?src-supplier=Digi-Key"; VariantName = "[No Variations]"
Add component (AddParameter): Name = "ComponentLink3URL"; Value = "https://katalog.we-online.de/pbs/datasheet/885012207098.pdf?src-supplier=Digi-Key"; VariantName = "[No Variations]"
Add component (AddParameter): Name = "ComponentLink4Description"; Value = "http://www.farnell.com/datasheets/1958498.pdf?src-supplier=Newark"; VariantName = "[No Variations]"
Add component (AddParameter): Name = "ComponentLink4URL"; Value = "http://www.farnell.com/datasheets/1958498.pdf?src-supplier=Newark"; VariantName = "[No Variations]"
Add component (AddParameter): Name = "Construction"; Value = ""; VariantName = "[No Variations]"
Add component (AddParameter): Name = "Depth"; Value = ""; VariantName = "[No Variations]"
Add component (AddParameter): Name = "Design Item ID"; Value = "C100n-50V-0805FNPC-X7R"; VariantName = "[No Variations]"
Add component (AddParameter): Name = "Diameter"; Value = ""; VariantName = "[No Variations]"
Add component (AddParameter): Name = "Dielectric"; Value = "X7R"; VariantName = "[No Variations]"
Add component (AddParameter): Name = "Dielectric Material"; Value = ""; VariantName = "[No Variations]"
Add component (AddParameter): Name = "Dissipation Factor"; Value = ""; VariantName = "[No Variations]"
Add component (AddParameter): Name = "ESR (Equivalent Series Resistance)"; Value = ""; VariantName = "[No Variations]"
Add component (AddParameter): Name = "Features"; Value = ""; VariantName = "[No Variations]"
Add component (AddParameter): Name = "Halogen Free"; Value = ""; VariantName = "[No Variations]"
Add component (AddParameter): Name = "Height"; Value = ""; VariantName = "[No Variations]"
Add component (AddParameter): Name = "Height - Seated (Max)"; Value = ""; VariantName = "[No Variations]"
Add component (AddParameter): Name = "Impedance"; Value = ""; VariantName = "[No Variations]"
Add component (AddParameter): Name = "Lead Diameter"; Value = ""; VariantName = "[No Variations]"
Add component (AddParameter): Name = "Lead Free"; Value = ""; VariantName = "[No Variations]"
Add component (AddParameter): Name = "Lead Pitch"; Value = ""; VariantName = "[No Variations]"
Add component (AddParameter): Name = "Leakage Current"; Value = ""; VariantName = "[No Variations]"
Add component (AddParameter): Name = "Length"; Value = "0.079inch"; VariantName = "[No Variations]"
Add component (AddParameter): Name = "Life (Hours)"; Value = ""; VariantName = "[No Variations]"
Add component (AddParameter): Name = "Manufacturer"; Value = ""; VariantName = "[No Variations]"
Add component (AddParameter): Name = "Manufacturer 1"; Value = "Wurth Electronics"; VariantName = "[No Variations]"
Add component (AddParameter): Name = "Manufacturer Part Number"; Value = ""; VariantName = "[No Variations]"
Add component (AddParameter): Name = "Manufacturer Part Number 1"; Value = "885012207098"; VariantName = "[No Variations]"
Add component (AddParameter): Name = "Material"; Value = ""; VariantName = "[No Variations]"
Add component (AddParameter): Name = "Max Operating Temperature"; Value = "125°C"; VariantName = "[No Variations]"
Add component (AddParameter): Name = "Min Operating Temperature"; Value = "-55°C"; VariantName = "[No Variations]"
Add component (AddParameter): Name = "Mount"; Value = "Surface Mount"; VariantName = "[No Variations]"
Add component (AddParameter): Name = "Package Quantity"; Value = ""; VariantName = "[No Variations]"
Add component (AddParameter): Name = "Packaging"; Value = "Cut Tape"; VariantName = "[No Variations]"
Add component (AddParameter): Name = "Pins"; Value = ""; VariantName = "[No Variations]"
Add component (AddParameter): Name = "Polarity"; Value = ""; VariantName = "[No Variations]"
Add component (AddParameter): Name = "Pricing 1"; Value = "100=0,10200, 500=0,07100, 2000=0,06100 (GBP)"; VariantName = "[No Variations]"
Add component (AddParameter): Name = "Radiation Hardening"; Value = ""; VariantName = "[No Variations]"
Add component (AddParameter): Name = "Ratings"; Value = ""; VariantName = "[No Variations]"
Add component (AddParameter): Name = "REACH SVHC"; Value = "Unknown"; VariantName = "[No Variations]"
Add component (AddParameter): Name = "Ripple Current"; Value = ""; VariantName = "[No Variations]"
Add component (AddParameter): Name = "RoHS"; Value = "Yes"; VariantName = "[No Variations]"
Add component (AddParameter): Name = "RoHS Compliant"; Value = "Yes"; VariantName = "[No Variations]"
Add component (AddParameter): Name = "Series"; Value = ""; VariantName = "[No Variations]"
Add component (AddParameter): Name = "Source"; Value = "Passives.SchLib"; VariantName = "[No Variations]"
Add component (AddParameter): Name = "Stock 1"; Value = "8000"; VariantName = "[No Variations]"
Add component (AddParameter): Name = "Termination"; Value = ""; VariantName = "[No Variations]"
Add component (AddParameter): Name = "Thickness"; Value = "0.035inch"; VariantName = "[No Variations]"
Add component (AddParameter): Name = "Tolerance"; Value = "10%"; VariantName = "[No Variations]"
Add component (AddParameter): Name = "Value"; Value = "100nF"; VariantName = "[No Variations]"
Add component (AddParameter): Name = "Voltage"; Value = ""; VariantName = "[No Variations]"
Add component (AddParameter): Name = "Voltage Rating"; Value = "50V"; VariantName = "[No Variations]"
Add component (AddParameter): Name = "Voltage Rating (DC)"; Value = "50V"; VariantName = "[No Variations]"
Add component (AddParameter): Name = "Weight"; Value = ""; VariantName = "[No Variations]"
Add component (AddParameter): Name = "Width"; Value = "0.049inch"; VariantName = "[No Variations]"
Added Component: Designator=C503(C0805FNPC-R)
Add component (AddParameter): Name = ".Creator"; Value = "DR"; VariantName = "[No Variations]"
Add component (AddParameter): Name = ".PCBcheck"; Value = ""; VariantName = "[No Variations]"
Add component (AddParameter): Name = ".SCHcheck"; Value = ""; VariantName = "[No Variations]"
Add component (AddParameter): Name = "Capacitance"; Value = ""; VariantName = "[No Variations]"
Add component (AddParameter): Name = "Case Code (Metric)"; Value = "2012"; VariantName = "[No Variations]"
Add component (AddParameter): Name = "Case/Package"; Value = "0805"; VariantName = "[No Variations]"
Add component (AddParameter): Name = "Category"; Value = "Ceramic Capacitors"; VariantName = "[No Variations]"
Add component (AddParameter): Name = "ComponentLink1Description"; Value = "http://www.farnell.com/datasheets/1958498.pdf?src-supplier=Farnell"; VariantName = "[No Variations]"
Add component (AddParameter): Name = "ComponentLink1URL"; Value = "http://www.farnell.com/datasheets/1958498.pdf?src-supplier=Farnell"; VariantName = "[No Variations]"
Add component (AddParameter): Name = "ComponentLink2Description"; Value = "http://www.farnell.com/datasheets/1958498.pdf?src-supplier=Element14"; VariantName = "[No Variations]"
Add component (AddParameter): Name = "ComponentLink2URL"; Value = "http://www.farnell.com/datasheets/1958498.pdf?src-supplier=Element14"; VariantName = "[No Variations]"
Add component (AddParameter): Name = "ComponentLink3Description"; Value = "https://katalog.we-online.de/pbs/datasheet/885012207098.pdf?src-supplier=Digi-Key"; VariantName = "[No Variations]"
Add component (AddParameter): Name = "ComponentLink3URL"; Value = "https://katalog.we-online.de/pbs/datasheet/885012207098.pdf?src-supplier=Digi-Key"; VariantName = "[No Variations]"
Add component (AddParameter): Name = "ComponentLink4Description"; Value = "http://www.farnell.com/datasheets/1958498.pdf?src-supplier=Newark"; VariantName = "[No Variations]"
Add component (AddParameter): Name = "ComponentLink4URL"; Value = "http://www.farnell.com/datasheets/1958498.pdf?src-supplier=Newark"; VariantName = "[No Variations]"
Add component (AddParameter): Name = "Construction"; Value = ""; VariantName = "[No Variations]"
Add component (AddParameter): Name = "Depth"; Value = ""; VariantName = "[No Variations]"
Add component (AddParameter): Name = "Design Item ID"; Value = "C100n-50V-0805FNPC-X7R"; VariantName = "[No Variations]"
Add component (AddParameter): Name = "Diameter"; Value = ""; VariantName = "[No Variations]"
Add component (AddParameter): Name = "Dielectric"; Value = "X7R"; VariantName = "[No Variations]"
Add component (AddParameter): Name = "Dielectric Material"; Value = ""; VariantName = "[No Variations]"
Add component (AddParameter): Name = "Dissipation Factor"; Value = ""; VariantName = "[No Variations]"
Add component (AddParameter): Name = "ESR (Equivalent Series Resistance)"; Value = ""; VariantName = "[No Variations]"
Add component (AddParameter): Name = "Features"; Value = ""; VariantName = "[No Variations]"
Add component (AddParameter): Name = "Halogen Free"; Value = ""; VariantName = "[No Variations]"
Add component (AddParameter): Name = "Height"; Value = ""; VariantName = "[No Variations]"
Add component (AddParameter): Name = "Height - Seated (Max)"; Value = ""; VariantName = "[No Variations]"
Add component (AddParameter): Name = "Impedance"; Value = ""; VariantName = "[No Variations]"
Add component (AddParameter): Name = "Lead Diameter"; Value = ""; VariantName = "[No Variations]"
Add component (AddParameter): Name = "Lead Free"; Value = ""; VariantName = "[No Variations]"
Add component (AddParameter): Name = "Lead Pitch"; Value = ""; VariantName = "[No Variations]"
Add component (AddParameter): Name = "Leakage Current"; Value = ""; VariantName = "[No Variations]"
Add component (AddParameter): Name = "Length"; Value = "0.079inch"; VariantName = "[No Variations]"
Add component (AddParameter): Name = "Life (Hours)"; Value = ""; VariantName = "[No Variations]"
Add component (AddParameter): Name = "Manufacturer"; Value = ""; VariantName = "[No Variations]"
Add component (AddParameter): Name = "Manufacturer 1"; Value = "Wurth Electronics"; VariantName = "[No Variations]"
Add component (AddParameter): Name = "Manufacturer Part Number"; Value = ""; VariantName = "[No Variations]"
Add component (AddParameter): Name = "Manufacturer Part Number 1"; Value = "885012207098"; VariantName = "[No Variations]"
Add component (AddParameter): Name = "Material"; Value = ""; VariantName = "[No Variations]"
Add component (AddParameter): Name = "Max Operating Temperature"; Value = "125°C"; VariantName = "[No Variations]"
Add component (AddParameter): Name = "Min Operating Temperature"; Value = "-55°C"; VariantName = "[No Variations]"
Add component (AddParameter): Name = "Mount"; Value = "Surface Mount"; VariantName = "[No Variations]"
Add component (AddParameter): Name = "Package Quantity"; Value = ""; VariantName = "[No Variations]"
Add component (AddParameter): Name = "Packaging"; Value = "Cut Tape"; VariantName = "[No Variations]"
Add component (AddParameter): Name = "Pins"; Value = ""; VariantName = "[No Variations]"
Add component (AddParameter): Name = "Polarity"; Value = ""; VariantName = "[No Variations]"
Add component (AddParameter): Name = "Pricing 1"; Value = "100=0,10200, 500=0,07100, 2000=0,06100 (GBP)"; VariantName = "[No Variations]"
Add component (AddParameter): Name = "Radiation Hardening"; Value = ""; VariantName = "[No Variations]"
Add component (AddParameter): Name = "Ratings"; Value = ""; VariantName = "[No Variations]"
Add component (AddParameter): Name = "REACH SVHC"; Value = "Unknown"; VariantName = "[No Variations]"
Add component (AddParameter): Name = "Ripple Current"; Value = ""; VariantName = "[No Variations]"
Add component (AddParameter): Name = "RoHS"; Value = "Yes"; VariantName = "[No Variations]"
Add component (AddParameter): Name = "RoHS Compliant"; Value = "Yes"; VariantName = "[No Variations]"
Add component (AddParameter): Name = "Series"; Value = ""; VariantName = "[No Variations]"
Add component (AddParameter): Name = "Source"; Value = "Passives.SchLib"; VariantName = "[No Variations]"
Add component (AddParameter): Name = "Stock 1"; Value = "8000"; VariantName = "[No Variations]"
Add component (AddParameter): Name = "Termination"; Value = ""; VariantName = "[No Variations]"
Add component (AddParameter): Name = "Thickness"; Value = "0.035inch"; VariantName = "[No Variations]"
Add component (AddParameter): Name = "Tolerance"; Value = "10%"; VariantName = "[No Variations]"
Add component (AddParameter): Name = "Value"; Value = "100nF"; VariantName = "[No Variations]"
Add component (AddParameter): Name = "Voltage"; Value = ""; VariantName = "[No Variations]"
Add component (AddParameter): Name = "Voltage Rating"; Value = "50V"; VariantName = "[No Variations]"
Add component (AddParameter): Name = "Voltage Rating (DC)"; Value = "50V"; VariantName = "[No Variations]"
Add component (AddParameter): Name = "Weight"; Value = ""; VariantName = "[No Variations]"
Add component (AddParameter): Name = "Width"; Value = "0.049inch"; VariantName = "[No Variations]"
Added Component: Designator=C504(C0805FNPC-R)
Add component (AddParameter): Name = ".Creator"; Value = "DR"; VariantName = "[No Variations]"
Add component (AddParameter): Name = ".PCBcheck"; Value = ""; VariantName = "[No Variations]"
Add component (AddParameter): Name = ".SCHcheck"; Value = ""; VariantName = "[No Variations]"
Add component (AddParameter): Name = "Capacitance"; Value = ""; VariantName = "[No Variations]"
Add component (AddParameter): Name = "Case Code (Metric)"; Value = "2012"; VariantName = "[No Variations]"
Add component (AddParameter): Name = "Case/Package"; Value = "0805"; VariantName = "[No Variations]"
Add component (AddParameter): Name = "Category"; Value = "Ceramic Capacitors"; VariantName = "[No Variations]"
Add component (AddParameter): Name = "ComponentLink1Description"; Value = "http://www.farnell.com/datasheets/1958498.pdf?src-supplier=Farnell"; VariantName = "[No Variations]"
Add component (AddParameter): Name = "ComponentLink1URL"; Value = "http://www.farnell.com/datasheets/1958498.pdf?src-supplier=Farnell"; VariantName = "[No Variations]"
Add component (AddParameter): Name = "ComponentLink2Description"; Value = "http://www.farnell.com/datasheets/1958498.pdf?src-supplier=Element14"; VariantName = "[No Variations]"
Add component (AddParameter): Name = "ComponentLink2URL"; Value = "http://www.farnell.com/datasheets/1958498.pdf?src-supplier=Element14"; VariantName = "[No Variations]"
Add component (AddParameter): Name = "ComponentLink3Description"; Value = "https://katalog.we-online.de/pbs/datasheet/885012207098.pdf?src-supplier=Digi-Key"; VariantName = "[No Variations]"
Add component (AddParameter): Name = "ComponentLink3URL"; Value = "https://katalog.we-online.de/pbs/datasheet/885012207098.pdf?src-supplier=Digi-Key"; VariantName = "[No Variations]"
Add component (AddParameter): Name = "ComponentLink4Description"; Value = "http://www.farnell.com/datasheets/1958498.pdf?src-supplier=Newark"; VariantName = "[No Variations]"
Add component (AddParameter): Name = "ComponentLink4URL"; Value = "http://www.farnell.com/datasheets/1958498.pdf?src-supplier=Newark"; VariantName = "[No Variations]"
Add component (AddParameter): Name = "Construction"; Value = ""; VariantName = "[No Variations]"
Add component (AddParameter): Name = "Depth"; Value = ""; VariantName = "[No Variations]"
Add component (AddParameter): Name = "Design Item ID"; Value = "C100n-50V-0805FNPC-X7R"; VariantName = "[No Variations]"
Add component (AddParameter): Name = "Diameter"; Value = ""; VariantName = "[No Variations]"
Add component (AddParameter): Name = "Dielectric"; Value = "X7R"; VariantName = "[No Variations]"
Add component (AddParameter): Name = "Dielectric Material"; Value = ""; VariantName = "[No Variations]"
Add component (AddParameter): Name = "Dissipation Factor"; Value = ""; VariantName = "[No Variations]"
Add component (AddParameter): Name = "ESR (Equivalent Series Resistance)"; Value = ""; VariantName = "[No Variations]"
Add component (AddParameter): Name = "Features"; Value = ""; VariantName = "[No Variations]"
Add component (AddParameter): Name = "Halogen Free"; Value = ""; VariantName = "[No Variations]"
Add component (AddParameter): Name = "Height"; Value = ""; VariantName = "[No Variations]"
Add component (AddParameter): Name = "Height - Seated (Max)"; Value = ""; VariantName = "[No Variations]"
Add component (AddParameter): Name = "Impedance"; Value = ""; VariantName = "[No Variations]"
Add component (AddParameter): Name = "Lead Diameter"; Value = ""; VariantName = "[No Variations]"
Add component (AddParameter): Name = "Lead Free"; Value = ""; VariantName = "[No Variations]"
Add component (AddParameter): Name = "Lead Pitch"; Value = ""; VariantName = "[No Variations]"
Add component (AddParameter): Name = "Leakage Current"; Value = ""; VariantName = "[No Variations]"
Add component (AddParameter): Name = "Length"; Value = "0.079inch"; VariantName = "[No Variations]"
Add component (AddParameter): Name = "Life (Hours)"; Value = ""; VariantName = "[No Variations]"
Add component (AddParameter): Name = "Manufacturer"; Value = ""; VariantName = "[No Variations]"
Add component (AddParameter): Name = "Manufacturer 1"; Value = "Wurth Electronics"; VariantName = "[No Variations]"
Add component (AddParameter): Name = "Manufacturer Part Number"; Value = ""; VariantName = "[No Variations]"
Add component (AddParameter): Name = "Manufacturer Part Number 1"; Value = "885012207098"; VariantName = "[No Variations]"
Add component (AddParameter): Name = "Material"; Value = ""; VariantName = "[No Variations]"
Add component (AddParameter): Name = "Max Operating Temperature"; Value = "125°C"; VariantName = "[No Variations]"
Add component (AddParameter): Name = "Min Operating Temperature"; Value = "-55°C"; VariantName = "[No Variations]"
Add component (AddParameter): Name = "Mount"; Value = "Surface Mount"; VariantName = "[No Variations]"
Add component (AddParameter): Name = "Package Quantity"; Value = ""; VariantName = "[No Variations]"
Add component (AddParameter): Name = "Packaging"; Value = "Cut Tape"; VariantName = "[No Variations]"
Add component (AddParameter): Name = "Pins"; Value = ""; VariantName = "[No Variations]"
Add component (AddParameter): Name = "Polarity"; Value = ""; VariantName = "[No Variations]"
Add component (AddParameter): Name = "Pricing 1"; Value = "100=0,10200, 500=0,07100, 2000=0,06100 (GBP)"; VariantName = "[No Variations]"
Add component (AddParameter): Name = "Radiation Hardening"; Value = ""; VariantName = "[No Variations]"
Add component (AddParameter): Name = "Ratings"; Value = ""; VariantName = "[No Variations]"
Add component (AddParameter): Name = "REACH SVHC"; Value = "Unknown"; VariantName = "[No Variations]"
Add component (AddParameter): Name = "Ripple Current"; Value = ""; VariantName = "[No Variations]"
Add component (AddParameter): Name = "RoHS"; Value = "Yes"; VariantName = "[No Variations]"
Add component (AddParameter): Name = "RoHS Compliant"; Value = "Yes"; VariantName = "[No Variations]"
Add component (AddParameter): Name = "Series"; Value = ""; VariantName = "[No Variations]"
Add component (AddParameter): Name = "Source"; Value = "Passives.SchLib"; VariantName = "[No Variations]"
Add component (AddParameter): Name = "Stock 1"; Value = "8000"; VariantName = "[No Variations]"
Add component (AddParameter): Name = "Termination"; Value = ""; VariantName = "[No Variations]"
Add component (AddParameter): Name = "Thickness"; Value = "0.035inch"; VariantName = "[No Variations]"
Add component (AddParameter): Name = "Tolerance"; Value = "10%"; VariantName = "[No Variations]"
Add component (AddParameter): Name = "Value"; Value = "100nF"; VariantName = "[No Variations]"
Add component (AddParameter): Name = "Voltage"; Value = ""; VariantName = "[No Variations]"
Add component (AddParameter): Name = "Voltage Rating"; Value = "50V"; VariantName = "[No Variations]"
Add component (AddParameter): Name = "Voltage Rating (DC)"; Value = "50V"; VariantName = "[No Variations]"
Add component (AddParameter): Name = "Weight"; Value = ""; VariantName = "[No Variations]"
Add component (AddParameter): Name = "Width"; Value = "0.049inch"; VariantName = "[No Variations]"
Added Component: Designator=C505(C0805FNPC-R)
Add component (AddParameter): Name = ".Creator"; Value = "DR"; VariantName = "[No Variations]"
Add component (AddParameter): Name = ".PCBcheck"; Value = ""; VariantName = "[No Variations]"
Add component (AddParameter): Name = ".SCHcheck"; Value = ""; VariantName = "[No Variations]"
Add component (AddParameter): Name = "Capacitance"; Value = ""; VariantName = "[No Variations]"
Add component (AddParameter): Name = "Case Code (Metric)"; Value = "2012"; VariantName = "[No Variations]"
Add component (AddParameter): Name = "Case/Package"; Value = "0805"; VariantName = "[No Variations]"
Add component (AddParameter): Name = "Category"; Value = "Ceramic Capacitors"; VariantName = "[No Variations]"
Add component (AddParameter): Name = "ComponentLink1Description"; Value = "http://www.farnell.com/datasheets/1958498.pdf?src-supplier=Farnell"; VariantName = "[No Variations]"
Add component (AddParameter): Name = "ComponentLink1URL"; Value = "http://www.farnell.com/datasheets/1958498.pdf?src-supplier=Farnell"; VariantName = "[No Variations]"
Add component (AddParameter): Name = "ComponentLink2Description"; Value = "http://www.farnell.com/datasheets/1958498.pdf?src-supplier=Element14"; VariantName = "[No Variations]"
Add component (AddParameter): Name = "ComponentLink2URL"; Value = "http://www.farnell.com/datasheets/1958498.pdf?src-supplier=Element14"; VariantName = "[No Variations]"
Add component (AddParameter): Name = "ComponentLink3Description"; Value = "https://katalog.we-online.de/pbs/datasheet/885012207098.pdf?src-supplier=Digi-Key"; VariantName = "[No Variations]"
Add component (AddParameter): Name = "ComponentLink3URL"; Value = "https://katalog.we-online.de/pbs/datasheet/885012207098.pdf?src-supplier=Digi-Key"; VariantName = "[No Variations]"
Add component (AddParameter): Name = "ComponentLink4Description"; Value = "http://www.farnell.com/datasheets/1958498.pdf?src-supplier=Newark"; VariantName = "[No Variations]"
Add component (AddParameter): Name = "ComponentLink4URL"; Value = "http://www.farnell.com/datasheets/1958498.pdf?src-supplier=Newark"; VariantName = "[No Variations]"
Add component (AddParameter): Name = "Construction"; Value = ""; VariantName = "[No Variations]"
Add component (AddParameter): Name = "Depth"; Value = ""; VariantName = "[No Variations]"
Add component (AddParameter): Name = "Design Item ID"; Value = "C100n-50V-0805FNPC-X7R"; VariantName = "[No Variations]"
Add component (AddParameter): Name = "Diameter"; Value = ""; VariantName = "[No Variations]"
Add component (AddParameter): Name = "Dielectric"; Value = "X7R"; VariantName = "[No Variations]"
Add component (AddParameter): Name = "Dielectric Material"; Value = ""; VariantName = "[No Variations]"
Add component (AddParameter): Name = "Dissipation Factor"; Value = ""; VariantName = "[No Variations]"
Add component (AddParameter): Name = "ESR (Equivalent Series Resistance)"; Value = ""; VariantName = "[No Variations]"
Add component (AddParameter): Name = "Features"; Value = ""; VariantName = "[No Variations]"
Add component (AddParameter): Name = "Halogen Free"; Value = ""; VariantName = "[No Variations]"
Add component (AddParameter): Name = "Height"; Value = ""; VariantName = "[No Variations]"
Add component (AddParameter): Name = "Height - Seated (Max)"; Value = ""; VariantName = "[No Variations]"
Add component (AddParameter): Name = "Impedance"; Value = ""; VariantName = "[No Variations]"
Add component (AddParameter): Name = "Lead Diameter"; Value = ""; VariantName = "[No Variations]"
Add component (AddParameter): Name = "Lead Free"; Value = ""; VariantName = "[No Variations]"
Add component (AddParameter): Name = "Lead Pitch"; Value = ""; VariantName = "[No Variations]"
Add component (AddParameter): Name = "Leakage Current"; Value = ""; VariantName = "[No Variations]"
Add component (AddParameter): Name = "Length"; Value = "0.079inch"; VariantName = "[No Variations]"
Add component (AddParameter): Name = "Life (Hours)"; Value = ""; VariantName = "[No Variations]"
Add component (AddParameter): Name = "Manufacturer"; Value = ""; VariantName = "[No Variations]"
Add component (AddParameter): Name = "Manufacturer 1"; Value = "Wurth Electronics"; VariantName = "[No Variations]"
Add component (AddParameter): Name = "Manufacturer Part Number"; Value = ""; VariantName = "[No Variations]"
Add component (AddParameter): Name = "Manufacturer Part Number 1"; Value = "885012207098"; VariantName = "[No Variations]"
Add component (AddParameter): Name = "Material"; Value = ""; VariantName = "[No Variations]"
Add component (AddParameter): Name = "Max Operating Temperature"; Value = "125°C"; VariantName = "[No Variations]"
Add component (AddParameter): Name = "Min Operating Temperature"; Value = "-55°C"; VariantName = "[No Variations]"
Add component (AddParameter): Name = "Mount"; Value = "Surface Mount"; VariantName = "[No Variations]"
Add component (AddParameter): Name = "Package Quantity"; Value = ""; VariantName = "[No Variations]"
Add component (AddParameter): Name = "Packaging"; Value = "Cut Tape"; VariantName = "[No Variations]"
Add component (AddParameter): Name = "Pins"; Value = ""; VariantName = "[No Variations]"
Add component (AddParameter): Name = "Polarity"; Value = ""; VariantName = "[No Variations]"
Add component (AddParameter): Name = "Pricing 1"; Value = "100=0,10200, 500=0,07100, 2000=0,06100 (GBP)"; VariantName = "[No Variations]"
Add component (AddParameter): Name = "Radiation Hardening"; Value = ""; VariantName = "[No Variations]"
Add component (AddParameter): Name = "Ratings"; Value = ""; VariantName = "[No Variations]"
Add component (AddParameter): Name = "REACH SVHC"; Value = "Unknown"; VariantName = "[No Variations]"
Add component (AddParameter): Name = "Ripple Current"; Value = ""; VariantName = "[No Variations]"
Add component (AddParameter): Name = "RoHS"; Value = "Yes"; VariantName = "[No Variations]"
Add component (AddParameter): Name = "RoHS Compliant"; Value = "Yes"; VariantName = "[No Variations]"
Add component (AddParameter): Name = "Series"; Value = ""; VariantName = "[No Variations]"
Add component (AddParameter): Name = "Source"; Value = "Passives.SchLib"; VariantName = "[No Variations]"
Add component (AddParameter): Name = "Stock 1"; Value = "8000"; VariantName = "[No Variations]"
Add component (AddParameter): Name = "Termination"; Value = ""; VariantName = "[No Variations]"
Add component (AddParameter): Name = "Thickness"; Value = "0.035inch"; VariantName = "[No Variations]"
Add component (AddParameter): Name = "Tolerance"; Value = "10%"; VariantName = "[No Variations]"
Add component (AddParameter): Name = "Value"; Value = "100nF"; VariantName = "[No Variations]"
Add component (AddParameter): Name = "Voltage"; Value = ""; VariantName = "[No Variations]"
Add component (AddParameter): Name = "Voltage Rating"; Value = "50V"; VariantName = "[No Variations]"
Add component (AddParameter): Name = "Voltage Rating (DC)"; Value = "50V"; VariantName = "[No Variations]"
Add component (AddParameter): Name = "Weight"; Value = ""; VariantName = "[No Variations]"
Add component (AddParameter): Name = "Width"; Value = "0.049inch"; VariantName = "[No Variations]"
Added Component: Designator=C555(C0805FNPC-R)
Add component (AddParameter): Name = ".Creator"; Value = "DR"; VariantName = "[No Variations]"
Add component (AddParameter): Name = ".PCBcheck"; Value = ""; VariantName = "[No Variations]"
Add component (AddParameter): Name = ".SCHcheck"; Value = ""; VariantName = "[No Variations]"
Add component (AddParameter): Name = "Capacitance"; Value = ""; VariantName = "[No Variations]"
Add component (AddParameter): Name = "Case Code (Metric)"; Value = "2012"; VariantName = "[No Variations]"
Add component (AddParameter): Name = "Case/Package"; Value = "0805"; VariantName = "[No Variations]"
Add component (AddParameter): Name = "Category"; Value = "Ceramic Capacitors"; VariantName = "[No Variations]"
Add component (AddParameter): Name = "ComponentLink1Description"; Value = "http://www.farnell.com/datasheets/2031702.pdf?src-supplier=Farnell"; VariantName = "[No Variations]"
Add component (AddParameter): Name = "ComponentLink1URL"; Value = "http://www.farnell.com/datasheets/2031702.pdf?src-supplier=Farnell"; VariantName = "[No Variations]"
Add component (AddParameter): Name = "ComponentLink2Description"; Value = "http://katalog.we-online.de/pbs/datasheet/885012007052.pdf?src-supplier=Digi-Key"; VariantName = "[No Variations]"
Add component (AddParameter): Name = "ComponentLink2URL"; Value = "http://katalog.we-online.de/pbs/datasheet/885012007052.pdf?src-supplier=Digi-Key"; VariantName = "[No Variations]"
Add component (AddParameter): Name = "ComponentLink3Description"; Value = "https://katalog.we-online.de/pbs/datasheet/885012007052.pdf?src-supplier=Digi-Key"; VariantName = "[No Variations]"
Add component (AddParameter): Name = "ComponentLink3URL"; Value = "https://katalog.we-online.de/pbs/datasheet/885012007052.pdf?src-supplier=Digi-Key"; VariantName = "[No Variations]"
Add component (AddParameter): Name = "Construction"; Value = ""; VariantName = "[No Variations]"
Add component (AddParameter): Name = "Depth"; Value = ""; VariantName = "[No Variations]"
Add component (AddParameter): Name = "Design Item ID"; Value = "C15p-50V-0805FNPC-NP0"; VariantName = "[No Variations]"
Add component (AddParameter): Name = "Diameter"; Value = ""; VariantName = "[No Variations]"
Add component (AddParameter): Name = "Dielectric"; Value = ""; VariantName = "[No Variations]"
Add component (AddParameter): Name = "Dielectric Material"; Value = ""; VariantName = "[No Variations]"
Add component (AddParameter): Name = "Dissipation Factor"; Value = ""; VariantName = "[No Variations]"
Add component (AddParameter): Name = "ESR (Equivalent Series Resistance)"; Value = ""; VariantName = "[No Variations]"
Add component (AddParameter): Name = "Features"; Value = ""; VariantName = "[No Variations]"
Add component (AddParameter): Name = "Halogen Free"; Value = ""; VariantName = "[No Variations]"
Add component (AddParameter): Name = "Height"; Value = ""; VariantName = "[No Variations]"
Add component (AddParameter): Name = "Height - Seated (Max)"; Value = ""; VariantName = "[No Variations]"
Add component (AddParameter): Name = "Impedance"; Value = ""; VariantName = "[No Variations]"
Add component (AddParameter): Name = "Lead Diameter"; Value = ""; VariantName = "[No Variations]"
Add component (AddParameter): Name = "Lead Free"; Value = ""; VariantName = "[No Variations]"
Add component (AddParameter): Name = "Lead Pitch"; Value = ""; VariantName = "[No Variations]"
Add component (AddParameter): Name = "Leakage Current"; Value = ""; VariantName = "[No Variations]"
Add component (AddParameter): Name = "Length"; Value = "0.079inch"; VariantName = "[No Variations]"
Add component (AddParameter): Name = "Life (Hours)"; Value = ""; VariantName = "[No Variations]"
Add component (AddParameter): Name = "Manufacturer"; Value = ""; VariantName = "[No Variations]"
Add component (AddParameter): Name = "Manufacturer 1"; Value = "Wurth Electronics"; VariantName = "[No Variations]"
Add component (AddParameter): Name = "Manufacturer Part Number"; Value = ""; VariantName = "[No Variations]"
Add component (AddParameter): Name = "Manufacturer Part Number 1"; Value = "885012007052"; VariantName = "[No Variations]"
Add component (AddParameter): Name = "Material"; Value = ""; VariantName = "[No Variations]"
Add component (AddParameter): Name = "Max Operating Temperature"; Value = "125°C"; VariantName = "[No Variations]"
Add component (AddParameter): Name = "Min Operating Temperature"; Value = "-55°C"; VariantName = "[No Variations]"
Add component (AddParameter): Name = "Mount"; Value = "Surface Mount"; VariantName = "[No Variations]"
Add component (AddParameter): Name = "Package Quantity"; Value = ""; VariantName = "[No Variations]"
Add component (AddParameter): Name = "Packaging"; Value = "Cut Tape"; VariantName = "[No Variations]"
Add component (AddParameter): Name = "Pins"; Value = ""; VariantName = "[No Variations]"
Add component (AddParameter): Name = "Polarity"; Value = ""; VariantName = "[No Variations]"
Add component (AddParameter): Name = "Pricing 1"; Value = "1=0,10800, 10=0,05200, 25=0,05100, 50=0,04900, 100=0,04800, 250=0,04600, 500=0,04300 (USD)"; VariantName = "[No Variations]"
Add component (AddParameter): Name = "Radiation Hardening"; Value = ""; VariantName = "[No Variations]"
Add component (AddParameter): Name = "Ratings"; Value = ""; VariantName = "[No Variations]"
Add component (AddParameter): Name = "REACH SVHC"; Value = ""; VariantName = "[No Variations]"
Add component (AddParameter): Name = "Ripple Current"; Value = ""; VariantName = "[No Variations]"
Add component (AddParameter): Name = "RoHS"; Value = "Yes"; VariantName = "[No Variations]"
Add component (AddParameter): Name = "RoHS Compliant"; Value = "Yes"; VariantName = "[No Variations]"
Add component (AddParameter): Name = "Series"; Value = ""; VariantName = "[No Variations]"
Add component (AddParameter): Name = "Source"; Value = "Passives.SchLib"; VariantName = "[No Variations]"
Add component (AddParameter): Name = "Stock 1"; Value = "815"; VariantName = "[No Variations]"
Add component (AddParameter): Name = "Termination"; Value = ""; VariantName = "[No Variations]"
Add component (AddParameter): Name = "Thickness"; Value = "0.028inch"; VariantName = "[No Variations]"
Add component (AddParameter): Name = "Tolerance"; Value = "5%"; VariantName = "[No Variations]"
Add component (AddParameter): Name = "Value"; Value = "15pF"; VariantName = "[No Variations]"
Add component (AddParameter): Name = "Voltage"; Value = ""; VariantName = "[No Variations]"
Add component (AddParameter): Name = "Voltage Rating"; Value = "50V"; VariantName = "[No Variations]"
Add component (AddParameter): Name = "Voltage Rating (DC)"; Value = ""; VariantName = "[No Variations]"
Add component (AddParameter): Name = "Weight"; Value = ""; VariantName = "[No Variations]"
Add component (AddParameter): Name = "Width"; Value = "0.049inch"; VariantName = "[No Variations]"
Added Component: Designator=D3(LED_0805_WE)
Add component (AddParameter): Name = ".Creator"; Value = "GP"; VariantName = "[No Variations]"
Add component (AddParameter): Name = ".PCBcheck"; Value = ""; VariantName = "[No Variations]"
Add component (AddParameter): Name = ".SCHcheck"; Value = ""; VariantName = "[No Variations]"
Add component (AddParameter): Name = "Accuracy"; Value = ""; VariantName = "[No Variations]"
Add component (AddParameter): Name = "Case Code (Imperial)"; Value = "0805"; VariantName = "[No Variations]"
Add component (AddParameter): Name = "Case Code (Metric)"; Value = "2012"; VariantName = "[No Variations]"
Add component (AddParameter): Name = "Case/Package"; Value = "0805"; VariantName = "[No Variations]"
Add component (AddParameter): Name = "Category"; Value = "LEDs"; VariantName = "[No Variations]"
Add component (AddParameter): Name = "Collector Base Voltage (VCBO)"; Value = ""; VariantName = "[No Variations]"
Add component (AddParameter): Name = "Collector Emitter Breakdown Voltage"; Value = ""; VariantName = "[No Variations]"
Add component (AddParameter): Name = "Collector Emitter Saturation Voltage"; Value = ""; VariantName = "[No Variations]"
Add component (AddParameter): Name = "Collector Emitter Voltage (VCEO)"; Value = ""; VariantName = "[No Variations]"
Add component (AddParameter): Name = "Collector-emitter Voltage-Max"; Value = ""; VariantName = "[No Variations]"
Add component (AddParameter): Name = "Color"; Value = "Green"; VariantName = "[No Variations]"
Add component (AddParameter): Name = "ComponentLink1Description"; Value = "Datasheet"; VariantName = "[No Variations]"
Add component (AddParameter): Name = "ComponentLink1URL"; Value = "https://www.we-online.com/catalog/datasheet/150080GS75000.pdf"; VariantName = "[No Variations]"
Add component (AddParameter): Name = "ComponentLink2Description"; Value = "Where buy it"; VariantName = "[No Variations]"
Add component (AddParameter): Name = "ComponentLink2URL"; Value = "https://katalog.we-online.de/en/led/WL-SMCW/150080GS75000"; VariantName = "[No Variations]"
Add component (AddParameter): Name = "ComponentLink3Description"; Value = "https://datasheet.ciiva.com/29563/150080gs75000-29563008.pdf?src-supplier=Digi-Key"; VariantName = "[No Variations]"
Add component (AddParameter): Name = "ComponentLink3URL"; Value = "https://datasheet.ciiva.com/29563/150080gs75000-29563008.pdf?src-supplier=Digi-Key"; VariantName = "[No Variations]"
Add component (AddParameter): Name = "ComponentLink4Description"; Value = "https://datasheet.ciiva.com/29279/759434-da-01-en-chipled-0805-w-kl-gruen-150080gs75000-29279039.pdf?src-supplier=Conrad"; VariantName = "[No Variations]"
Add component (AddParameter): Name = "ComponentLink4URL"; Value = "https://datasheet.ciiva.com/29279/759434-da-01-en-chipled-0805-w-kl-gruen-150080gs75000-29279039.pdf?src-supplier=Conrad"; VariantName = "[No Variations]"
Add component (AddParameter): Name = "Contact Plating"; Value = ""; VariantName = "[No Variations]"
Add component (AddParameter): Name = "Continuous Collector Current"; Value = ""; VariantName = "[No Variations]"
Add component (AddParameter): Name = "Continuous Drain Current (ID)"; Value = ""; VariantName = "[No Variations]"
Add component (AddParameter): Name = "Current Rating"; Value = ""; VariantName = "[No Variations]"
Add component (AddParameter): Name = "Design Item ID"; Value = "LEDGS-0805-450"; VariantName = "[No Variations]"
Add component (AddParameter): Name = "Dominant Wavelength"; Value = "520nm"; VariantName = "[No Variations]"
Add component (AddParameter): Name = "Drain to Source Breakdown Voltage"; Value = ""; VariantName = "[No Variations]"
Add component (AddParameter): Name = "Drain to Source Resistance"; Value = ""; VariantName = "[No Variations]"
Add component (AddParameter): Name = "Drain to Source Voltage (Vdss)"; Value = ""; VariantName = "[No Variations]"
Add component (AddParameter): Name = "Dropout Voltage"; Value = ""; VariantName = "[No Variations]"
Add component (AddParameter): Name = "Element Configuration"; Value = ""; VariantName = "[No Variations]"
Add component (AddParameter): Name = "Emitter Base Voltage (VEBO)"; Value = ""; VariantName = "[No Variations]"
Add component (AddParameter): Name = "Fall Time"; Value = ""; VariantName = "[No Variations]"
Add component (AddParameter): Name = "Forward Current"; Value = "30mA"; VariantName = "[No Variations]"
Add component (AddParameter): Name = "Forward Voltage"; Value = "3.2V"; VariantName = "[No Variations]"
Add component (AddParameter): Name = "Frequency"; Value = ""; VariantName = "[No Variations]"
Add component (AddParameter): Name = "Gain"; Value = ""; VariantName = "[No Variations]"
Add component (AddParameter): Name = "Gain Bandwidth Product"; Value = ""; VariantName = "[No Variations]"
Add component (AddParameter): Name = "Gate to Source Voltage (Vgs)"; Value = ""; VariantName = "[No Variations]"
Add component (AddParameter): Name = "Halogen Free"; Value = ""; VariantName = "[No Variations]"
Add component (AddParameter): Name = "Height"; Value = "0.7mm"; VariantName = "[No Variations]"
Add component (AddParameter): Name = "hFE Min"; Value = ""; VariantName = "[No Variations]"
Add component (AddParameter): Name = "Ic max"; Value = ""; VariantName = "[No Variations]"
Add component (AddParameter): Name = "Input Capacitance"; Value = ""; VariantName = "[No Variations]"
Add component (AddParameter): Name = "Lead Free"; Value = ""; VariantName = "[No Variations]"
Add component (AddParameter): Name = "Length"; Value = "2mm"; VariantName = "[No Variations]"
Add component (AddParameter): Name = "Lens Color"; Value = ""; VariantName = "[No Variations]"
Add component (AddParameter): Name = "Lens Style"; Value = "Clear,Rectangular"; VariantName = "[No Variations]"
Add component (AddParameter): Name = "Lens Transparency"; Value = ""; VariantName = "[No Variations]"
Add component (AddParameter): Name = "Luminous Flux"; Value = ""; VariantName = "[No Variations]"
Add component (AddParameter): Name = "Luminous Intensity"; Value = "450mcd"; VariantName = "[No Variations]"
Add component (AddParameter): Name = "Manufacturer"; Value = ""; VariantName = "[No Variations]"
Add component (AddParameter): Name = "Manufacturer 1"; Value = "Wurth Electronics"; VariantName = "[No Variations]"
Add component (AddParameter): Name = "Manufacturer Part Number"; Value = ""; VariantName = "[No Variations]"
Add component (AddParameter): Name = "Manufacturer Part Number 1"; Value = "150080GS75000"; VariantName = "[No Variations]"
Add component (AddParameter): Name = "Max Breakdown Voltage"; Value = ""; VariantName = "[No Variations]"
Add component (AddParameter): Name = "Max Collector Current"; Value = ""; VariantName = "[No Variations]"
Add component (AddParameter): Name = "Max Current Rating"; Value = ""; VariantName = "[No Variations]"
Add component (AddParameter): Name = "Max Dual Supply Voltage"; Value = ""; VariantName = "[No Variations]"
Add component (AddParameter): Name = "Max Frequency"; Value = ""; VariantName = "[No Variations]"
Add component (AddParameter): Name = "Max Gain"; Value = ""; VariantName = "[No Variations]"
Add component (AddParameter): Name = "Max Input Voltage"; Value = ""; VariantName = "[No Variations]"
Add component (AddParameter): Name = "Max Operating Temperature"; Value = "85°C"; VariantName = "[No Variations]"
Add component (AddParameter): Name = "Max Output Current"; Value = ""; VariantName = "[No Variations]"
Add component (AddParameter): Name = "Max Power Dissipation"; Value = ""; VariantName = "[No Variations]"
Add component (AddParameter): Name = "Max Supply Voltage"; Value = ""; VariantName = "[No Variations]"
Add component (AddParameter): Name = "Maximum current collector"; Value = ""; VariantName = "[No Variations]"
Add component (AddParameter): Name = "Min Current Limit"; Value = ""; VariantName = "[No Variations]"
Add component (AddParameter): Name = "Min Input Voltage"; Value = ""; VariantName = "[No Variations]"
Add component (AddParameter): Name = "Min Operating Temperature"; Value = "-40°C"; VariantName = "[No Variations]"
Add component (AddParameter): Name = "Min Supply Voltage"; Value = ""; VariantName = "[No Variations]"
Add component (AddParameter): Name = "Mount"; Value = "Surface Mount"; VariantName = "[No Variations]"
Add component (AddParameter): Name = "Nominal Output Voltage"; Value = ""; VariantName = "[No Variations]"
Add component (AddParameter): Name = "Number of Elements"; Value = ""; VariantName = "[No Variations]"
Add component (AddParameter): Name = "Number of Outputs"; Value = ""; VariantName = "[No Variations]"
Add component (AddParameter): Name = "Number of Pins"; Value = ""; VariantName = "[No Variations]"
Add component (AddParameter): Name = "Number of Regulators"; Value = ""; VariantName = "[No Variations]"
Add component (AddParameter): Name = "Operating voltage BE sat"; Value = ""; VariantName = "[No Variations]"
Add component (AddParameter): Name = "Output Current"; Value = ""; VariantName = "[No Variations]"
Add component (AddParameter): Name = "Output Type"; Value = ""; VariantName = "[No Variations]"
Add component (AddParameter): Name = "Output Voltage"; Value = ""; VariantName = "[No Variations]"
Add component (AddParameter): Name = "Output Voltage Accuracy"; Value = ""; VariantName = "[No Variations]"
Add component (AddParameter): Name = "Package"; Value = ""; VariantName = "[No Variations]"
Add component (AddParameter): Name = "Package Quantity"; Value = "4000"; VariantName = "[No Variations]"
Add component (AddParameter): Name = "Packaging"; Value = "Cut Tape"; VariantName = "[No Variations]"
Add component (AddParameter): Name = "Polarity"; Value = ""; VariantName = "[No Variations]"
Add component (AddParameter): Name = "Polarization"; Value = ""; VariantName = "[No Variations]"
Add component (AddParameter): Name = "Power Dissipation"; Value = ""; VariantName = "[No Variations]"
Add component (AddParameter): Name = "Power rating"; Value = ""; VariantName = "[No Variations]"
Add component (AddParameter): Name = "Pricing 1"; Value = "50=0,19300, 500=0,12900, 1000=0,12300, 2000=0,11700, 4000=0,11100 (USD)"; VariantName = "[No Variations]"
Add component (AddParameter): Name = "Quiescent Current"; Value = ""; VariantName = "[No Variations]"
Add component (AddParameter): Name = "Radiation Hardening"; Value = ""; VariantName = "[No Variations]"
Add component (AddParameter): Name = "Rds On Max"; Value = ""; VariantName = "[No Variations]"
Add component (AddParameter): Name = "REACH SVHC"; Value = "Unknown"; VariantName = "[No Variations]"
Add component (AddParameter): Name = "Reach SVHC Compliant"; Value = ""; VariantName = "[No Variations]"
Add component (AddParameter): Name = "Rise Time"; Value = ""; VariantName = "[No Variations]"
Add component (AddParameter): Name = "RoHS"; Value = "Yes"; VariantName = "[No Variations]"
Add component (AddParameter): Name = "RoHS Compliant"; Value = "Yes"; VariantName = "[No Variations]"
Add component (AddParameter): Name = "Series"; Value = ""; VariantName = "[No Variations]"
Add component (AddParameter): Name = "Source"; Value = "Semiconductor.SchLib"; VariantName = "[No Variations]"
Add component (AddParameter): Name = "Stock 1"; Value = "4350"; VariantName = "[No Variations]"
Add component (AddParameter): Name = "Termination"; Value = ""; VariantName = "[No Variations]"
Add component (AddParameter): Name = "Test Current"; Value = "20mA"; VariantName = "[No Variations]"
Add component (AddParameter): Name = "Test Temperature"; Value = ""; VariantName = "[No Variations]"
Add component (AddParameter): Name = "Thermal Resistance of Package"; Value = ""; VariantName = "[No Variations]"
Add component (AddParameter): Name = "Threshold Voltage"; Value = ""; VariantName = "[No Variations]"
Add component (AddParameter): Name = "Transition Frequency"; Value = ""; VariantName = "[No Variations]"
Add component (AddParameter): Name = "Turn-Off Delay Time"; Value = ""; VariantName = "[No Variations]"
Add component (AddParameter): Name = "Turn-On Delay Time"; Value = ""; VariantName = "[No Variations]"
Add component (AddParameter): Name = "Type"; Value = ""; VariantName = "[No Variations]"
Add component (AddParameter): Name = "Vce max"; Value = ""; VariantName = "[No Variations]"
Add component (AddParameter): Name = "Vds"; Value = ""; VariantName = "[No Variations]"
Add component (AddParameter): Name = "Viewing Angle"; Value = "140°"; VariantName = "[No Variations]"
Add component (AddParameter): Name = "Voltage"; Value = ""; VariantName = "[No Variations]"
Add component (AddParameter): Name = "Voltage Rating (DC)"; Value = ""; VariantName = "[No Variations]"
Add component (AddParameter): Name = "Wavelength"; Value = "520nm"; VariantName = "[No Variations]"
Add component (AddParameter): Name = "Weight"; Value = ""; VariantName = "[No Variations]"
Add component (AddParameter): Name = "Width"; Value = "1.25mm"; VariantName = "[No Variations]"
Added Component: Designator=Q501(TRT-NCH-3/35-CPH)
Add component (AddParameter): Name = ".Creator"; Value = "DO"; VariantName = "[No Variations]"
Add component (AddParameter): Name = ".PCBcheck"; Value = ""; VariantName = "[No Variations]"
Add component (AddParameter): Name = ".SCHcheck"; Value = ""; VariantName = "[No Variations]"
Add component (AddParameter): Name = "Accuracy"; Value = ""; VariantName = "[No Variations]"
Add component (AddParameter): Name = "Case Code (Imperial)"; Value = ""; VariantName = "[No Variations]"
Add component (AddParameter): Name = "Case Code (Metric)"; Value = ""; VariantName = "[No Variations]"
Add component (AddParameter): Name = "Case/Package"; Value = ""; VariantName = "[No Variations]"
Add component (AddParameter): Name = "Category"; Value = ""; VariantName = "[No Variations]"
Add component (AddParameter): Name = "Collector Base Voltage (VCBO)"; Value = ""; VariantName = "[No Variations]"
Add component (AddParameter): Name = "Collector Emitter Breakdown Voltage"; Value = ""; VariantName = "[No Variations]"
Add component (AddParameter): Name = "Collector Emitter Saturation Voltage"; Value = ""; VariantName = "[No Variations]"
Add component (AddParameter): Name = "Collector Emitter Voltage (VCEO)"; Value = ""; VariantName = "[No Variations]"
Add component (AddParameter): Name = "Collector-emitter Voltage-Max"; Value = ""; VariantName = "[No Variations]"
Add component (AddParameter): Name = "Color"; Value = ""; VariantName = "[No Variations]"
Add component (AddParameter): Name = "ComponentLink1Description"; Value = "Where to buy"; VariantName = "[No Variations]"
Add component (AddParameter): Name = "ComponentLink1URL"; Value = "https://www.mouser.es/ProductDetail/Vishay-Siliconix/SQ2318BES-T1_GE3?qs=sPbYRqrBIVmyZcxPsDt0vA%3D%3D"; VariantName = "[No Variations]"
Add component (AddParameter): Name = "ComponentLink2Description"; Value = "Datasheet"; VariantName = "[No Variations]"
Add component (AddParameter): Name = "ComponentLink2URL"; Value = "https://www.mouser.es/datasheet/2/427/sq2318bes-1868475.pdf"; VariantName = "[No Variations]"
Add component (AddParameter): Name = "Contact Plating"; Value = ""; VariantName = "[No Variations]"
Add component (AddParameter): Name = "Continuous Collector Current"; Value = ""; VariantName = "[No Variations]"
Add component (AddParameter): Name = "Continuous Drain Current (ID)"; Value = ""; VariantName = "[No Variations]"
Add component (AddParameter): Name = "Current Rating"; Value = ""; VariantName = "[No Variations]"
Add component (AddParameter): Name = "Design Item ID"; Value = "TRT-NCH-8/40-SQ"; VariantName = "[No Variations]"
Add component (AddParameter): Name = "Dominant Wavelength"; Value = ""; VariantName = "[No Variations]"
Add component (AddParameter): Name = "Drain to Source Breakdown Voltage"; Value = ""; VariantName = "[No Variations]"
Add component (AddParameter): Name = "Drain to Source Resistance"; Value = ""; VariantName = "[No Variations]"
Add component (AddParameter): Name = "Drain to Source Voltage (Vdss)"; Value = ""; VariantName = "[No Variations]"
Add component (AddParameter): Name = "Dropout Voltage"; Value = ""; VariantName = "[No Variations]"
Add component (AddParameter): Name = "Element Configuration"; Value = ""; VariantName = "[No Variations]"
Add component (AddParameter): Name = "Emitter Base Voltage (VEBO)"; Value = ""; VariantName = "[No Variations]"
Add component (AddParameter): Name = "Fall Time"; Value = ""; VariantName = "[No Variations]"
Add component (AddParameter): Name = "Forward Current"; Value = ""; VariantName = "[No Variations]"
Add component (AddParameter): Name = "Forward Voltage"; Value = ""; VariantName = "[No Variations]"
Add component (AddParameter): Name = "Frequency"; Value = ""; VariantName = "[No Variations]"
Add component (AddParameter): Name = "Gain"; Value = ""; VariantName = "[No Variations]"
Add component (AddParameter): Name = "Gain Bandwidth Product"; Value = ""; VariantName = "[No Variations]"
Add component (AddParameter): Name = "Gate to Source Voltage (Vgs)"; Value = ""; VariantName = "[No Variations]"
Add component (AddParameter): Name = "Halogen Free"; Value = ""; VariantName = "[No Variations]"
Add component (AddParameter): Name = "Height"; Value = ""; VariantName = "[No Variations]"
Add component (AddParameter): Name = "hFE Min"; Value = ""; VariantName = "[No Variations]"
Add component (AddParameter): Name = "Ic max"; Value = ""; VariantName = "[No Variations]"
Add component (AddParameter): Name = "Input Capacitance"; Value = ""; VariantName = "[No Variations]"
Add component (AddParameter): Name = "Lead Free"; Value = ""; VariantName = "[No Variations]"
Add component (AddParameter): Name = "Length"; Value = ""; VariantName = "[No Variations]"
Add component (AddParameter): Name = "Lens Color"; Value = ""; VariantName = "[No Variations]"
Add component (AddParameter): Name = "Lens Style"; Value = ""; VariantName = "[No Variations]"
Add component (AddParameter): Name = "Lens Transparency"; Value = ""; VariantName = "[No Variations]"
Add component (AddParameter): Name = "Luminous Flux"; Value = ""; VariantName = "[No Variations]"
Add component (AddParameter): Name = "Luminous Intensity"; Value = ""; VariantName = "[No Variations]"
Add component (AddParameter): Name = "Manufacturer"; Value = ""; VariantName = "[No Variations]"
Add component (AddParameter): Name = "Manufacturer 1"; Value = "Vishay"; VariantName = "[No Variations]"
Add component (AddParameter): Name = "Manufacturer Part Number"; Value = ""; VariantName = "[No Variations]"
Add component (AddParameter): Name = "Manufacturer Part Number 1"; Value = "SQ2318BES-T1_GE3"; VariantName = "[No Variations]"
Add component (AddParameter): Name = "Max Breakdown Voltage"; Value = ""; VariantName = "[No Variations]"
Add component (AddParameter): Name = "Max Collector Current"; Value = ""; VariantName = "[No Variations]"
Add component (AddParameter): Name = "Max Current Rating"; Value = ""; VariantName = "[No Variations]"
Add component (AddParameter): Name = "Max Dual Supply Voltage"; Value = ""; VariantName = "[No Variations]"
Add component (AddParameter): Name = "Max Frequency"; Value = ""; VariantName = "[No Variations]"
Add component (AddParameter): Name = "Max Gain"; Value = ""; VariantName = "[No Variations]"
Add component (AddParameter): Name = "Max Input Voltage"; Value = ""; VariantName = "[No Variations]"
Add component (AddParameter): Name = "Max Operating Temperature"; Value = ""; VariantName = "[No Variations]"
Add component (AddParameter): Name = "Max Output Current"; Value = ""; VariantName = "[No Variations]"
Add component (AddParameter): Name = "Max Power Dissipation"; Value = ""; VariantName = "[No Variations]"
Add component (AddParameter): Name = "Max Supply Voltage"; Value = ""; VariantName = "[No Variations]"
Add component (AddParameter): Name = "Maximum current collector"; Value = ""; VariantName = "[No Variations]"
Add component (AddParameter): Name = "Min Current Limit"; Value = ""; VariantName = "[No Variations]"
Add component (AddParameter): Name = "Min Input Voltage"; Value = ""; VariantName = "[No Variations]"
Add component (AddParameter): Name = "Min Operating Temperature"; Value = ""; VariantName = "[No Variations]"
Add component (AddParameter): Name = "Min Supply Voltage"; Value = ""; VariantName = "[No Variations]"
Add component (AddParameter): Name = "Mount"; Value = ""; VariantName = "[No Variations]"
Add component (AddParameter): Name = "Nominal Output Voltage"; Value = ""; VariantName = "[No Variations]"
Add component (AddParameter): Name = "Number of Elements"; Value = ""; VariantName = "[No Variations]"
Add component (AddParameter): Name = "Number of Outputs"; Value = ""; VariantName = "[No Variations]"
Add component (AddParameter): Name = "Number of Pins"; Value = ""; VariantName = "[No Variations]"
Add component (AddParameter): Name = "Number of Regulators"; Value = ""; VariantName = "[No Variations]"
Add component (AddParameter): Name = "Operating voltage BE sat"; Value = ""; VariantName = "[No Variations]"
Add component (AddParameter): Name = "Output Current"; Value = ""; VariantName = "[No Variations]"
Add component (AddParameter): Name = "Output Type"; Value = ""; VariantName = "[No Variations]"
Add component (AddParameter): Name = "Output Voltage"; Value = ""; VariantName = "[No Variations]"
Add component (AddParameter): Name = "Output Voltage Accuracy"; Value = ""; VariantName = "[No Variations]"
Add component (AddParameter): Name = "Package"; Value = ""; VariantName = "[No Variations]"
Add component (AddParameter): Name = "Package Quantity"; Value = ""; VariantName = "[No Variations]"
Add component (AddParameter): Name = "Packaging"; Value = ""; VariantName = "[No Variations]"
Add component (AddParameter): Name = "Polarity"; Value = ""; VariantName = "[No Variations]"
Add component (AddParameter): Name = "Polarization"; Value = ""; VariantName = "[No Variations]"
Add component (AddParameter): Name = "Power Dissipation"; Value = ""; VariantName = "[No Variations]"
Add component (AddParameter): Name = "Power rating"; Value = ""; VariantName = "[No Variations]"
Add component (AddParameter): Name = "Pricing 1"; Value = "1=0,71500, 5=0,71500, 10=0,64400, 25=0,59000, 50=0,52500, 100=0,47100, 250=0,40800 (USD)"; VariantName = "[No Variations]"
Add component (AddParameter): Name = "Quiescent Current"; Value = ""; VariantName = "[No Variations]"
Add component (AddParameter): Name = "Radiation Hardening"; Value = ""; VariantName = "[No Variations]"
Add component (AddParameter): Name = "Rds On Max"; Value = ""; VariantName = "[No Variations]"
Add component (AddParameter): Name = "REACH SVHC"; Value = ""; VariantName = "[No Variations]"
Add component (AddParameter): Name = "Reach SVHC Compliant"; Value = ""; VariantName = "[No Variations]"
Add component (AddParameter): Name = "Rise Time"; Value = ""; VariantName = "[No Variations]"
Add component (AddParameter): Name = "RoHS"; Value = "No"; VariantName = "[No Variations]"
Add component (AddParameter): Name = "RoHS Compliant"; Value = ""; VariantName = "[No Variations]"
Add component (AddParameter): Name = "Series"; Value = ""; VariantName = "[No Variations]"
Add component (AddParameter): Name = "Source"; Value = "Semiconductor.SchLib"; VariantName = "[No Variations]"
Add component (AddParameter): Name = "Stock 1"; Value = ""; VariantName = "[No Variations]"
Add component (AddParameter): Name = "Termination"; Value = ""; VariantName = "[No Variations]"
Add component (AddParameter): Name = "Test Current"; Value = ""; VariantName = "[No Variations]"
Add component (AddParameter): Name = "Test Temperature"; Value = ""; VariantName = "[No Variations]"
Add component (AddParameter): Name = "Thermal Resistance of Package"; Value = ""; VariantName = "[No Variations]"
Add component (AddParameter): Name = "Threshold Voltage"; Value = ""; VariantName = "[No Variations]"
Add component (AddParameter): Name = "Transition Frequency"; Value = ""; VariantName = "[No Variations]"
Add component (AddParameter): Name = "Turn-Off Delay Time"; Value = ""; VariantName = "[No Variations]"
Add component (AddParameter): Name = "Turn-On Delay Time"; Value = ""; VariantName = "[No Variations]"
Add component (AddParameter): Name = "Type"; Value = ""; VariantName = "[No Variations]"
Add component (AddParameter): Name = "Vce max"; Value = ""; VariantName = "[No Variations]"
Add component (AddParameter): Name = "Vds"; Value = "40V"; VariantName = "[No Variations]"
Add component (AddParameter): Name = "Viewing Angle"; Value = ""; VariantName = "[No Variations]"
Add component (AddParameter): Name = "Voltage"; Value = ""; VariantName = "[No Variations]"
Add component (AddParameter): Name = "Voltage Rating (DC)"; Value = ""; VariantName = "[No Variations]"
Add component (AddParameter): Name = "Wavelength"; Value = ""; VariantName = "[No Variations]"
Add component (AddParameter): Name = "Weight"; Value = ""; VariantName = "[No Variations]"
Add component (AddParameter): Name = "Width"; Value = ""; VariantName = "[No Variations]"
Added Component: Designator=Q502(TRT-NCH-3/35-CPH)
Add component (AddParameter): Name = ".Creator"; Value = "DO"; VariantName = "[No Variations]"
Add component (AddParameter): Name = ".PCBcheck"; Value = ""; VariantName = "[No Variations]"
Add component (AddParameter): Name = ".SCHcheck"; Value = ""; VariantName = "[No Variations]"
Add component (AddParameter): Name = "Accuracy"; Value = ""; VariantName = "[No Variations]"
Add component (AddParameter): Name = "Case Code (Imperial)"; Value = ""; VariantName = "[No Variations]"
Add component (AddParameter): Name = "Case Code (Metric)"; Value = ""; VariantName = "[No Variations]"
Add component (AddParameter): Name = "Case/Package"; Value = ""; VariantName = "[No Variations]"
Add component (AddParameter): Name = "Category"; Value = ""; VariantName = "[No Variations]"
Add component (AddParameter): Name = "Collector Base Voltage (VCBO)"; Value = ""; VariantName = "[No Variations]"
Add component (AddParameter): Name = "Collector Emitter Breakdown Voltage"; Value = ""; VariantName = "[No Variations]"
Add component (AddParameter): Name = "Collector Emitter Saturation Voltage"; Value = ""; VariantName = "[No Variations]"
Add component (AddParameter): Name = "Collector Emitter Voltage (VCEO)"; Value = ""; VariantName = "[No Variations]"
Add component (AddParameter): Name = "Collector-emitter Voltage-Max"; Value = ""; VariantName = "[No Variations]"
Add component (AddParameter): Name = "Color"; Value = ""; VariantName = "[No Variations]"
Add component (AddParameter): Name = "ComponentLink1Description"; Value = "Where to buy"; VariantName = "[No Variations]"
Add component (AddParameter): Name = "ComponentLink1URL"; Value = "https://www.mouser.es/ProductDetail/Vishay-Siliconix/SQ2318BES-T1_GE3?qs=sPbYRqrBIVmyZcxPsDt0vA%3D%3D"; VariantName = "[No Variations]"
Add component (AddParameter): Name = "ComponentLink2Description"; Value = "Datasheet"; VariantName = "[No Variations]"
Add component (AddParameter): Name = "ComponentLink2URL"; Value = "https://www.mouser.es/datasheet/2/427/sq2318bes-1868475.pdf"; VariantName = "[No Variations]"
Add component (AddParameter): Name = "Contact Plating"; Value = ""; VariantName = "[No Variations]"
Add component (AddParameter): Name = "Continuous Collector Current"; Value = ""; VariantName = "[No Variations]"
Add component (AddParameter): Name = "Continuous Drain Current (ID)"; Value = ""; VariantName = "[No Variations]"
Add component (AddParameter): Name = "Current Rating"; Value = ""; VariantName = "[No Variations]"
Add component (AddParameter): Name = "Design Item ID"; Value = "TRT-NCH-8/40-SQ"; VariantName = "[No Variations]"
Add component (AddParameter): Name = "Dominant Wavelength"; Value = ""; VariantName = "[No Variations]"
Add component (AddParameter): Name = "Drain to Source Breakdown Voltage"; Value = ""; VariantName = "[No Variations]"
Add component (AddParameter): Name = "Drain to Source Resistance"; Value = ""; VariantName = "[No Variations]"
Add component (AddParameter): Name = "Drain to Source Voltage (Vdss)"; Value = ""; VariantName = "[No Variations]"
Add component (AddParameter): Name = "Dropout Voltage"; Value = ""; VariantName = "[No Variations]"
Add component (AddParameter): Name = "Element Configuration"; Value = ""; VariantName = "[No Variations]"
Add component (AddParameter): Name = "Emitter Base Voltage (VEBO)"; Value = ""; VariantName = "[No Variations]"
Add component (AddParameter): Name = "Fall Time"; Value = ""; VariantName = "[No Variations]"
Add component (AddParameter): Name = "Forward Current"; Value = ""; VariantName = "[No Variations]"
Add component (AddParameter): Name = "Forward Voltage"; Value = ""; VariantName = "[No Variations]"
Add component (AddParameter): Name = "Frequency"; Value = ""; VariantName = "[No Variations]"
Add component (AddParameter): Name = "Gain"; Value = ""; VariantName = "[No Variations]"
Add component (AddParameter): Name = "Gain Bandwidth Product"; Value = ""; VariantName = "[No Variations]"
Add component (AddParameter): Name = "Gate to Source Voltage (Vgs)"; Value = ""; VariantName = "[No Variations]"
Add component (AddParameter): Name = "Halogen Free"; Value = ""; VariantName = "[No Variations]"
Add component (AddParameter): Name = "Height"; Value = ""; VariantName = "[No Variations]"
Add component (AddParameter): Name = "hFE Min"; Value = ""; VariantName = "[No Variations]"
Add component (AddParameter): Name = "Ic max"; Value = ""; VariantName = "[No Variations]"
Add component (AddParameter): Name = "Input Capacitance"; Value = ""; VariantName = "[No Variations]"
Add component (AddParameter): Name = "Lead Free"; Value = ""; VariantName = "[No Variations]"
Add component (AddParameter): Name = "Length"; Value = ""; VariantName = "[No Variations]"
Add component (AddParameter): Name = "Lens Color"; Value = ""; VariantName = "[No Variations]"
Add component (AddParameter): Name = "Lens Style"; Value = ""; VariantName = "[No Variations]"
Add component (AddParameter): Name = "Lens Transparency"; Value = ""; VariantName = "[No Variations]"
Add component (AddParameter): Name = "Luminous Flux"; Value = ""; VariantName = "[No Variations]"
Add component (AddParameter): Name = "Luminous Intensity"; Value = ""; VariantName = "[No Variations]"
Add component (AddParameter): Name = "Manufacturer"; Value = ""; VariantName = "[No Variations]"
Add component (AddParameter): Name = "Manufacturer 1"; Value = "Vishay"; VariantName = "[No Variations]"
Add component (AddParameter): Name = "Manufacturer Part Number"; Value = ""; VariantName = "[No Variations]"
Add component (AddParameter): Name = "Manufacturer Part Number 1"; Value = "SQ2318BES-T1_GE3"; VariantName = "[No Variations]"
Add component (AddParameter): Name = "Max Breakdown Voltage"; Value = ""; VariantName = "[No Variations]"
Add component (AddParameter): Name = "Max Collector Current"; Value = ""; VariantName = "[No Variations]"
Add component (AddParameter): Name = "Max Current Rating"; Value = ""; VariantName = "[No Variations]"
Add component (AddParameter): Name = "Max Dual Supply Voltage"; Value = ""; VariantName = "[No Variations]"
Add component (AddParameter): Name = "Max Frequency"; Value = ""; VariantName = "[No Variations]"
Add component (AddParameter): Name = "Max Gain"; Value = ""; VariantName = "[No Variations]"
Add component (AddParameter): Name = "Max Input Voltage"; Value = ""; VariantName = "[No Variations]"
Add component (AddParameter): Name = "Max Operating Temperature"; Value = ""; VariantName = "[No Variations]"
Add component (AddParameter): Name = "Max Output Current"; Value = ""; VariantName = "[No Variations]"
Add component (AddParameter): Name = "Max Power Dissipation"; Value = ""; VariantName = "[No Variations]"
Add component (AddParameter): Name = "Max Supply Voltage"; Value = ""; VariantName = "[No Variations]"
Add component (AddParameter): Name = "Maximum current collector"; Value = ""; VariantName = "[No Variations]"
Add component (AddParameter): Name = "Min Current Limit"; Value = ""; VariantName = "[No Variations]"
Add component (AddParameter): Name = "Min Input Voltage"; Value = ""; VariantName = "[No Variations]"
Add component (AddParameter): Name = "Min Operating Temperature"; Value = ""; VariantName = "[No Variations]"
Add component (AddParameter): Name = "Min Supply Voltage"; Value = ""; VariantName = "[No Variations]"
Add component (AddParameter): Name = "Mount"; Value = ""; VariantName = "[No Variations]"
Add component (AddParameter): Name = "Nominal Output Voltage"; Value = ""; VariantName = "[No Variations]"
Add component (AddParameter): Name = "Number of Elements"; Value = ""; VariantName = "[No Variations]"
Add component (AddParameter): Name = "Number of Outputs"; Value = ""; VariantName = "[No Variations]"
Add component (AddParameter): Name = "Number of Pins"; Value = ""; VariantName = "[No Variations]"
Add component (AddParameter): Name = "Number of Regulators"; Value = ""; VariantName = "[No Variations]"
Add component (AddParameter): Name = "Operating voltage BE sat"; Value = ""; VariantName = "[No Variations]"
Add component (AddParameter): Name = "Output Current"; Value = ""; VariantName = "[No Variations]"
Add component (AddParameter): Name = "Output Type"; Value = ""; VariantName = "[No Variations]"
Add component (AddParameter): Name = "Output Voltage"; Value = ""; VariantName = "[No Variations]"
Add component (AddParameter): Name = "Output Voltage Accuracy"; Value = ""; VariantName = "[No Variations]"
Add component (AddParameter): Name = "Package"; Value = ""; VariantName = "[No Variations]"
Add component (AddParameter): Name = "Package Quantity"; Value = ""; VariantName = "[No Variations]"
Add component (AddParameter): Name = "Packaging"; Value = ""; VariantName = "[No Variations]"
Add component (AddParameter): Name = "Polarity"; Value = ""; VariantName = "[No Variations]"
Add component (AddParameter): Name = "Polarization"; Value = ""; VariantName = "[No Variations]"
Add component (AddParameter): Name = "Power Dissipation"; Value = ""; VariantName = "[No Variations]"
Add component (AddParameter): Name = "Power rating"; Value = ""; VariantName = "[No Variations]"
Add component (AddParameter): Name = "Pricing 1"; Value = "1=0,71500, 5=0,71500, 10=0,64400, 25=0,59000, 50=0,52500, 100=0,47100, 250=0,40800 (USD)"; VariantName = "[No Variations]"
Add component (AddParameter): Name = "Quiescent Current"; Value = ""; VariantName = "[No Variations]"
Add component (AddParameter): Name = "Radiation Hardening"; Value = ""; VariantName = "[No Variations]"
Add component (AddParameter): Name = "Rds On Max"; Value = ""; VariantName = "[No Variations]"
Add component (AddParameter): Name = "REACH SVHC"; Value = ""; VariantName = "[No Variations]"
Add component (AddParameter): Name = "Reach SVHC Compliant"; Value = ""; VariantName = "[No Variations]"
Add component (AddParameter): Name = "Rise Time"; Value = ""; VariantName = "[No Variations]"
Add component (AddParameter): Name = "RoHS"; Value = "No"; VariantName = "[No Variations]"
Add component (AddParameter): Name = "RoHS Compliant"; Value = ""; VariantName = "[No Variations]"
Add component (AddParameter): Name = "Series"; Value = ""; VariantName = "[No Variations]"
Add component (AddParameter): Name = "Source"; Value = "Semiconductor.SchLib"; VariantName = "[No Variations]"
Add component (AddParameter): Name = "Stock 1"; Value = ""; VariantName = "[No Variations]"
Add component (AddParameter): Name = "Termination"; Value = ""; VariantName = "[No Variations]"
Add component (AddParameter): Name = "Test Current"; Value = ""; VariantName = "[No Variations]"
Add component (AddParameter): Name = "Test Temperature"; Value = ""; VariantName = "[No Variations]"
Add component (AddParameter): Name = "Thermal Resistance of Package"; Value = ""; VariantName = "[No Variations]"
Add component (AddParameter): Name = "Threshold Voltage"; Value = ""; VariantName = "[No Variations]"
Add component (AddParameter): Name = "Transition Frequency"; Value = ""; VariantName = "[No Variations]"
Add component (AddParameter): Name = "Turn-Off Delay Time"; Value = ""; VariantName = "[No Variations]"
Add component (AddParameter): Name = "Turn-On Delay Time"; Value = ""; VariantName = "[No Variations]"
Add component (AddParameter): Name = "Type"; Value = ""; VariantName = "[No Variations]"
Add component (AddParameter): Name = "Vce max"; Value = ""; VariantName = "[No Variations]"
Add component (AddParameter): Name = "Vds"; Value = "40V"; VariantName = "[No Variations]"
Add component (AddParameter): Name = "Viewing Angle"; Value = ""; VariantName = "[No Variations]"
Add component (AddParameter): Name = "Voltage"; Value = ""; VariantName = "[No Variations]"
Add component (AddParameter): Name = "Voltage Rating (DC)"; Value = ""; VariantName = "[No Variations]"
Add component (AddParameter): Name = "Wavelength"; Value = ""; VariantName = "[No Variations]"
Add component (AddParameter): Name = "Weight"; Value = ""; VariantName = "[No Variations]"
Add component (AddParameter): Name = "Width"; Value = ""; VariantName = "[No Variations]"
Added Component: Designator=R11(0805)
Add component (AddParameter): Name = "Case/Package"; Value = "0805"; VariantName = "[No Variations]"
Add component (AddParameter): Name = "Connector Type"; Value = ""; VariantName = "[No Variations]"
Add component (AddParameter): Name = "Gender"; Value = ""; VariantName = "[No Variations]"
Add component (AddParameter): Name = "Max Current Rating"; Value = ""; VariantName = "[No Variations]"
Add component (AddParameter): Name = "Max Operating Temperature"; Value = "155°C"; VariantName = "[No Variations]"
Add component (AddParameter): Name = "Min Operating Temperature"; Value = "-55°C"; VariantName = "[No Variations]"
Add component (AddParameter): Name = "Mounting Technology"; Value = "Surface Mount"; VariantName = "[No Variations]"
Add component (AddParameter): Name = "Pins"; Value = "2"; VariantName = "[No Variations]"
Add component (AddParameter): Name = "Power"; Value = "500mW"; VariantName = "[No Variations]"
Add component (AddParameter): Name = "RoHS Compliant"; Value = "Yes"; VariantName = "[No Variations]"
Add component (AddParameter): Name = "Tolerance"; Value = "1%"; VariantName = "[No Variations]"
Add component (AddParameter): Name = "Value"; Value = "1k"; VariantName = "[No Variations]"
Add component (AddParameter): Name = "Voltage Rating"; Value = ""; VariantName = "[No Variations]"
Added Component: Designator=R506(0805)
Add component (AddParameter): Name = "Case/Package"; Value = "0805"; VariantName = "[No Variations]"
Add component (AddParameter): Name = "Connector Type"; Value = ""; VariantName = "[No Variations]"
Add component (AddParameter): Name = "Gender"; Value = ""; VariantName = "[No Variations]"
Add component (AddParameter): Name = "Max Current Rating"; Value = ""; VariantName = "[No Variations]"
Add component (AddParameter): Name = "Max Operating Temperature"; Value = "155°C"; VariantName = "[No Variations]"
Add component (AddParameter): Name = "Min Operating Temperature"; Value = "-55°C"; VariantName = "[No Variations]"
Add component (AddParameter): Name = "Mounting Technology"; Value = "Surface Mount"; VariantName = "[No Variations]"
Add component (AddParameter): Name = "Pins"; Value = "2"; VariantName = "[No Variations]"
Add component (AddParameter): Name = "Power"; Value = "500mW"; VariantName = "[No Variations]"
Add component (AddParameter): Name = "Resistance"; Value = ""; VariantName = "[No Variations]"
Add component (AddParameter): Name = "RoHS Compliant"; Value = "Yes"; VariantName = "[No Variations]"
Add component (AddParameter): Name = "Tolerance"; Value = "1%"; VariantName = "[No Variations]"
Add component (AddParameter): Name = "Value"; Value = "1k"; VariantName = "[No Variations]"
Add component (AddParameter): Name = "Voltage Rating"; Value = ""; VariantName = "[No Variations]"
Added Component: Designator=R507(R0805FTK)
Add component (AddParameter): Name = ".Creator"; Value = "DR"; VariantName = "[No Variations]"
Add component (AddParameter): Name = ".PCBcheck"; Value = ""; VariantName = "[No Variations]"
Add component (AddParameter): Name = ".SCHcheck"; Value = ""; VariantName = "[No Variations]"
Add component (AddParameter): Name = "Case Code (Metric)"; Value = "2012"; VariantName = "[No Variations]"
Add component (AddParameter): Name = "Case/Package"; Value = "0805"; VariantName = "[No Variations]"
Add component (AddParameter): Name = "Category"; Value = "Chip SMD Resistors"; VariantName = "[No Variations]"
Add component (AddParameter): Name = "Circuit Type"; Value = ""; VariantName = "[No Variations]"
Add component (AddParameter): Name = "Color"; Value = ""; VariantName = "[No Variations]"
Add component (AddParameter): Name = "ComponentLink1Description"; Value = "https://datasheet.ciiva.com/11809/0900766b80fcdb72-11809178.pdf?src-supplier=RSComponents"; VariantName = "[No Variations]"
Add component (AddParameter): Name = "ComponentLink1URL"; Value = "https://datasheet.ciiva.com/11809/0900766b80fcdb72-11809178.pdf?src-supplier=RSComponents"; VariantName = "[No Variations]"
Add component (AddParameter): Name = "ComponentLink2Description"; Value = "https://datasheet.ciiva.com/6547/chpreztr-6547413.pdf?src-supplier=Digi-Key"; VariantName = "[No Variations]"
Add component (AddParameter): Name = "ComponentLink2URL"; Value = "https://datasheet.ciiva.com/6547/chpreztr-6547413.pdf?src-supplier=Digi-Key"; VariantName = "[No Variations]"
Add component (AddParameter): Name = "ComponentLink3Description"; Value = "https://datasheet.ciiva.com/6547/chpreztr-6547414.pdf?src-supplier=Digi-Key"; VariantName = "[No Variations]"
Add component (AddParameter): Name = "ComponentLink3URL"; Value = "https://datasheet.ciiva.com/6547/chpreztr-6547414.pdf?src-supplier=Digi-Key"; VariantName = "[No Variations]"
Add component (AddParameter): Name = "ComponentLink4Description"; Value = "https://datasheet.ciiva.com/6547/chpreztr-6547415.pdf?src-supplier=Digi-Key"; VariantName = "[No Variations]"
Add component (AddParameter): Name = "ComponentLink4URL"; Value = "https://datasheet.ciiva.com/6547/chpreztr-6547415.pdf?src-supplier=Digi-Key"; VariantName = "[No Variations]"
Add component (AddParameter): Name = "ComponentLink5Description"; Value = "https://datasheet.ciiva.com/9120/chpreztr-9120744.pdf?src-supplier=Avnet"; VariantName = "[No Variations]"
Add component (AddParameter): Name = "ComponentLink5URL"; Value = "https://datasheet.ciiva.com/9120/chpreztr-9120744.pdf?src-supplier=Avnet"; VariantName = "[No Variations]"
Add component (AddParameter): Name = "Construction"; Value = "Rectangular"; VariantName = "[No Variations]"
Add component (AddParameter): Name = "Contact Plating"; Value = "Tin"; VariantName = "[No Variations]"
Add component (AddParameter): Name = "Current Rating"; Value = ""; VariantName = "[No Variations]"
Add component (AddParameter): Name = "Depth"; Value = "1.25mm"; VariantName = "[No Variations]"
Add component (AddParameter): Name = "Design Item ID"; Value = "R100-0805FTK"; VariantName = "[No Variations]"
Add component (AddParameter): Name = "ELV"; Value = ""; VariantName = "[No Variations]"
Add component (AddParameter): Name = "Features"; Value = "Moisture Resistant"; VariantName = "[No Variations]"
Add component (AddParameter): Name = "Height"; Value = "0.5mm"; VariantName = "[No Variations]"
Add component (AddParameter): Name = "Insulation Resistance"; Value = ""; VariantName = "[No Variations]"
Add component (AddParameter): Name = "Lead Free"; Value = ""; VariantName = "[No Variations]"
Add component (AddParameter): Name = "Lead Length"; Value = ""; VariantName = "[No Variations]"
Add component (AddParameter): Name = "Length"; Value = "2mm"; VariantName = "[No Variations]"
Add component (AddParameter): Name = "Manufacturer"; Value = ""; VariantName = "[No Variations]"
Add component (AddParameter): Name = "Manufacturer 1"; Value = "Bourns"; VariantName = "[No Variations]"
Add component (AddParameter): Name = "Manufacturer Part Number"; Value = ""; VariantName = "[No Variations]"
Add component (AddParameter): Name = "Manufacturer Part Number 1"; Value = "CR0805-FX-1000ELF"; VariantName = "[No Variations]"
Add component (AddParameter): Name = "Max Operating Temperature"; Value = "155°C"; VariantName = "[No Variations]"
Add component (AddParameter): Name = "Max Power Dissipation"; Value = "125mW"; VariantName = "[No Variations]"
Add component (AddParameter): Name = "Military Standard"; Value = "Not"; VariantName = "[No Variations]"
Add component (AddParameter): Name = "Min Operating Temperature"; Value = "-55°C"; VariantName = "[No Variations]"
Add component (AddParameter): Name = "Mount"; Value = "Surface Mount"; VariantName = "[No Variations]"
Add component (AddParameter): Name = "Number of Contacts"; Value = ""; VariantName = "[No Variations]"
Add component (AddParameter): Name = "Number of Elements"; Value = ""; VariantName = "[No Variations]"
Add component (AddParameter): Name = "Number of Resistors"; Value = ""; VariantName = "[No Variations]"
Add component (AddParameter): Name = "Number of Terminals/Pins"; Value = ""; VariantName = "[No Variations]"
Add component (AddParameter): Name = "Number of Terminations"; Value = "2"; VariantName = "[No Variations]"
Add component (AddParameter): Name = "Number of Turns"; Value = ""; VariantName = "[No Variations]"
Add component (AddParameter): Name = "Package Quantity"; Value = "1"; VariantName = "[No Variations]"
Add component (AddParameter): Name = "Package Shape"; Value = ""; VariantName = "[No Variations]"
Add component (AddParameter): Name = "Packaging"; Value = "Tape and Reel"; VariantName = "[No Variations]"
Add component (AddParameter): Name = "Pins"; Value = "2"; VariantName = "[No Variations]"
Add component (AddParameter): Name = "Power Per Element"; Value = ""; VariantName = "[No Variations]"
Add component (AddParameter): Name = "Power Rating"; Value = "125mW"; VariantName = "[No Variations]"
Add component (AddParameter): Name = "Pricing 1"; Value = "1=0,05840, 10=0,03430, 25=0,01780, 100=0,00750, 250=0,00560, 500=0,00490, 3000=0,00470 (USD)"; VariantName = "[No Variations]"
Add component (AddParameter): Name = "Radiation Hardening"; Value = "No"; VariantName = "[No Variations]"
Add component (AddParameter): Name = "REACH SVHC"; Value = "No SVHC"; VariantName = "[No Variations]"
Add component (AddParameter): Name = "Resistance"; Value = ""; VariantName = "[No Variations]"
Add component (AddParameter): Name = "Resistance Tolerance"; Value = "1%"; VariantName = "[No Variations]"
Add component (AddParameter): Name = "Resistence"; Value = ""; VariantName = "[No Variations]"
Add component (AddParameter): Name = "Resistor Type"; Value = "Thick Film"; VariantName = "[No Variations]"
Add component (AddParameter): Name = "RoHS"; Value = "Yes"; VariantName = "[No Variations]"
Add component (AddParameter): Name = "RoHS Compliant"; Value = "Yes"; VariantName = "[No Variations]"
Add component (AddParameter): Name = "Series"; Value = "CR0805"; VariantName = "[No Variations]"
Add component (AddParameter): Name = "Size Code"; Value = ""; VariantName = "[No Variations]"
Add component (AddParameter): Name = "Source"; Value = "Passives.SchLib"; VariantName = "[No Variations]"
Add component (AddParameter): Name = "Stock 1"; Value = "49802"; VariantName = "[No Variations]"
Add component (AddParameter): Name = "Taper"; Value = ""; VariantName = "[No Variations]"
Add component (AddParameter): Name = "Technology"; Value = "THICK FILM"; VariantName = "[No Variations]"
Add component (AddParameter): Name = "Temperature Coefficient"; Value = "100ppm/°C"; VariantName = "[No Variations]"
Add component (AddParameter): Name = "Terminal Finish"; Value = ""; VariantName = "[No Variations]"
Add component (AddParameter): Name = "Terminal Pitch"; Value = ""; VariantName = "[No Variations]"
Add component (AddParameter): Name = "Termination"; Value = "SMD/SMT"; VariantName = "[No Variations]"
Add component (AddParameter): Name = "Thickness"; Value = "508um"; VariantName = "[No Variations]"
Add component (AddParameter): Name = "Tolerance"; Value = "1%"; VariantName = "[No Variations]"
Add component (AddParameter): Name = "Value"; Value = "100"; VariantName = "[No Variations]"
Add component (AddParameter): Name = "Voltage Rating"; Value = "150V"; VariantName = "[No Variations]"
Add component (AddParameter): Name = "Voltage Rating (DC)"; Value = "150V"; VariantName = "[No Variations]"
Add component (AddParameter): Name = "Weight"; Value = ""; VariantName = "[No Variations]"
Add component (AddParameter): Name = "Width"; Value = "1.25mm"; VariantName = "[No Variations]"
Add component (AddParameter): Name = "Working Voltage"; Value = ""; VariantName = "[No Variations]"
Added Component: Designator=R508(R0805FTK)
Add component (AddParameter): Name = ".Creator"; Value = "DR"; VariantName = "[No Variations]"
Add component (AddParameter): Name = ".PCBcheck"; Value = ""; VariantName = "[No Variations]"
Add component (AddParameter): Name = ".SCHcheck"; Value = ""; VariantName = "[No Variations]"
Add component (AddParameter): Name = "Case Code (Metric)"; Value = "2012"; VariantName = "[No Variations]"
Add component (AddParameter): Name = "Case/Package"; Value = "0805"; VariantName = "[No Variations]"
Add component (AddParameter): Name = "Category"; Value = "Chip SMD Resistors"; VariantName = "[No Variations]"
Add component (AddParameter): Name = "Circuit Type"; Value = ""; VariantName = "[No Variations]"
Add component (AddParameter): Name = "Color"; Value = ""; VariantName = "[No Variations]"
Add component (AddParameter): Name = "ComponentLink1Description"; Value = "https://datasheet.ciiva.com/11809/0900766b80fcdb72-11809178.pdf?src-supplier=RSComponents"; VariantName = "[No Variations]"
Add component (AddParameter): Name = "ComponentLink1URL"; Value = "https://datasheet.ciiva.com/11809/0900766b80fcdb72-11809178.pdf?src-supplier=RSComponents"; VariantName = "[No Variations]"
Add component (AddParameter): Name = "ComponentLink2Description"; Value = "https://datasheet.ciiva.com/6547/chpreztr-6547413.pdf?src-supplier=Digi-Key"; VariantName = "[No Variations]"
Add component (AddParameter): Name = "ComponentLink2URL"; Value = "https://datasheet.ciiva.com/6547/chpreztr-6547413.pdf?src-supplier=Digi-Key"; VariantName = "[No Variations]"
Add component (AddParameter): Name = "ComponentLink3Description"; Value = "https://datasheet.ciiva.com/6547/chpreztr-6547414.pdf?src-supplier=Digi-Key"; VariantName = "[No Variations]"
Add component (AddParameter): Name = "ComponentLink3URL"; Value = "https://datasheet.ciiva.com/6547/chpreztr-6547414.pdf?src-supplier=Digi-Key"; VariantName = "[No Variations]"
Add component (AddParameter): Name = "ComponentLink4Description"; Value = "https://datasheet.ciiva.com/6547/chpreztr-6547415.pdf?src-supplier=Digi-Key"; VariantName = "[No Variations]"
Add component (AddParameter): Name = "ComponentLink4URL"; Value = "https://datasheet.ciiva.com/6547/chpreztr-6547415.pdf?src-supplier=Digi-Key"; VariantName = "[No Variations]"
Add component (AddParameter): Name = "ComponentLink5Description"; Value = "https://datasheet.ciiva.com/9120/chpreztr-9120744.pdf?src-supplier=Avnet"; VariantName = "[No Variations]"
Add component (AddParameter): Name = "ComponentLink5URL"; Value = "https://datasheet.ciiva.com/9120/chpreztr-9120744.pdf?src-supplier=Avnet"; VariantName = "[No Variations]"
Add component (AddParameter): Name = "Construction"; Value = "Rectangular"; VariantName = "[No Variations]"
Add component (AddParameter): Name = "Contact Plating"; Value = "Tin"; VariantName = "[No Variations]"
Add component (AddParameter): Name = "Current Rating"; Value = ""; VariantName = "[No Variations]"
Add component (AddParameter): Name = "Depth"; Value = "1.25mm"; VariantName = "[No Variations]"
Add component (AddParameter): Name = "Design Item ID"; Value = "R100-0805FTK"; VariantName = "[No Variations]"
Add component (AddParameter): Name = "ELV"; Value = ""; VariantName = "[No Variations]"
Add component (AddParameter): Name = "Features"; Value = "Moisture Resistant"; VariantName = "[No Variations]"
Add component (AddParameter): Name = "Height"; Value = "0.5mm"; VariantName = "[No Variations]"
Add component (AddParameter): Name = "Insulation Resistance"; Value = ""; VariantName = "[No Variations]"
Add component (AddParameter): Name = "Lead Free"; Value = ""; VariantName = "[No Variations]"
Add component (AddParameter): Name = "Lead Length"; Value = ""; VariantName = "[No Variations]"
Add component (AddParameter): Name = "Length"; Value = "2mm"; VariantName = "[No Variations]"
Add component (AddParameter): Name = "Manufacturer"; Value = ""; VariantName = "[No Variations]"
Add component (AddParameter): Name = "Manufacturer 1"; Value = "Bourns"; VariantName = "[No Variations]"
Add component (AddParameter): Name = "Manufacturer Part Number"; Value = ""; VariantName = "[No Variations]"
Add component (AddParameter): Name = "Manufacturer Part Number 1"; Value = "CR0805-FX-1000ELF"; VariantName = "[No Variations]"
Add component (AddParameter): Name = "Max Operating Temperature"; Value = "155°C"; VariantName = "[No Variations]"
Add component (AddParameter): Name = "Max Power Dissipation"; Value = "125mW"; VariantName = "[No Variations]"
Add component (AddParameter): Name = "Military Standard"; Value = "Not"; VariantName = "[No Variations]"
Add component (AddParameter): Name = "Min Operating Temperature"; Value = "-55°C"; VariantName = "[No Variations]"
Add component (AddParameter): Name = "Mount"; Value = "Surface Mount"; VariantName = "[No Variations]"
Add component (AddParameter): Name = "Number of Contacts"; Value = ""; VariantName = "[No Variations]"
Add component (AddParameter): Name = "Number of Elements"; Value = ""; VariantName = "[No Variations]"
Add component (AddParameter): Name = "Number of Resistors"; Value = ""; VariantName = "[No Variations]"
Add component (AddParameter): Name = "Number of Terminals/Pins"; Value = ""; VariantName = "[No Variations]"
Add component (AddParameter): Name = "Number of Terminations"; Value = "2"; VariantName = "[No Variations]"
Add component (AddParameter): Name = "Number of Turns"; Value = ""; VariantName = "[No Variations]"
Add component (AddParameter): Name = "Package Quantity"; Value = "1"; VariantName = "[No Variations]"
Add component (AddParameter): Name = "Package Shape"; Value = ""; VariantName = "[No Variations]"
Add component (AddParameter): Name = "Packaging"; Value = "Tape and Reel"; VariantName = "[No Variations]"
Add component (AddParameter): Name = "Pins"; Value = "2"; VariantName = "[No Variations]"
Add component (AddParameter): Name = "Power Per Element"; Value = ""; VariantName = "[No Variations]"
Add component (AddParameter): Name = "Power Rating"; Value = "125mW"; VariantName = "[No Variations]"
Add component (AddParameter): Name = "Pricing 1"; Value = "1=0,05840, 10=0,03430, 25=0,01780, 100=0,00750, 250=0,00560, 500=0,00490, 3000=0,00470 (USD)"; VariantName = "[No Variations]"
Add component (AddParameter): Name = "Radiation Hardening"; Value = "No"; VariantName = "[No Variations]"
Add component (AddParameter): Name = "REACH SVHC"; Value = "No SVHC"; VariantName = "[No Variations]"
Add component (AddParameter): Name = "Resistance"; Value = ""; VariantName = "[No Variations]"
Add component (AddParameter): Name = "Resistance Tolerance"; Value = "1%"; VariantName = "[No Variations]"
Add component (AddParameter): Name = "Resistence"; Value = ""; VariantName = "[No Variations]"
Add component (AddParameter): Name = "Resistor Type"; Value = "Thick Film"; VariantName = "[No Variations]"
Add component (AddParameter): Name = "RoHS"; Value = "Yes"; VariantName = "[No Variations]"
Add component (AddParameter): Name = "RoHS Compliant"; Value = "Yes"; VariantName = "[No Variations]"
Add component (AddParameter): Name = "Series"; Value = "CR0805"; VariantName = "[No Variations]"
Add component (AddParameter): Name = "Size Code"; Value = ""; VariantName = "[No Variations]"
Add component (AddParameter): Name = "Source"; Value = "Passives.SchLib"; VariantName = "[No Variations]"
Add component (AddParameter): Name = "Stock 1"; Value = "49802"; VariantName = "[No Variations]"
Add component (AddParameter): Name = "Taper"; Value = ""; VariantName = "[No Variations]"
Add component (AddParameter): Name = "Technology"; Value = "THICK FILM"; VariantName = "[No Variations]"
Add component (AddParameter): Name = "Temperature Coefficient"; Value = "100ppm/°C"; VariantName = "[No Variations]"
Add component (AddParameter): Name = "Terminal Finish"; Value = ""; VariantName = "[No Variations]"
Add component (AddParameter): Name = "Terminal Pitch"; Value = ""; VariantName = "[No Variations]"
Add component (AddParameter): Name = "Termination"; Value = "SMD/SMT"; VariantName = "[No Variations]"
Add component (AddParameter): Name = "Thickness"; Value = "508um"; VariantName = "[No Variations]"
Add component (AddParameter): Name = "Tolerance"; Value = "1%"; VariantName = "[No Variations]"
Add component (AddParameter): Name = "Value"; Value = "100"; VariantName = "[No Variations]"
Add component (AddParameter): Name = "Voltage Rating"; Value = "150V"; VariantName = "[No Variations]"
Add component (AddParameter): Name = "Voltage Rating (DC)"; Value = "150V"; VariantName = "[No Variations]"
Add component (AddParameter): Name = "Weight"; Value = ""; VariantName = "[No Variations]"
Add component (AddParameter): Name = "Width"; Value = "1.25mm"; VariantName = "[No Variations]"
Add component (AddParameter): Name = "Working Voltage"; Value = ""; VariantName = "[No Variations]"
Added Component: Designator=R509(0805)
Add component (AddParameter): Name = "Case/Package"; Value = "0805"; VariantName = "[No Variations]"
Add component (AddParameter): Name = "Manufacturer"; Value = "Vishay"; VariantName = "[No Variations]"
Add component (AddParameter): Name = "Max Operating Temperature"; Value = "155°C"; VariantName = "[No Variations]"
Add component (AddParameter): Name = "Min Operating Temperature"; Value = "-55°C"; VariantName = "[No Variations]"
Add component (AddParameter): Name = "Mounting Technology"; Value = "Surface Mount"; VariantName = "[No Variations]"
Add component (AddParameter): Name = "Part Number"; Value = "CRCW08052K00FKEAHP"; VariantName = "[No Variations]"
Add component (AddParameter): Name = "Pins"; Value = "2"; VariantName = "[No Variations]"
Add component (AddParameter): Name = "Power"; Value = "500mW"; VariantName = "[No Variations]"
Add component (AddParameter): Name = "Resistance"; Value = ""; VariantName = "[No Variations]"
Add component (AddParameter): Name = "RoHS Compliant"; Value = "Yes"; VariantName = "[No Variations]"
Add component (AddParameter): Name = "Tolerance"; Value = "1%"; VariantName = "[No Variations]"
Add component (AddParameter): Name = "Value"; Value = "2k"; VariantName = "[No Variations]"
Add component (AddParameter): Name = "Voltage Rating"; Value = ""; VariantName = "[No Variations]"
Added Component: Designator=R510(0805)
Add component (AddParameter): Name = "Case/Package"; Value = "0805"; VariantName = "[No Variations]"
Add component (AddParameter): Name = "Manufacturer"; Value = "Vishay"; VariantName = "[No Variations]"
Add component (AddParameter): Name = "Max Operating Temperature"; Value = "155°C"; VariantName = "[No Variations]"
Add component (AddParameter): Name = "Min Operating Temperature"; Value = "-55°C"; VariantName = "[No Variations]"
Add component (AddParameter): Name = "Mounting Technology"; Value = "Surface Mount"; VariantName = "[No Variations]"
Add component (AddParameter): Name = "Part Number"; Value = "CRCW08052K00FKEAHP"; VariantName = "[No Variations]"
Add component (AddParameter): Name = "Pins"; Value = "2"; VariantName = "[No Variations]"
Add component (AddParameter): Name = "Power"; Value = "500mW"; VariantName = "[No Variations]"
Add component (AddParameter): Name = "Resistance"; Value = ""; VariantName = "[No Variations]"
Add component (AddParameter): Name = "RoHS Compliant"; Value = "Yes"; VariantName = "[No Variations]"
Add component (AddParameter): Name = "Tolerance"; Value = "1%"; VariantName = "[No Variations]"
Add component (AddParameter): Name = "Value"; Value = "2k"; VariantName = "[No Variations]"
Add component (AddParameter): Name = "Voltage Rating"; Value = ""; VariantName = "[No Variations]"
Added Component: Designator=R511(0805)
Add component (AddParameter): Name = "Case/Package"; Value = "0805"; VariantName = "[No Variations]"
Add component (AddParameter): Name = "Connector Type"; Value = ""; VariantName = "[No Variations]"
Add component (AddParameter): Name = "Gender"; Value = ""; VariantName = "[No Variations]"
Add component (AddParameter): Name = "Max Current Rating"; Value = ""; VariantName = "[No Variations]"
Add component (AddParameter): Name = "Max Operating Temperature"; Value = "155°C"; VariantName = "[No Variations]"
Add component (AddParameter): Name = "Min Operating Temperature"; Value = "-55°C"; VariantName = "[No Variations]"
Add component (AddParameter): Name = "Mounting Technology"; Value = "Surface Mount"; VariantName = "[No Variations]"
Add component (AddParameter): Name = "Pins"; Value = "2"; VariantName = "[No Variations]"
Add component (AddParameter): Name = "Power"; Value = "500mW"; VariantName = "[No Variations]"
Add component (AddParameter): Name = "Resistance"; Value = ""; VariantName = "[No Variations]"
Add component (AddParameter): Name = "RoHS Compliant"; Value = "Yes"; VariantName = "[No Variations]"
Add component (AddParameter): Name = "Tolerance"; Value = "1%"; VariantName = "[No Variations]"
Add component (AddParameter): Name = "Value"; Value = "1k"; VariantName = "[No Variations]"
Add component (AddParameter): Name = "Voltage Rating"; Value = ""; VariantName = "[No Variations]"
Added Component: Designator=R512(R0805FTK)
Add component (AddParameter): Name = ".Creator"; Value = "GP"; VariantName = "[No Variations]"
Add component (AddParameter): Name = ".PCBcheck"; Value = ""; VariantName = "[No Variations]"
Add component (AddParameter): Name = ".SCHcheck"; Value = ""; VariantName = "[No Variations]"
Add component (AddParameter): Name = "Case Code (Metric)"; Value = "2012"; VariantName = "[No Variations]"
Add component (AddParameter): Name = "Case/Package"; Value = "0805"; VariantName = "[No Variations]"
Add component (AddParameter): Name = "Category"; Value = "Chip SMD Resistors"; VariantName = "[No Variations]"
Add component (AddParameter): Name = "Circuit Type"; Value = ""; VariantName = "[No Variations]"
Add component (AddParameter): Name = "Color"; Value = ""; VariantName = "[No Variations]"
Add component (AddParameter): Name = "ComponentLink1Description"; Value = "https://datasheet.ciiva.com/11821/0900766b80fcdb72-11821134.pdf?src-supplier=RSComponents"; VariantName = "[No Variations]"
Add component (AddParameter): Name = "ComponentLink1URL"; Value = "https://datasheet.ciiva.com/11821/0900766b80fcdb72-11821134.pdf?src-supplier=RSComponents"; VariantName = "[No Variations]"
Add component (AddParameter): Name = "ComponentLink2Description"; Value = "https://datasheet.ciiva.com/15225/getdatasheetpartid-78155-15225381.pdf?src-supplier=Verical"; VariantName = "[No Variations]"
Add component (AddParameter): Name = "ComponentLink2URL"; Value = "https://datasheet.ciiva.com/15225/getdatasheetpartid-78155-15225381.pdf?src-supplier=Verical"; VariantName = "[No Variations]"
Add component (AddParameter): Name = "ComponentLink3Description"; Value = "https://datasheet.ciiva.com/22693/1902866-22693253.pdf?src-supplier=Element14"; VariantName = "[No Variations]"
Add component (AddParameter): Name = "ComponentLink3URL"; Value = "https://datasheet.ciiva.com/22693/1902866-22693253.pdf?src-supplier=Element14"; VariantName = "[No Variations]"
Add component (AddParameter): Name = "ComponentLink4Description"; Value = "https://datasheet.ciiva.com/7986/1856384-7986184.pdf?src-supplier=Element14"; VariantName = "[No Variations]"
Add component (AddParameter): Name = "ComponentLink4URL"; Value = "https://datasheet.ciiva.com/7986/1856384-7986184.pdf?src-supplier=Element14"; VariantName = "[No Variations]"
Add component (AddParameter): Name = "ComponentLink5Description"; Value = "https://datasheet.ciiva.com/7985/1856384-7985867.pdf?src-supplier=Element14"; VariantName = "[No Variations]"
Add component (AddParameter): Name = "ComponentLink5URL"; Value = "https://datasheet.ciiva.com/7985/1856384-7985867.pdf?src-supplier=Element14"; VariantName = "[No Variations]"
Add component (AddParameter): Name = "ComponentLink6Description"; Value = "https://datasheet.ciiva.com/30242/159chpreztr-30242765.pdf?src-supplier=Onlinecomponents.com"; VariantName = "[No Variations]"
Add component (AddParameter): Name = "ComponentLink6URL"; Value = "https://datasheet.ciiva.com/30242/159chpreztr-30242765.pdf?src-supplier=Onlinecomponents.com"; VariantName = "[No Variations]"
Add component (AddParameter): Name = "ComponentLink7Description"; Value = "https://datasheet.ciiva.com/6547/chpreztr-6547359.pdf?src-supplier=Digi-Key"; VariantName = "[No Variations]"
Add component (AddParameter): Name = "ComponentLink7URL"; Value = "https://datasheet.ciiva.com/6547/chpreztr-6547359.pdf?src-supplier=Digi-Key"; VariantName = "[No Variations]"
Add component (AddParameter): Name = "Construction"; Value = ""; VariantName = "[No Variations]"
Add component (AddParameter): Name = "Contact Plating"; Value = "Tin"; VariantName = "[No Variations]"
Add component (AddParameter): Name = "Current Rating"; Value = ""; VariantName = "[No Variations]"
Add component (AddParameter): Name = "Depth"; Value = "1.25mm"; VariantName = "[No Variations]"
Add component (AddParameter): Name = "Design Item ID"; Value = "R1k-0805FTK"; VariantName = "[No Variations]"
Add component (AddParameter): Name = "ELV"; Value = ""; VariantName = "[No Variations]"
Add component (AddParameter): Name = "Features"; Value = "Moisture Resistant"; VariantName = "[No Variations]"
Add component (AddParameter): Name = "Height"; Value = "0.5mm"; VariantName = "[No Variations]"
Add component (AddParameter): Name = "Insulation Resistance"; Value = ""; VariantName = "[No Variations]"
Add component (AddParameter): Name = "Lead Free"; Value = "Lead Free"; VariantName = "[No Variations]"
Add component (AddParameter): Name = "Lead Length"; Value = ""; VariantName = "[No Variations]"
Add component (AddParameter): Name = "Length"; Value = "2mm"; VariantName = "[No Variations]"
Add component (AddParameter): Name = "Manufacturer"; Value = ""; VariantName = "[No Variations]"
Add component (AddParameter): Name = "Manufacturer 1"; Value = "Bourns"; VariantName = "[No Variations]"
Add component (AddParameter): Name = "Manufacturer Part Number"; Value = ""; VariantName = "[No Variations]"
Add component (AddParameter): Name = "Manufacturer Part Number 1"; Value = "CR0805-JW-102ELF"; VariantName = "[No Variations]"
Add component (AddParameter): Name = "Max Operating Temperature"; Value = "155°C"; VariantName = "[No Variations]"
Add component (AddParameter): Name = "Max Power Dissipation"; Value = "125mW"; VariantName = "[No Variations]"
Add component (AddParameter): Name = "Military Standard"; Value = "Not"; VariantName = "[No Variations]"
Add component (AddParameter): Name = "Min Operating Temperature"; Value = "-55°C"; VariantName = "[No Variations]"
Add component (AddParameter): Name = "Mount"; Value = "Surface Mount"; VariantName = "[No Variations]"
Add component (AddParameter): Name = "Number of Contacts"; Value = ""; VariantName = "[No Variations]"
Add component (AddParameter): Name = "Number of Elements"; Value = ""; VariantName = "[No Variations]"
Add component (AddParameter): Name = "Number of Resistors"; Value = ""; VariantName = "[No Variations]"
Add component (AddParameter): Name = "Number of Terminals/Pins"; Value = ""; VariantName = "[No Variations]"
Add component (AddParameter): Name = "Number of Terminations"; Value = "2"; VariantName = "[No Variations]"
Add component (AddParameter): Name = "Number of Turns"; Value = ""; VariantName = "[No Variations]"
Add component (AddParameter): Name = "Package Quantity"; Value = "1"; VariantName = "[No Variations]"
Add component (AddParameter): Name = "Package Shape"; Value = ""; VariantName = "[No Variations]"
Add component (AddParameter): Name = "Packaging"; Value = "Tape and Reel"; VariantName = "[No Variations]"
Add component (AddParameter): Name = "Pins"; Value = "2"; VariantName = "[No Variations]"
Add component (AddParameter): Name = "Power Per Element"; Value = ""; VariantName = "[No Variations]"
Add component (AddParameter): Name = "Power Rating"; Value = "125mW"; VariantName = "[No Variations]"
Add component (AddParameter): Name = "Pricing 1"; Value = "1=0,05930, 10=0,03510, 25=0,01790, 100=0,00800, 250=0,00790, 500=0,00590, 1000=0,00360, 3000=0,00350, 6000=0,00250 (USD)"; VariantName = "[No Variations]"
Add component (AddParameter): Name = "Radiation Hardening"; Value = "No"; VariantName = "[No Variations]"
Add component (AddParameter): Name = "REACH SVHC"; Value = "No SVHC"; VariantName = "[No Variations]"
Add component (AddParameter): Name = "Resistance"; Value = ""; VariantName = "[No Variations]"
Add component (AddParameter): Name = "Resistance Tolerance"; Value = ""; VariantName = "[No Variations]"
Add component (AddParameter): Name = "Resistence"; Value = ""; VariantName = "[No Variations]"
Add component (AddParameter): Name = "Resistor Type"; Value = "Thick Film"; VariantName = "[No Variations]"
Add component (AddParameter): Name = "RoHS"; Value = "Yes"; VariantName = "[No Variations]"
Add component (AddParameter): Name = "RoHS Compliant"; Value = ""; VariantName = "[No Variations]"
Add component (AddParameter): Name = "Series"; Value = ""; VariantName = "[No Variations]"
Add component (AddParameter): Name = "Size Code"; Value = ""; VariantName = "[No Variations]"
Add component (AddParameter): Name = "Source"; Value = "Passives.SchLib"; VariantName = "[No Variations]"
Add component (AddParameter): Name = "Stock 1"; Value = "27510"; VariantName = "[No Variations]"
Add component (AddParameter): Name = "Taper"; Value = ""; VariantName = "[No Variations]"
Add component (AddParameter): Name = "Technology"; Value = ""; VariantName = "[No Variations]"
Add component (AddParameter): Name = "Temperature Coefficient"; Value = "200ppm/°C"; VariantName = "[No Variations]"
Add component (AddParameter): Name = "Terminal Finish"; Value = ""; VariantName = "[No Variations]"
Add component (AddParameter): Name = "Terminal Pitch"; Value = ""; VariantName = "[No Variations]"
Add component (AddParameter): Name = "Termination"; Value = "SMD/SMT"; VariantName = "[No Variations]"
Add component (AddParameter): Name = "Thickness"; Value = "508um"; VariantName = "[No Variations]"
Add component (AddParameter): Name = "Tolerance"; Value = "5%"; VariantName = "[No Variations]"
Add component (AddParameter): Name = "Value"; Value = "1k"; VariantName = "[No Variations]"
Add component (AddParameter): Name = "Voltage Rating"; Value = "150V"; VariantName = "[No Variations]"
Add component (AddParameter): Name = "Voltage Rating (DC)"; Value = "150V"; VariantName = "[No Variations]"
Add component (AddParameter): Name = "Weight"; Value = ""; VariantName = "[No Variations]"
Add component (AddParameter): Name = "Width"; Value = "1.25mm"; VariantName = "[No Variations]"
Add component (AddParameter): Name = "Working Voltage"; Value = ""; VariantName = "[No Variations]"
Added Component: Designator=R513(R0805FTK)
Add component (AddParameter): Name = ".Creator"; Value = "GP"; VariantName = "[No Variations]"
Add component (AddParameter): Name = ".PCBcheck"; Value = ""; VariantName = "[No Variations]"
Add component (AddParameter): Name = ".SCHcheck"; Value = ""; VariantName = "[No Variations]"
Add component (AddParameter): Name = "Case Code (Metric)"; Value = "2012"; VariantName = "[No Variations]"
Add component (AddParameter): Name = "Case/Package"; Value = "0805"; VariantName = "[No Variations]"
Add component (AddParameter): Name = "Category"; Value = "Chip SMD Resistors"; VariantName = "[No Variations]"
Add component (AddParameter): Name = "Circuit Type"; Value = ""; VariantName = "[No Variations]"
Add component (AddParameter): Name = "Color"; Value = ""; VariantName = "[No Variations]"
Add component (AddParameter): Name = "ComponentLink1Description"; Value = "https://datasheet.ciiva.com/11821/0900766b80fcdb72-11821134.pdf?src-supplier=RSComponents"; VariantName = "[No Variations]"
Add component (AddParameter): Name = "ComponentLink1URL"; Value = "https://datasheet.ciiva.com/11821/0900766b80fcdb72-11821134.pdf?src-supplier=RSComponents"; VariantName = "[No Variations]"
Add component (AddParameter): Name = "ComponentLink2Description"; Value = "https://datasheet.ciiva.com/15225/getdatasheetpartid-78155-15225381.pdf?src-supplier=Verical"; VariantName = "[No Variations]"
Add component (AddParameter): Name = "ComponentLink2URL"; Value = "https://datasheet.ciiva.com/15225/getdatasheetpartid-78155-15225381.pdf?src-supplier=Verical"; VariantName = "[No Variations]"
Add component (AddParameter): Name = "ComponentLink3Description"; Value = "https://datasheet.ciiva.com/22693/1902866-22693253.pdf?src-supplier=Element14"; VariantName = "[No Variations]"
Add component (AddParameter): Name = "ComponentLink3URL"; Value = "https://datasheet.ciiva.com/22693/1902866-22693253.pdf?src-supplier=Element14"; VariantName = "[No Variations]"
Add component (AddParameter): Name = "ComponentLink4Description"; Value = "https://datasheet.ciiva.com/7986/1856384-7986184.pdf?src-supplier=Element14"; VariantName = "[No Variations]"
Add component (AddParameter): Name = "ComponentLink4URL"; Value = "https://datasheet.ciiva.com/7986/1856384-7986184.pdf?src-supplier=Element14"; VariantName = "[No Variations]"
Add component (AddParameter): Name = "ComponentLink5Description"; Value = "https://datasheet.ciiva.com/7985/1856384-7985867.pdf?src-supplier=Element14"; VariantName = "[No Variations]"
Add component (AddParameter): Name = "ComponentLink5URL"; Value = "https://datasheet.ciiva.com/7985/1856384-7985867.pdf?src-supplier=Element14"; VariantName = "[No Variations]"
Add component (AddParameter): Name = "ComponentLink6Description"; Value = "https://datasheet.ciiva.com/30242/159chpreztr-30242765.pdf?src-supplier=Onlinecomponents.com"; VariantName = "[No Variations]"
Add component (AddParameter): Name = "ComponentLink6URL"; Value = "https://datasheet.ciiva.com/30242/159chpreztr-30242765.pdf?src-supplier=Onlinecomponents.com"; VariantName = "[No Variations]"
Add component (AddParameter): Name = "ComponentLink7Description"; Value = "https://datasheet.ciiva.com/6547/chpreztr-6547359.pdf?src-supplier=Digi-Key"; VariantName = "[No Variations]"
Add component (AddParameter): Name = "ComponentLink7URL"; Value = "https://datasheet.ciiva.com/6547/chpreztr-6547359.pdf?src-supplier=Digi-Key"; VariantName = "[No Variations]"
Add component (AddParameter): Name = "Construction"; Value = ""; VariantName = "[No Variations]"
Add component (AddParameter): Name = "Contact Plating"; Value = "Tin"; VariantName = "[No Variations]"
Add component (AddParameter): Name = "Current Rating"; Value = ""; VariantName = "[No Variations]"
Add component (AddParameter): Name = "Depth"; Value = "1.25mm"; VariantName = "[No Variations]"
Add component (AddParameter): Name = "Design Item ID"; Value = "R1k-0805FTK"; VariantName = "[No Variations]"
Add component (AddParameter): Name = "ELV"; Value = ""; VariantName = "[No Variations]"
Add component (AddParameter): Name = "Features"; Value = "Moisture Resistant"; VariantName = "[No Variations]"
Add component (AddParameter): Name = "Height"; Value = "0.5mm"; VariantName = "[No Variations]"
Add component (AddParameter): Name = "Insulation Resistance"; Value = ""; VariantName = "[No Variations]"
Add component (AddParameter): Name = "Lead Free"; Value = "Lead Free"; VariantName = "[No Variations]"
Add component (AddParameter): Name = "Lead Length"; Value = ""; VariantName = "[No Variations]"
Add component (AddParameter): Name = "Length"; Value = "2mm"; VariantName = "[No Variations]"
Add component (AddParameter): Name = "Manufacturer"; Value = ""; VariantName = "[No Variations]"
Add component (AddParameter): Name = "Manufacturer 1"; Value = "Bourns"; VariantName = "[No Variations]"
Add component (AddParameter): Name = "Manufacturer Part Number"; Value = ""; VariantName = "[No Variations]"
Add component (AddParameter): Name = "Manufacturer Part Number 1"; Value = "CR0805-JW-102ELF"; VariantName = "[No Variations]"
Add component (AddParameter): Name = "Max Operating Temperature"; Value = "155°C"; VariantName = "[No Variations]"
Add component (AddParameter): Name = "Max Power Dissipation"; Value = "125mW"; VariantName = "[No Variations]"
Add component (AddParameter): Name = "Military Standard"; Value = "Not"; VariantName = "[No Variations]"
Add component (AddParameter): Name = "Min Operating Temperature"; Value = "-55°C"; VariantName = "[No Variations]"
Add component (AddParameter): Name = "Mount"; Value = "Surface Mount"; VariantName = "[No Variations]"
Add component (AddParameter): Name = "Number of Contacts"; Value = ""; VariantName = "[No Variations]"
Add component (AddParameter): Name = "Number of Elements"; Value = ""; VariantName = "[No Variations]"
Add component (AddParameter): Name = "Number of Resistors"; Value = ""; VariantName = "[No Variations]"
Add component (AddParameter): Name = "Number of Terminals/Pins"; Value = ""; VariantName = "[No Variations]"
Add component (AddParameter): Name = "Number of Terminations"; Value = "2"; VariantName = "[No Variations]"
Add component (AddParameter): Name = "Number of Turns"; Value = ""; VariantName = "[No Variations]"
Add component (AddParameter): Name = "Package Quantity"; Value = "1"; VariantName = "[No Variations]"
Add component (AddParameter): Name = "Package Shape"; Value = ""; VariantName = "[No Variations]"
Add component (AddParameter): Name = "Packaging"; Value = "Tape and Reel"; VariantName = "[No Variations]"
Add component (AddParameter): Name = "Pins"; Value = "2"; VariantName = "[No Variations]"
Add component (AddParameter): Name = "Power Per Element"; Value = ""; VariantName = "[No Variations]"
Add component (AddParameter): Name = "Power Rating"; Value = "125mW"; VariantName = "[No Variations]"
Add component (AddParameter): Name = "Pricing 1"; Value = "1=0,05930, 10=0,03510, 25=0,01790, 100=0,00800, 250=0,00790, 500=0,00590, 1000=0,00360, 3000=0,00350, 6000=0,00250 (USD)"; VariantName = "[No Variations]"
Add component (AddParameter): Name = "Radiation Hardening"; Value = "No"; VariantName = "[No Variations]"
Add component (AddParameter): Name = "REACH SVHC"; Value = "No SVHC"; VariantName = "[No Variations]"
Add component (AddParameter): Name = "Resistance"; Value = ""; VariantName = "[No Variations]"
Add component (AddParameter): Name = "Resistance Tolerance"; Value = ""; VariantName = "[No Variations]"
Add component (AddParameter): Name = "Resistence"; Value = ""; VariantName = "[No Variations]"
Add component (AddParameter): Name = "Resistor Type"; Value = "Thick Film"; VariantName = "[No Variations]"
Add component (AddParameter): Name = "RoHS"; Value = "Yes"; VariantName = "[No Variations]"
Add component (AddParameter): Name = "RoHS Compliant"; Value = ""; VariantName = "[No Variations]"
Add component (AddParameter): Name = "Series"; Value = ""; VariantName = "[No Variations]"
Add component (AddParameter): Name = "Size Code"; Value = ""; VariantName = "[No Variations]"
Add component (AddParameter): Name = "Source"; Value = "Passives.SchLib"; VariantName = "[No Variations]"
Add component (AddParameter): Name = "Stock 1"; Value = "27510"; VariantName = "[No Variations]"
Add component (AddParameter): Name = "Taper"; Value = ""; VariantName = "[No Variations]"
Add component (AddParameter): Name = "Technology"; Value = ""; VariantName = "[No Variations]"
Add component (AddParameter): Name = "Temperature Coefficient"; Value = "200ppm/°C"; VariantName = "[No Variations]"
Add component (AddParameter): Name = "Terminal Finish"; Value = ""; VariantName = "[No Variations]"
Add component (AddParameter): Name = "Terminal Pitch"; Value = ""; VariantName = "[No Variations]"
Add component (AddParameter): Name = "Termination"; Value = "SMD/SMT"; VariantName = "[No Variations]"
Add component (AddParameter): Name = "Thickness"; Value = "508um"; VariantName = "[No Variations]"
Add component (AddParameter): Name = "Tolerance"; Value = "5%"; VariantName = "[No Variations]"
Add component (AddParameter): Name = "Value"; Value = "1k"; VariantName = "[No Variations]"
Add component (AddParameter): Name = "Voltage Rating"; Value = "150V"; VariantName = "[No Variations]"
Add component (AddParameter): Name = "Voltage Rating (DC)"; Value = "150V"; VariantName = "[No Variations]"
Add component (AddParameter): Name = "Weight"; Value = ""; VariantName = "[No Variations]"
Add component (AddParameter): Name = "Width"; Value = "1.25mm"; VariantName = "[No Variations]"
Add component (AddParameter): Name = "Working Voltage"; Value = ""; VariantName = "[No Variations]"
Added Component: Designator=R514(R0805FTK)
Add component (AddParameter): Name = ".Creator"; Value = "DR"; VariantName = "[No Variations]"
Add component (AddParameter): Name = ".PCBcheck"; Value = ""; VariantName = "[No Variations]"
Add component (AddParameter): Name = ".SCHcheck"; Value = ""; VariantName = "[No Variations]"
Add component (AddParameter): Name = "Case Code (Metric)"; Value = "2012"; VariantName = "[No Variations]"
Add component (AddParameter): Name = "Case/Package"; Value = "0805"; VariantName = "[No Variations]"
Add component (AddParameter): Name = "Category"; Value = "Chip SMD Resistors"; VariantName = "[No Variations]"
Add component (AddParameter): Name = "Circuit Type"; Value = ""; VariantName = "[No Variations]"
Add component (AddParameter): Name = "Color"; Value = ""; VariantName = "[No Variations]"
Add component (AddParameter): Name = "ComponentLink1Description"; Value = "https://datasheet.ciiva.com/11809/0900766b80fcdb72-11809178.pdf?src-supplier=RSComponents"; VariantName = "[No Variations]"
Add component (AddParameter): Name = "ComponentLink1URL"; Value = "https://datasheet.ciiva.com/11809/0900766b80fcdb72-11809178.pdf?src-supplier=RSComponents"; VariantName = "[No Variations]"
Add component (AddParameter): Name = "ComponentLink2Description"; Value = "https://datasheet.ciiva.com/6547/chpreztr-6547413.pdf?src-supplier=Digi-Key"; VariantName = "[No Variations]"
Add component (AddParameter): Name = "ComponentLink2URL"; Value = "https://datasheet.ciiva.com/6547/chpreztr-6547413.pdf?src-supplier=Digi-Key"; VariantName = "[No Variations]"
Add component (AddParameter): Name = "ComponentLink3Description"; Value = "https://datasheet.ciiva.com/6547/chpreztr-6547414.pdf?src-supplier=Digi-Key"; VariantName = "[No Variations]"
Add component (AddParameter): Name = "ComponentLink3URL"; Value = "https://datasheet.ciiva.com/6547/chpreztr-6547414.pdf?src-supplier=Digi-Key"; VariantName = "[No Variations]"
Add component (AddParameter): Name = "ComponentLink4Description"; Value = "https://datasheet.ciiva.com/6547/chpreztr-6547415.pdf?src-supplier=Digi-Key"; VariantName = "[No Variations]"
Add component (AddParameter): Name = "ComponentLink4URL"; Value = "https://datasheet.ciiva.com/6547/chpreztr-6547415.pdf?src-supplier=Digi-Key"; VariantName = "[No Variations]"
Add component (AddParameter): Name = "ComponentLink5Description"; Value = "https://datasheet.ciiva.com/9120/chpreztr-9120744.pdf?src-supplier=Avnet"; VariantName = "[No Variations]"
Add component (AddParameter): Name = "ComponentLink5URL"; Value = "https://datasheet.ciiva.com/9120/chpreztr-9120744.pdf?src-supplier=Avnet"; VariantName = "[No Variations]"
Add component (AddParameter): Name = "Construction"; Value = "Rectangular"; VariantName = "[No Variations]"
Add component (AddParameter): Name = "Contact Plating"; Value = "Tin"; VariantName = "[No Variations]"
Add component (AddParameter): Name = "Current Rating"; Value = ""; VariantName = "[No Variations]"
Add component (AddParameter): Name = "Depth"; Value = "1.25mm"; VariantName = "[No Variations]"
Add component (AddParameter): Name = "Design Item ID"; Value = "R100-0805FTK"; VariantName = "[No Variations]"
Add component (AddParameter): Name = "ELV"; Value = ""; VariantName = "[No Variations]"
Add component (AddParameter): Name = "Features"; Value = "Moisture Resistant"; VariantName = "[No Variations]"
Add component (AddParameter): Name = "Height"; Value = "0.5mm"; VariantName = "[No Variations]"
Add component (AddParameter): Name = "Insulation Resistance"; Value = ""; VariantName = "[No Variations]"
Add component (AddParameter): Name = "Lead Free"; Value = ""; VariantName = "[No Variations]"
Add component (AddParameter): Name = "Lead Length"; Value = ""; VariantName = "[No Variations]"
Add component (AddParameter): Name = "Length"; Value = "2mm"; VariantName = "[No Variations]"
Add component (AddParameter): Name = "Manufacturer"; Value = ""; VariantName = "[No Variations]"
Add component (AddParameter): Name = "Manufacturer 1"; Value = "Bourns"; VariantName = "[No Variations]"
Add component (AddParameter): Name = "Manufacturer Part Number"; Value = ""; VariantName = "[No Variations]"
Add component (AddParameter): Name = "Manufacturer Part Number 1"; Value = "CR0805-FX-1000ELF"; VariantName = "[No Variations]"
Add component (AddParameter): Name = "Max Operating Temperature"; Value = "155°C"; VariantName = "[No Variations]"
Add component (AddParameter): Name = "Max Power Dissipation"; Value = "125mW"; VariantName = "[No Variations]"
Add component (AddParameter): Name = "Military Standard"; Value = "Not"; VariantName = "[No Variations]"
Add component (AddParameter): Name = "Min Operating Temperature"; Value = "-55°C"; VariantName = "[No Variations]"
Add component (AddParameter): Name = "Mount"; Value = "Surface Mount"; VariantName = "[No Variations]"
Add component (AddParameter): Name = "Number of Contacts"; Value = ""; VariantName = "[No Variations]"
Add component (AddParameter): Name = "Number of Elements"; Value = ""; VariantName = "[No Variations]"
Add component (AddParameter): Name = "Number of Resistors"; Value = ""; VariantName = "[No Variations]"
Add component (AddParameter): Name = "Number of Terminals/Pins"; Value = ""; VariantName = "[No Variations]"
Add component (AddParameter): Name = "Number of Terminations"; Value = "2"; VariantName = "[No Variations]"
Add component (AddParameter): Name = "Number of Turns"; Value = ""; VariantName = "[No Variations]"
Add component (AddParameter): Name = "Package Quantity"; Value = "1"; VariantName = "[No Variations]"
Add component (AddParameter): Name = "Package Shape"; Value = ""; VariantName = "[No Variations]"
Add component (AddParameter): Name = "Packaging"; Value = "Tape and Reel"; VariantName = "[No Variations]"
Add component (AddParameter): Name = "Pins"; Value = "2"; VariantName = "[No Variations]"
Add component (AddParameter): Name = "Power Per Element"; Value = ""; VariantName = "[No Variations]"
Add component (AddParameter): Name = "Power Rating"; Value = "125mW"; VariantName = "[No Variations]"
Add component (AddParameter): Name = "Pricing 1"; Value = "1=0,05840, 10=0,03430, 25=0,01780, 100=0,00750, 250=0,00560, 500=0,00490, 3000=0,00470 (USD)"; VariantName = "[No Variations]"
Add component (AddParameter): Name = "Radiation Hardening"; Value = "No"; VariantName = "[No Variations]"
Add component (AddParameter): Name = "REACH SVHC"; Value = "No SVHC"; VariantName = "[No Variations]"
Add component (AddParameter): Name = "Resistance"; Value = ""; VariantName = "[No Variations]"
Add component (AddParameter): Name = "Resistance Tolerance"; Value = "1%"; VariantName = "[No Variations]"
Add component (AddParameter): Name = "Resistence"; Value = ""; VariantName = "[No Variations]"
Add component (AddParameter): Name = "Resistor Type"; Value = "Thick Film"; VariantName = "[No Variations]"
Add component (AddParameter): Name = "RoHS"; Value = "Yes"; VariantName = "[No Variations]"
Add component (AddParameter): Name = "RoHS Compliant"; Value = "Yes"; VariantName = "[No Variations]"
Add component (AddParameter): Name = "Series"; Value = "CR0805"; VariantName = "[No Variations]"
Add component (AddParameter): Name = "Size Code"; Value = ""; VariantName = "[No Variations]"
Add component (AddParameter): Name = "Source"; Value = "Passives.SchLib"; VariantName = "[No Variations]"
Add component (AddParameter): Name = "Stock 1"; Value = "49802"; VariantName = "[No Variations]"
Add component (AddParameter): Name = "Taper"; Value = ""; VariantName = "[No Variations]"
Add component (AddParameter): Name = "Technology"; Value = "THICK FILM"; VariantName = "[No Variations]"
Add component (AddParameter): Name = "Temperature Coefficient"; Value = "100ppm/°C"; VariantName = "[No Variations]"
Add component (AddParameter): Name = "Terminal Finish"; Value = ""; VariantName = "[No Variations]"
Add component (AddParameter): Name = "Terminal Pitch"; Value = ""; VariantName = "[No Variations]"
Add component (AddParameter): Name = "Termination"; Value = "SMD/SMT"; VariantName = "[No Variations]"
Add component (AddParameter): Name = "Thickness"; Value = "508um"; VariantName = "[No Variations]"
Add component (AddParameter): Name = "Tolerance"; Value = "1%"; VariantName = "[No Variations]"
Add component (AddParameter): Name = "Value"; Value = "100"; VariantName = "[No Variations]"
Add component (AddParameter): Name = "Voltage Rating"; Value = "150V"; VariantName = "[No Variations]"
Add component (AddParameter): Name = "Voltage Rating (DC)"; Value = "150V"; VariantName = "[No Variations]"
Add component (AddParameter): Name = "Weight"; Value = ""; VariantName = "[No Variations]"
Add component (AddParameter): Name = "Width"; Value = "1.25mm"; VariantName = "[No Variations]"
Add component (AddParameter): Name = "Working Voltage"; Value = ""; VariantName = "[No Variations]"
Added Component: Designator=R515(R0805FTK)
Add component (AddParameter): Name = ".Creator"; Value = "DR"; VariantName = "[No Variations]"
Add component (AddParameter): Name = ".PCBcheck"; Value = ""; VariantName = "[No Variations]"
Add component (AddParameter): Name = ".SCHcheck"; Value = ""; VariantName = "[No Variations]"
Add component (AddParameter): Name = "Case Code (Metric)"; Value = "2012"; VariantName = "[No Variations]"
Add component (AddParameter): Name = "Case/Package"; Value = "0805"; VariantName = "[No Variations]"
Add component (AddParameter): Name = "Category"; Value = "Chip SMD Resistors"; VariantName = "[No Variations]"
Add component (AddParameter): Name = "Circuit Type"; Value = ""; VariantName = "[No Variations]"
Add component (AddParameter): Name = "Color"; Value = ""; VariantName = "[No Variations]"
Add component (AddParameter): Name = "ComponentLink1Description"; Value = "https://datasheet.ciiva.com/11809/0900766b80fcdb72-11809178.pdf?src-supplier=RSComponents"; VariantName = "[No Variations]"
Add component (AddParameter): Name = "ComponentLink1URL"; Value = "https://datasheet.ciiva.com/11809/0900766b80fcdb72-11809178.pdf?src-supplier=RSComponents"; VariantName = "[No Variations]"
Add component (AddParameter): Name = "ComponentLink2Description"; Value = "https://datasheet.ciiva.com/6547/chpreztr-6547413.pdf?src-supplier=Digi-Key"; VariantName = "[No Variations]"
Add component (AddParameter): Name = "ComponentLink2URL"; Value = "https://datasheet.ciiva.com/6547/chpreztr-6547413.pdf?src-supplier=Digi-Key"; VariantName = "[No Variations]"
Add component (AddParameter): Name = "ComponentLink3Description"; Value = "https://datasheet.ciiva.com/6547/chpreztr-6547414.pdf?src-supplier=Digi-Key"; VariantName = "[No Variations]"
Add component (AddParameter): Name = "ComponentLink3URL"; Value = "https://datasheet.ciiva.com/6547/chpreztr-6547414.pdf?src-supplier=Digi-Key"; VariantName = "[No Variations]"
Add component (AddParameter): Name = "ComponentLink4Description"; Value = "https://datasheet.ciiva.com/6547/chpreztr-6547415.pdf?src-supplier=Digi-Key"; VariantName = "[No Variations]"
Add component (AddParameter): Name = "ComponentLink4URL"; Value = "https://datasheet.ciiva.com/6547/chpreztr-6547415.pdf?src-supplier=Digi-Key"; VariantName = "[No Variations]"
Add component (AddParameter): Name = "ComponentLink5Description"; Value = "https://datasheet.ciiva.com/9120/chpreztr-9120744.pdf?src-supplier=Avnet"; VariantName = "[No Variations]"
Add component (AddParameter): Name = "ComponentLink5URL"; Value = "https://datasheet.ciiva.com/9120/chpreztr-9120744.pdf?src-supplier=Avnet"; VariantName = "[No Variations]"
Add component (AddParameter): Name = "Construction"; Value = "Rectangular"; VariantName = "[No Variations]"
Add component (AddParameter): Name = "Contact Plating"; Value = "Tin"; VariantName = "[No Variations]"
Add component (AddParameter): Name = "Current Rating"; Value = ""; VariantName = "[No Variations]"
Add component (AddParameter): Name = "Depth"; Value = "1.25mm"; VariantName = "[No Variations]"
Add component (AddParameter): Name = "Design Item ID"; Value = "R100-0805FTK"; VariantName = "[No Variations]"
Add component (AddParameter): Name = "ELV"; Value = ""; VariantName = "[No Variations]"
Add component (AddParameter): Name = "Features"; Value = "Moisture Resistant"; VariantName = "[No Variations]"
Add component (AddParameter): Name = "Height"; Value = "0.5mm"; VariantName = "[No Variations]"
Add component (AddParameter): Name = "Insulation Resistance"; Value = ""; VariantName = "[No Variations]"
Add component (AddParameter): Name = "Lead Free"; Value = ""; VariantName = "[No Variations]"
Add component (AddParameter): Name = "Lead Length"; Value = ""; VariantName = "[No Variations]"
Add component (AddParameter): Name = "Length"; Value = "2mm"; VariantName = "[No Variations]"
Add component (AddParameter): Name = "Manufacturer"; Value = ""; VariantName = "[No Variations]"
Add component (AddParameter): Name = "Manufacturer 1"; Value = "Bourns"; VariantName = "[No Variations]"
Add component (AddParameter): Name = "Manufacturer Part Number"; Value = ""; VariantName = "[No Variations]"
Add component (AddParameter): Name = "Manufacturer Part Number 1"; Value = "CR0805-FX-1000ELF"; VariantName = "[No Variations]"
Add component (AddParameter): Name = "Max Operating Temperature"; Value = "155°C"; VariantName = "[No Variations]"
Add component (AddParameter): Name = "Max Power Dissipation"; Value = "125mW"; VariantName = "[No Variations]"
Add component (AddParameter): Name = "Military Standard"; Value = "Not"; VariantName = "[No Variations]"
Add component (AddParameter): Name = "Min Operating Temperature"; Value = "-55°C"; VariantName = "[No Variations]"
Add component (AddParameter): Name = "Mount"; Value = "Surface Mount"; VariantName = "[No Variations]"
Add component (AddParameter): Name = "Number of Contacts"; Value = ""; VariantName = "[No Variations]"
Add component (AddParameter): Name = "Number of Elements"; Value = ""; VariantName = "[No Variations]"
Add component (AddParameter): Name = "Number of Resistors"; Value = ""; VariantName = "[No Variations]"
Add component (AddParameter): Name = "Number of Terminals/Pins"; Value = ""; VariantName = "[No Variations]"
Add component (AddParameter): Name = "Number of Terminations"; Value = "2"; VariantName = "[No Variations]"
Add component (AddParameter): Name = "Number of Turns"; Value = ""; VariantName = "[No Variations]"
Add component (AddParameter): Name = "Package Quantity"; Value = "1"; VariantName = "[No Variations]"
Add component (AddParameter): Name = "Package Shape"; Value = ""; VariantName = "[No Variations]"
Add component (AddParameter): Name = "Packaging"; Value = "Tape and Reel"; VariantName = "[No Variations]"
Add component (AddParameter): Name = "Pins"; Value = "2"; VariantName = "[No Variations]"
Add component (AddParameter): Name = "Power Per Element"; Value = ""; VariantName = "[No Variations]"
Add component (AddParameter): Name = "Power Rating"; Value = "125mW"; VariantName = "[No Variations]"
Add component (AddParameter): Name = "Pricing 1"; Value = "1=0,05840, 10=0,03430, 25=0,01780, 100=0,00750, 250=0,00560, 500=0,00490, 3000=0,00470 (USD)"; VariantName = "[No Variations]"
Add component (AddParameter): Name = "Radiation Hardening"; Value = "No"; VariantName = "[No Variations]"
Add component (AddParameter): Name = "REACH SVHC"; Value = "No SVHC"; VariantName = "[No Variations]"
Add component (AddParameter): Name = "Resistance"; Value = ""; VariantName = "[No Variations]"
Add component (AddParameter): Name = "Resistance Tolerance"; Value = "1%"; VariantName = "[No Variations]"
Add component (AddParameter): Name = "Resistence"; Value = ""; VariantName = "[No Variations]"
Add component (AddParameter): Name = "Resistor Type"; Value = "Thick Film"; VariantName = "[No Variations]"
Add component (AddParameter): Name = "RoHS"; Value = "Yes"; VariantName = "[No Variations]"
Add component (AddParameter): Name = "RoHS Compliant"; Value = "Yes"; VariantName = "[No Variations]"
Add component (AddParameter): Name = "Series"; Value = "CR0805"; VariantName = "[No Variations]"
Add component (AddParameter): Name = "Size Code"; Value = ""; VariantName = "[No Variations]"
Add component (AddParameter): Name = "Source"; Value = "Passives.SchLib"; VariantName = "[No Variations]"
Add component (AddParameter): Name = "Stock 1"; Value = "49802"; VariantName = "[No Variations]"
Add component (AddParameter): Name = "Taper"; Value = ""; VariantName = "[No Variations]"
Add component (AddParameter): Name = "Technology"; Value = "THICK FILM"; VariantName = "[No Variations]"
Add component (AddParameter): Name = "Temperature Coefficient"; Value = "100ppm/°C"; VariantName = "[No Variations]"
Add component (AddParameter): Name = "Terminal Finish"; Value = ""; VariantName = "[No Variations]"
Add component (AddParameter): Name = "Terminal Pitch"; Value = ""; VariantName = "[No Variations]"
Add component (AddParameter): Name = "Termination"; Value = "SMD/SMT"; VariantName = "[No Variations]"
Add component (AddParameter): Name = "Thickness"; Value = "508um"; VariantName = "[No Variations]"
Add component (AddParameter): Name = "Tolerance"; Value = "1%"; VariantName = "[No Variations]"
Add component (AddParameter): Name = "Value"; Value = "100"; VariantName = "[No Variations]"
Add component (AddParameter): Name = "Voltage Rating"; Value = "150V"; VariantName = "[No Variations]"
Add component (AddParameter): Name = "Voltage Rating (DC)"; Value = "150V"; VariantName = "[No Variations]"
Add component (AddParameter): Name = "Weight"; Value = ""; VariantName = "[No Variations]"
Add component (AddParameter): Name = "Width"; Value = "1.25mm"; VariantName = "[No Variations]"
Add component (AddParameter): Name = "Working Voltage"; Value = ""; VariantName = "[No Variations]"
Added Component: Designator=R516(0805)
Add component (AddParameter): Name = "Case/Package"; Value = "0805"; VariantName = "[No Variations]"
Add component (AddParameter): Name = "Max Operating Temperature"; Value = "155°C"; VariantName = "[No Variations]"
Add component (AddParameter): Name = "Min Operating Temperature"; Value = "-55°C"; VariantName = "[No Variations]"
Add component (AddParameter): Name = "Mounting Technology"; Value = "Surface Mount"; VariantName = "[No Variations]"
Add component (AddParameter): Name = "Pins"; Value = "2"; VariantName = "[No Variations]"
Add component (AddParameter): Name = "Power"; Value = "125mW"; VariantName = "[No Variations]"
Add component (AddParameter): Name = "Resistance"; Value = ""; VariantName = "[No Variations]"
Add component (AddParameter): Name = "RoHS Compliant"; Value = "Yes"; VariantName = "[No Variations]"
Add component (AddParameter): Name = "Tolerance"; Value = "1%"; VariantName = "[No Variations]"
Add component (AddParameter): Name = "Value"; Value = "560k"; VariantName = "[No Variations]"
Add component (AddParameter): Name = "Voltage Rating"; Value = ""; VariantName = "[No Variations]"
Added Component: Designator=R517(0805)
Add component (AddParameter): Name = "Case/Package"; Value = "0805"; VariantName = "[No Variations]"
Add component (AddParameter): Name = "Max Operating Temperature"; Value = "155°C"; VariantName = "[No Variations]"
Add component (AddParameter): Name = "Min Operating Temperature"; Value = "-55°C"; VariantName = "[No Variations]"
Add component (AddParameter): Name = "Mounting Technology"; Value = "Surface Mount"; VariantName = "[No Variations]"
Add component (AddParameter): Name = "Pins"; Value = "2"; VariantName = "[No Variations]"
Add component (AddParameter): Name = "Power"; Value = "125mW"; VariantName = "[No Variations]"
Add component (AddParameter): Name = "Resistance"; Value = ""; VariantName = "[No Variations]"
Add component (AddParameter): Name = "RoHS Compliant"; Value = "Yes"; VariantName = "[No Variations]"
Add component (AddParameter): Name = "Tolerance"; Value = "1%"; VariantName = "[No Variations]"
Add component (AddParameter): Name = "Value"; Value = "560k"; VariantName = "[No Variations]"
Add component (AddParameter): Name = "Voltage Rating"; Value = ""; VariantName = "[No Variations]"
Added Component: Designator=R518(0805)
Add component (AddParameter): Name = "Case/Package"; Value = "0805"; VariantName = "[No Variations]"
Add component (AddParameter): Name = "Max Operating Temperature"; Value = "155°C"; VariantName = "[No Variations]"
Add component (AddParameter): Name = "Min Operating Temperature"; Value = "-55°C"; VariantName = "[No Variations]"
Add component (AddParameter): Name = "Mounting Technology"; Value = "Surface Mount"; VariantName = "[No Variations]"
Add component (AddParameter): Name = "Pins"; Value = "2"; VariantName = "[No Variations]"
Add component (AddParameter): Name = "Power"; Value = "125mW"; VariantName = "[No Variations]"
Add component (AddParameter): Name = "Resistance"; Value = ""; VariantName = "[No Variations]"
Add component (AddParameter): Name = "RoHS Compliant"; Value = "Yes"; VariantName = "[No Variations]"
Add component (AddParameter): Name = "Tolerance"; Value = "1%"; VariantName = "[No Variations]"
Add component (AddParameter): Name = "Value"; Value = "560k"; VariantName = "[No Variations]"
Add component (AddParameter): Name = "Voltage Rating"; Value = ""; VariantName = "[No Variations]"
Added Component: Designator=R519(0805)
Add component (AddParameter): Name = "Case/Package"; Value = "0805"; VariantName = "[No Variations]"
Add component (AddParameter): Name = "Max Operating Temperature"; Value = "155°C"; VariantName = "[No Variations]"
Add component (AddParameter): Name = "Min Operating Temperature"; Value = "-55°C"; VariantName = "[No Variations]"
Add component (AddParameter): Name = "Mounting Technology"; Value = "Surface Mount"; VariantName = "[No Variations]"
Add component (AddParameter): Name = "Pins"; Value = "2"; VariantName = "[No Variations]"
Add component (AddParameter): Name = "Power"; Value = "125mW"; VariantName = "[No Variations]"
Add component (AddParameter): Name = "Resistance"; Value = ""; VariantName = "[No Variations]"
Add component (AddParameter): Name = "RoHS Compliant"; Value = "Yes"; VariantName = "[No Variations]"
Add component (AddParameter): Name = "Tolerance"; Value = "1%"; VariantName = "[No Variations]"
Add component (AddParameter): Name = "Value"; Value = "560k"; VariantName = "[No Variations]"
Add component (AddParameter): Name = "Voltage Rating"; Value = ""; VariantName = "[No Variations]"
Added Component: Designator=R701(R0805FTK)
Add component (AddParameter): Name = ".Creator"; Value = "DR"; VariantName = "[No Variations]"
Add component (AddParameter): Name = ".PCBcheck"; Value = ""; VariantName = "[No Variations]"
Add component (AddParameter): Name = ".SCHcheck"; Value = ""; VariantName = "[No Variations]"
Add component (AddParameter): Name = "Case Code (Metric)"; Value = "2012"; VariantName = "[No Variations]"
Add component (AddParameter): Name = "Case/Package"; Value = "0805"; VariantName = "[No Variations]"
Add component (AddParameter): Name = "Category"; Value = "Chip SMD Resistors"; VariantName = "[No Variations]"
Add component (AddParameter): Name = "Circuit Type"; Value = ""; VariantName = "[No Variations]"
Add component (AddParameter): Name = "Color"; Value = ""; VariantName = "[No Variations]"
Add component (AddParameter): Name = "ComponentLink1Description"; Value = "https://datasheet.ciiva.com/11808/0900766b80fcdb72-11808686.pdf?src-supplier=RSComponents"; VariantName = "[No Variations]"
Add component (AddParameter): Name = "ComponentLink1URL"; Value = "https://datasheet.ciiva.com/11808/0900766b80fcdb72-11808686.pdf?src-supplier=RSComponents"; VariantName = "[No Variations]"
Add component (AddParameter): Name = "ComponentLink2Description"; Value = "https://datasheet.ciiva.com/7985/1856384-7985880.pdf?src-supplier=Element14"; VariantName = "[No Variations]"
Add component (AddParameter): Name = "ComponentLink2URL"; Value = "https://datasheet.ciiva.com/7985/1856384-7985880.pdf?src-supplier=Element14"; VariantName = "[No Variations]"
Add component (AddParameter): Name = "ComponentLink3Description"; Value = "https://datasheet.ciiva.com/22693/1902866-22693247.pdf?src-supplier=Element14"; VariantName = "[No Variations]"
Add component (AddParameter): Name = "ComponentLink3URL"; Value = "https://datasheet.ciiva.com/22693/1902866-22693247.pdf?src-supplier=Element14"; VariantName = "[No Variations]"
Add component (AddParameter): Name = "ComponentLink4Description"; Value = "https://datasheet.ciiva.com/5541/chpreztr-5541930.pdf?src-supplier=Mouser"; VariantName = "[No Variations]"
Add component (AddParameter): Name = "ComponentLink4URL"; Value = "https://datasheet.ciiva.com/5541/chpreztr-5541930.pdf?src-supplier=Mouser"; VariantName = "[No Variations]"
Add component (AddParameter): Name = "Construction"; Value = "Rectangular"; VariantName = "[No Variations]"
Add component (AddParameter): Name = "Contact Plating"; Value = "Tin"; VariantName = "[No Variations]"
Add component (AddParameter): Name = "Current Rating"; Value = ""; VariantName = "[No Variations]"
Add component (AddParameter): Name = "Depth"; Value = "1.25mm"; VariantName = "[No Variations]"
Add component (AddParameter): Name = "Design Item ID"; Value = "R470-0805FTK"; VariantName = "[No Variations]"
Add component (AddParameter): Name = "ELV"; Value = ""; VariantName = "[No Variations]"
Add component (AddParameter): Name = "Features"; Value = "Moisture Resistant"; VariantName = "[No Variations]"
Add component (AddParameter): Name = "Height"; Value = "0.5mm"; VariantName = "[No Variations]"
Add component (AddParameter): Name = "Insulation Resistance"; Value = ""; VariantName = "[No Variations]"
Add component (AddParameter): Name = "Lead Free"; Value = ""; VariantName = "[No Variations]"
Add component (AddParameter): Name = "Lead Length"; Value = ""; VariantName = "[No Variations]"
Add component (AddParameter): Name = "Length"; Value = "2mm"; VariantName = "[No Variations]"
Add component (AddParameter): Name = "Manufacturer"; Value = ""; VariantName = "[No Variations]"
Add component (AddParameter): Name = "Manufacturer 1"; Value = "Bourns"; VariantName = "[No Variations]"
Add component (AddParameter): Name = "Manufacturer Part Number"; Value = ""; VariantName = "[No Variations]"
Add component (AddParameter): Name = "Manufacturer Part Number 1"; Value = "CR0805-FX-4700GLF"; VariantName = "[No Variations]"
Add component (AddParameter): Name = "Max Operating Temperature"; Value = "155°C"; VariantName = "[No Variations]"
Add component (AddParameter): Name = "Max Power Dissipation"; Value = "125mW"; VariantName = "[No Variations]"
Add component (AddParameter): Name = "Military Standard"; Value = "Not"; VariantName = "[No Variations]"
Add component (AddParameter): Name = "Min Operating Temperature"; Value = "-55°C"; VariantName = "[No Variations]"
Add component (AddParameter): Name = "Mount"; Value = "Surface Mount"; VariantName = "[No Variations]"
Add component (AddParameter): Name = "Number of Contacts"; Value = ""; VariantName = "[No Variations]"
Add component (AddParameter): Name = "Number of Elements"; Value = ""; VariantName = "[No Variations]"
Add component (AddParameter): Name = "Number of Resistors"; Value = ""; VariantName = "[No Variations]"
Add component (AddParameter): Name = "Number of Terminals/Pins"; Value = ""; VariantName = "[No Variations]"
Add component (AddParameter): Name = "Number of Terminations"; Value = "2"; VariantName = "[No Variations]"
Add component (AddParameter): Name = "Number of Turns"; Value = ""; VariantName = "[No Variations]"
Add component (AddParameter): Name = "Package Quantity"; Value = ""; VariantName = "[No Variations]"
Add component (AddParameter): Name = "Package Shape"; Value = ""; VariantName = "[No Variations]"
Add component (AddParameter): Name = "Packaging"; Value = "Tape and Reel"; VariantName = "[No Variations]"
Add component (AddParameter): Name = "Pins"; Value = "2"; VariantName = "[No Variations]"
Add component (AddParameter): Name = "Power Per Element"; Value = ""; VariantName = "[No Variations]"
Add component (AddParameter): Name = "Power Rating"; Value = "125mW"; VariantName = "[No Variations]"
Add component (AddParameter): Name = "Pricing 1"; Value = "1=0,00990, 10=0,00980, 25=0,00950, 50=0,00940, 100=0,00930, 250=0,00920, 500=0,00910, 1000=0,00890, 3000=0,00870, 6000=0,00860 (USD)"; VariantName = "[No Variations]"
Add component (AddParameter): Name = "Radiation Hardening"; Value = "No"; VariantName = "[No Variations]"
Add component (AddParameter): Name = "REACH SVHC"; Value = "No SVHC"; VariantName = "[No Variations]"
Add component (AddParameter): Name = "Resistance"; Value = ""; VariantName = "[No Variations]"
Add component (AddParameter): Name = "Resistance Tolerance"; Value = "1%"; VariantName = "[No Variations]"
Add component (AddParameter): Name = "Resistence"; Value = ""; VariantName = "[No Variations]"
Add component (AddParameter): Name = "Resistor Type"; Value = "Thick Film"; VariantName = "[No Variations]"
Add component (AddParameter): Name = "RoHS"; Value = "Yes"; VariantName = "[No Variations]"
Add component (AddParameter): Name = "RoHS Compliant"; Value = ""; VariantName = "[No Variations]"
Add component (AddParameter): Name = "Series"; Value = "CR0805"; VariantName = "[No Variations]"
Add component (AddParameter): Name = "Size Code"; Value = ""; VariantName = "[No Variations]"
Add component (AddParameter): Name = "Source"; Value = "Passives.SchLib"; VariantName = "[No Variations]"
Add component (AddParameter): Name = "Stock 1"; Value = "12623"; VariantName = "[No Variations]"
Add component (AddParameter): Name = "Taper"; Value = ""; VariantName = "[No Variations]"
Add component (AddParameter): Name = "Technology"; Value = "THICK FILM"; VariantName = "[No Variations]"
Add component (AddParameter): Name = "Temperature Coefficient"; Value = "100ppm/°C"; VariantName = "[No Variations]"
Add component (AddParameter): Name = "Terminal Finish"; Value = ""; VariantName = "[No Variations]"
Add component (AddParameter): Name = "Terminal Pitch"; Value = ""; VariantName = "[No Variations]"
Add component (AddParameter): Name = "Termination"; Value = "SMD/SMT"; VariantName = "[No Variations]"
Add component (AddParameter): Name = "Thickness"; Value = "508um"; VariantName = "[No Variations]"
Add component (AddParameter): Name = "Tolerance"; Value = "1%"; VariantName = "[No Variations]"
Add component (AddParameter): Name = "Value"; Value = "470"; VariantName = "[No Variations]"
Add component (AddParameter): Name = "Voltage Rating"; Value = "150V"; VariantName = "[No Variations]"
Add component (AddParameter): Name = "Voltage Rating (DC)"; Value = "150V"; VariantName = "[No Variations]"
Add component (AddParameter): Name = "Weight"; Value = ""; VariantName = "[No Variations]"
Add component (AddParameter): Name = "Width"; Value = ""; VariantName = "[No Variations]"
Add component (AddParameter): Name = "Working Voltage"; Value = ""; VariantName = "[No Variations]"
Added Component: Designator=R704(0805)
Add component (AddParameter): Name = "Case/Package"; Value = ""; VariantName = "[No Variations]"
Add component (AddParameter): Name = "Max Operating Temperature"; Value = ""; VariantName = "[No Variations]"
Add component (AddParameter): Name = "Min Operating Temperature"; Value = ""; VariantName = "[No Variations]"
Add component (AddParameter): Name = "Mounting Technology"; Value = ""; VariantName = "[No Variations]"
Add component (AddParameter): Name = "Pins"; Value = ""; VariantName = "[No Variations]"
Add component (AddParameter): Name = "Power"; Value = ""; VariantName = "[No Variations]"
Add component (AddParameter): Name = "Resistance"; Value = "10k"; VariantName = "[No Variations]"
Add component (AddParameter): Name = "RoHS Compliant"; Value = ""; VariantName = "[No Variations]"
Add component (AddParameter): Name = "Tolerance"; Value = ""; VariantName = "[No Variations]"
Add component (AddParameter): Name = "Value"; Value = ""; VariantName = "[No Variations]"
Add component (AddParameter): Name = "Voltage Rating"; Value = ""; VariantName = "[No Variations]"
Added Component: Designator=R705(R2512FTK)
Add component (AddParameter): Name = ".Creator"; Value = ""; VariantName = "[No Variations]"
Add component (AddParameter): Name = ".PCBcheck"; Value = ""; VariantName = "[No Variations]"
Add component (AddParameter): Name = ".SCHcheck"; Value = ""; VariantName = "[No Variations]"
Add component (AddParameter): Name = "Capacitance"; Value = ""; VariantName = "[No Variations]"
Add component (AddParameter): Name = "Case Code (Imperial)"; Value = "2512"; VariantName = "[No Variations]"
Add component (AddParameter): Name = "Case Code (Metric)"; Value = "6432"; VariantName = "[No Variations]"
Add component (AddParameter): Name = "Case/Package"; Value = "2512"; VariantName = "[No Variations]"
Add component (AddParameter): Name = "Category"; Value = "Chip SMD Resistors"; VariantName = "[No Variations]"
Add component (AddParameter): Name = "ComponentLink1Description"; Value = "https://datasheet.ciiva.com/48527/wslp-48527354.pdf?src-supplier=Avnet"; VariantName = "[No Variations]"
Add component (AddParameter): Name = "ComponentLink1URL"; Value = "https://datasheet.ciiva.com/48527/wslp-48527354.pdf?src-supplier=Avnet"; VariantName = "[No Variations]"
Add component (AddParameter): Name = "Construction"; Value = ""; VariantName = "[No Variations]"
Add component (AddParameter): Name = "Depth"; Value = ""; VariantName = "[No Variations]"
Add component (AddParameter): Name = "Design Item ID"; Value = "R2M-2512FTK"; VariantName = "[No Variations]"
Add component (AddParameter): Name = "Dielectric"; Value = ""; VariantName = "[No Variations]"
Add component (AddParameter): Name = "Drive level"; Value = ""; VariantName = "[No Variations]"
Add component (AddParameter): Name = "Features"; Value = ""; VariantName = "[No Variations]"
Add component (AddParameter): Name = "Frequency"; Value = ""; VariantName = "[No Variations]"
Add component (AddParameter): Name = "Frequency Stability"; Value = ""; VariantName = "[No Variations]"
Add component (AddParameter): Name = "Halogen Free"; Value = ""; VariantName = "[No Variations]"
Add component (AddParameter): Name = "Height"; Value = "0.635mm"; VariantName = "[No Variations]"
Add component (AddParameter): Name = "Lead Free"; Value = "Lead Free"; VariantName = "[No Variations]"
Add component (AddParameter): Name = "Length"; Value = "6.4mm"; VariantName = "[No Variations]"
Add component (AddParameter): Name = "Manufacturer"; Value = "Vishay Dale"; VariantName = "[No Variations]"
Add component (AddParameter): Name = "Manufacturer Part Number"; Value = "WSLP25122L000FEA"; VariantName = "[No Variations]"
Add component (AddParameter): Name = "Max Operating Temperature"; Value = "170°C"; VariantName = "[No Variations]"
Add component (AddParameter): Name = "Max operating temperature."; Value = ""; VariantName = "[No Variations]"
Add component (AddParameter): Name = "Max power dissipation"; Value = ""; VariantName = "[No Variations]"
Add component (AddParameter): Name = "Min Operating Temperature"; Value = "-65°C"; VariantName = "[No Variations]"
Add component (AddParameter): Name = "Mount"; Value = "Surface Mount"; VariantName = "[No Variations]"
Add component (AddParameter): Name = "Number of pins"; Value = ""; VariantName = "[No Variations]"
Add component (AddParameter): Name = "Package"; Value = ""; VariantName = "[No Variations]"
Add component (AddParameter): Name = "Package Quantity"; Value = "2000"; VariantName = "[No Variations]"
Add component (AddParameter): Name = "Packaging"; Value = "Tape and Reel"; VariantName = "[No Variations]"
Add component (AddParameter): Name = "Power Rating"; Value = "3W"; VariantName = "[No Variations]"
Add component (AddParameter): Name = "Pricing 1"; Value = "1=1,07000, 10=1,07000, 50=1,07000, 100=1,07000, 1000=0,77100, 10000=0,75500 (USD)"; VariantName = "[No Variations]"
Add component (AddParameter): Name = "Radiation Hardening"; Value = ""; VariantName = "[No Variations]"
Add component (AddParameter): Name = "REACH SVHC"; Value = ""; VariantName = "[No Variations]"
Add component (AddParameter): Name = "Resistance"; Value = "2M"; VariantName = "[No Variations]"
Add component (AddParameter): Name = "Resistor Type"; Value = "Metal Strip"; VariantName = "[No Variations]"
Add component (AddParameter): Name = "RoHS"; Value = "Yes"; VariantName = "[No Variations]"
Add component (AddParameter): Name = "RoHS Compliant"; Value = "Yes"; VariantName = "[No Variations]"
Add component (AddParameter): Name = "Series"; Value = "WSLP"; VariantName = "[No Variations]"
Add component (AddParameter): Name = "Size Code"; Value = "2512"; VariantName = "[No Variations]"
Add component (AddParameter): Name = "Source"; Value = "Passives.SchLib"; VariantName = "[No Variations]"
Add component (AddParameter): Name = "Stock 1"; Value = "11994"; VariantName = "[No Variations]"
Add component (AddParameter): Name = "Temperature Coefficient"; Value = "275ppm/°C"; VariantName = "[No Variations]"
Add component (AddParameter): Name = "Termination"; Value = "SMD/SMT"; VariantName = "[No Variations]"
Add component (AddParameter): Name = "Thickness"; Value = ""; VariantName = "[No Variations]"
Add component (AddParameter): Name = "Tolerance"; Value = "1%"; VariantName = "[No Variations]"
Add component (AddParameter): Name = "Type"; Value = ""; VariantName = "[No Variations]"
Add component (AddParameter): Name = "Voltage Rating"; Value = ""; VariantName = "[No Variations]"
Add component (AddParameter): Name = "Voltage Rating (DC)"; Value = ""; VariantName = "[No Variations]"
Add component (AddParameter): Name = "Weight"; Value = "0.001429oz"; VariantName = "[No Variations]"
Add component (AddParameter): Name = "Width"; Value = "3.2mm"; VariantName = "[No Variations]"
Added Component: Designator=R707(0805)
Add component (AddParameter): Name = "Case/Package"; Value = "0805"; VariantName = "[No Variations]"
Add component (AddParameter): Name = "Max Operating Temperature"; Value = "155°C"; VariantName = "[No Variations]"
Add component (AddParameter): Name = "Min Operating Temperature"; Value = "-55°C"; VariantName = "[No Variations]"
Add component (AddParameter): Name = "Mounting Technology"; Value = "Surface Mount"; VariantName = "[No Variations]"
Add component (AddParameter): Name = "Pins"; Value = "2"; VariantName = "[No Variations]"
Add component (AddParameter): Name = "Power"; Value = "125mW"; VariantName = "[No Variations]"
Add component (AddParameter): Name = "Resistance"; Value = ""; VariantName = "[No Variations]"
Add component (AddParameter): Name = "RoHS Compliant"; Value = "Yes"; VariantName = "[No Variations]"
Add component (AddParameter): Name = "Tolerance"; Value = "1%"; VariantName = "[No Variations]"
Add component (AddParameter): Name = "Value"; Value = "51k"; VariantName = "[No Variations]"
Add component (AddParameter): Name = "Voltage Rating"; Value = ""; VariantName = "[No Variations]"
Added Component: Designator=R901(0805)
Add component (AddParameter): Name = "Case/Package"; Value = ""; VariantName = "[No Variations]"
Add component (AddParameter): Name = "Max Operating Temperature"; Value = ""; VariantName = "[No Variations]"
Add component (AddParameter): Name = "Min Operating Temperature"; Value = ""; VariantName = "[No Variations]"
Add component (AddParameter): Name = "Mounting Technology"; Value = ""; VariantName = "[No Variations]"
Add component (AddParameter): Name = "Pins"; Value = ""; VariantName = "[No Variations]"
Add component (AddParameter): Name = "Power"; Value = ""; VariantName = "[No Variations]"
Add component (AddParameter): Name = "Resistance"; Value = "10k"; VariantName = "[No Variations]"
Add component (AddParameter): Name = "RoHS Compliant"; Value = ""; VariantName = "[No Variations]"
Add component (AddParameter): Name = "Tolerance"; Value = ""; VariantName = "[No Variations]"
Add component (AddParameter): Name = "Value"; Value = ""; VariantName = "[No Variations]"
Add component (AddParameter): Name = "Voltage Rating"; Value = ""; VariantName = "[No Variations]"
Added Component: Designator=TP503(TestPoint)
Add component (AddParameter): Name = ".Creator"; Value = "GP"; VariantName = "[No Variations]"
Add component (AddParameter): Name = ".PCBcheck"; Value = "GP"; VariantName = "[No Variations]"
Add component (AddParameter): Name = ".SCHcheck"; Value = "GP"; VariantName = "[No Variations]"
Add component (AddParameter): Name = "Category"; Value = "TestPoint"; VariantName = "[No Variations]"
Add component (AddParameter): Name = "Checked by"; Value = ""; VariantName = "[No Variations]"
Add component (AddParameter): Name = "Design Item ID"; Value = "TestPoint"; VariantName = "[No Variations]"
Add component (AddParameter): Name = "Size"; Value = ""; VariantName = "[No Variations]"
Add component (AddParameter): Name = "Source"; Value = "e-Tech_Racing.SchLib"; VariantName = "[No Variations]"
Added Component: Designator=TP504(TestPoint)
Add component (AddParameter): Name = ".Creator"; Value = "GP"; VariantName = "[No Variations]"
Add component (AddParameter): Name = ".PCBcheck"; Value = "GP"; VariantName = "[No Variations]"
Add component (AddParameter): Name = ".SCHcheck"; Value = "GP"; VariantName = "[No Variations]"
Add component (AddParameter): Name = "Category"; Value = "TestPoint"; VariantName = "[No Variations]"
Add component (AddParameter): Name = "Checked by"; Value = ""; VariantName = "[No Variations]"
Add component (AddParameter): Name = "Design Item ID"; Value = "TestPoint"; VariantName = "[No Variations]"
Add component (AddParameter): Name = "Size"; Value = ""; VariantName = "[No Variations]"
Add component (AddParameter): Name = "Source"; Value = "e-Tech_Racing.SchLib"; VariantName = "[No Variations]"
Added Component: Designator=TP505(TestPoint)
Add component (AddParameter): Name = ".Creator"; Value = "GP"; VariantName = "[No Variations]"
Add component (AddParameter): Name = ".PCBcheck"; Value = "GP"; VariantName = "[No Variations]"
Add component (AddParameter): Name = ".SCHcheck"; Value = "GP"; VariantName = "[No Variations]"
Add component (AddParameter): Name = "Category"; Value = "TestPoint"; VariantName = "[No Variations]"
Add component (AddParameter): Name = "Checked by"; Value = ""; VariantName = "[No Variations]"
Add component (AddParameter): Name = "Design Item ID"; Value = "TestPoint"; VariantName = "[No Variations]"
Add component (AddParameter): Name = "Size"; Value = ""; VariantName = "[No Variations]"
Add component (AddParameter): Name = "Source"; Value = "e-Tech_Racing.SchLib"; VariantName = "[No Variations]"
Added Component: Designator=TP508(TestPoint)
Add component (AddParameter): Name = ".Creator"; Value = "GP"; VariantName = "[No Variations]"
Add component (AddParameter): Name = ".PCBcheck"; Value = "GP"; VariantName = "[No Variations]"
Add component (AddParameter): Name = ".SCHcheck"; Value = "GP"; VariantName = "[No Variations]"
Add component (AddParameter): Name = "Category"; Value = "TestPoint"; VariantName = "[No Variations]"
Add component (AddParameter): Name = "Checked by"; Value = ""; VariantName = "[No Variations]"
Add component (AddParameter): Name = "Design Item ID"; Value = "TestPoint"; VariantName = "[No Variations]"
Add component (AddParameter): Name = "Size"; Value = ""; VariantName = "[No Variations]"
Add component (AddParameter): Name = "Source"; Value = "e-Tech_Racing.SchLib"; VariantName = "[No Variations]"
Added Component: Designator=TP510(TestPoint)
Add component (AddParameter): Name = ".Creator"; Value = "GP"; VariantName = "[No Variations]"
Add component (AddParameter): Name = ".PCBcheck"; Value = "GP"; VariantName = "[No Variations]"
Add component (AddParameter): Name = ".SCHcheck"; Value = "GP"; VariantName = "[No Variations]"
Add component (AddParameter): Name = "Category"; Value = "TestPoint"; VariantName = "[No Variations]"
Add component (AddParameter): Name = "Checked by"; Value = ""; VariantName = "[No Variations]"
Add component (AddParameter): Name = "Design Item ID"; Value = "TestPoint"; VariantName = "[No Variations]"
Add component (AddParameter): Name = "Size"; Value = ""; VariantName = "[No Variations]"
Add component (AddParameter): Name = "Source"; Value = "e-Tech_Racing.SchLib"; VariantName = "[No Variations]"
Added Component: Designator=TP512(TestPoint)
Add component (AddParameter): Name = ".Creator"; Value = "GP"; VariantName = "[No Variations]"
Add component (AddParameter): Name = ".PCBcheck"; Value = "GP"; VariantName = "[No Variations]"
Add component (AddParameter): Name = ".SCHcheck"; Value = "GP"; VariantName = "[No Variations]"
Add component (AddParameter): Name = "Category"; Value = "TestPoint"; VariantName = "[No Variations]"
Add component (AddParameter): Name = "Checked by"; Value = ""; VariantName = "[No Variations]"
Add component (AddParameter): Name = "Design Item ID"; Value = "TestPoint"; VariantName = "[No Variations]"
Add component (AddParameter): Name = "Size"; Value = ""; VariantName = "[No Variations]"
Add component (AddParameter): Name = "Source"; Value = "e-Tech_Racing.SchLib"; VariantName = "[No Variations]"
Added Component: Designator=TP513(TestPoint)
Add component (AddParameter): Name = ".Creator"; Value = "GP"; VariantName = "[No Variations]"
Add component (AddParameter): Name = ".PCBcheck"; Value = "GP"; VariantName = "[No Variations]"
Add component (AddParameter): Name = ".SCHcheck"; Value = "GP"; VariantName = "[No Variations]"
Add component (AddParameter): Name = "Category"; Value = "TestPoint"; VariantName = "[No Variations]"
Add component (AddParameter): Name = "Checked by"; Value = ""; VariantName = "[No Variations]"
Add component (AddParameter): Name = "Design Item ID"; Value = "TestPoint"; VariantName = "[No Variations]"
Add component (AddParameter): Name = "Size"; Value = ""; VariantName = "[No Variations]"
Add component (AddParameter): Name = "Source"; Value = "e-Tech_Racing.SchLib"; VariantName = "[No Variations]"
Added Component: Designator=TP602(TestPoint)
Add component (AddParameter): Name = ".Creator"; Value = "GP"; VariantName = "[No Variations]"
Add component (AddParameter): Name = ".PCBcheck"; Value = "GP"; VariantName = "[No Variations]"
Add component (AddParameter): Name = ".SCHcheck"; Value = "GP"; VariantName = "[No Variations]"
Add component (AddParameter): Name = "Category"; Value = "TestPoint"; VariantName = "[No Variations]"
Add component (AddParameter): Name = "Checked by"; Value = ""; VariantName = "[No Variations]"
Add component (AddParameter): Name = "Design Item ID"; Value = "TestPoint"; VariantName = "[No Variations]"
Add component (AddParameter): Name = "Size"; Value = ""; VariantName = "[No Variations]"
Add component (AddParameter): Name = "Source"; Value = "e-Tech_Racing.SchLib"; VariantName = "[No Variations]"
Added Component: Designator=TP702(TestPoint)
Add component (AddParameter): Name = ".Creator"; Value = "GP"; VariantName = "[No Variations]"
Add component (AddParameter): Name = ".PCBcheck"; Value = "GP"; VariantName = "[No Variations]"
Add component (AddParameter): Name = ".SCHcheck"; Value = "GP"; VariantName = "[No Variations]"
Add component (AddParameter): Name = "Category"; Value = "TestPoint"; VariantName = "[No Variations]"
Add component (AddParameter): Name = "Checked by"; Value = ""; VariantName = "[No Variations]"
Add component (AddParameter): Name = "Design Item ID"; Value = "TestPoint"; VariantName = "[No Variations]"
Add component (AddParameter): Name = "Size"; Value = ""; VariantName = "[No Variations]"
Add component (AddParameter): Name = "Source"; Value = "e-Tech_Racing.SchLib"; VariantName = "[No Variations]"
Added Component: Designator=TP704(TestPoint)
Add component (AddParameter): Name = ".Creator"; Value = "GP"; VariantName = "[No Variations]"
Add component (AddParameter): Name = ".PCBcheck"; Value = "GP"; VariantName = "[No Variations]"
Add component (AddParameter): Name = ".SCHcheck"; Value = "GP"; VariantName = "[No Variations]"
Add component (AddParameter): Name = "Category"; Value = "TestPoint"; VariantName = "[No Variations]"
Add component (AddParameter): Name = "Checked by"; Value = ""; VariantName = "[No Variations]"
Add component (AddParameter): Name = "Design Item ID"; Value = "TestPoint"; VariantName = "[No Variations]"
Add component (AddParameter): Name = "Size"; Value = ""; VariantName = "[No Variations]"
Add component (AddParameter): Name = "Source"; Value = "e-Tech_Racing.SchLib"; VariantName = "[No Variations]"
Added Component: Designator=TP705(TestPoint)
Add component (AddParameter): Name = ".Creator"; Value = "GP"; VariantName = "[No Variations]"
Add component (AddParameter): Name = ".PCBcheck"; Value = "GP"; VariantName = "[No Variations]"
Add component (AddParameter): Name = ".SCHcheck"; Value = "GP"; VariantName = "[No Variations]"
Add component (AddParameter): Name = "Category"; Value = "TestPoint"; VariantName = "[No Variations]"
Add component (AddParameter): Name = "Checked by"; Value = ""; VariantName = "[No Variations]"
Add component (AddParameter): Name = "Design Item ID"; Value = "TestPoint"; VariantName = "[No Variations]"
Add component (AddParameter): Name = "Size"; Value = ""; VariantName = "[No Variations]"
Add component (AddParameter): Name = "Source"; Value = "e-Tech_Racing.SchLib"; VariantName = "[No Variations]"
Added Component: Designator=TP802(TestPoint)
Add component (AddParameter): Name = ".Creator"; Value = "GP"; VariantName = "[No Variations]"
Add component (AddParameter): Name = ".PCBcheck"; Value = "GP"; VariantName = "[No Variations]"
Add component (AddParameter): Name = ".SCHcheck"; Value = "GP"; VariantName = "[No Variations]"
Add component (AddParameter): Name = "Category"; Value = "TestPoint"; VariantName = "[No Variations]"
Add component (AddParameter): Name = "Checked by"; Value = ""; VariantName = "[No Variations]"
Add component (AddParameter): Name = "Design Item ID"; Value = "TestPoint"; VariantName = "[No Variations]"
Add component (AddParameter): Name = "Size"; Value = ""; VariantName = "[No Variations]"
Add component (AddParameter): Name = "Source"; Value = "e-Tech_Racing.SchLib"; VariantName = "[No Variations]"
Added Component: Designator=TP901(TestPoint)
Add component (AddParameter): Name = ".Creator"; Value = "GP"; VariantName = "[No Variations]"
Add component (AddParameter): Name = ".PCBcheck"; Value = "GP"; VariantName = "[No Variations]"
Add component (AddParameter): Name = ".SCHcheck"; Value = "GP"; VariantName = "[No Variations]"
Add component (AddParameter): Name = "Category"; Value = "TestPoint"; VariantName = "[No Variations]"
Add component (AddParameter): Name = "Checked by"; Value = ""; VariantName = "[No Variations]"
Add component (AddParameter): Name = "Design Item ID"; Value = "TestPoint"; VariantName = "[No Variations]"
Add component (AddParameter): Name = "Size"; Value = ""; VariantName = "[No Variations]"
Add component (AddParameter): Name = "Source"; Value = "e-Tech_Racing.SchLib"; VariantName = "[No Variations]"
Added Component: Designator=U503(D0014A_N)
Add component (AddParameter): Name = "Case/Package"; Value = "SOP"; VariantName = "[No Variations]"
Add component (AddParameter): Name = "Channels"; Value = "4"; VariantName = "[No Variations]"
Add component (AddParameter): Name = "Connector Type"; Value = ""; VariantName = "[No Variations]"
Add component (AddParameter): Name = "Frequency"; Value = ""; VariantName = "[No Variations]"
Add component (AddParameter): Name = "Gender"; Value = ""; VariantName = "[No Variations]"
Add component (AddParameter): Name = "Max Current Rating"; Value = ""; VariantName = "[No Variations]"
Add component (AddParameter): Name = "Max Operating Temperature"; Value = "70°C"; VariantName = "[No Variations]"
Add component (AddParameter): Name = "Max Supply Voltage"; Value = ""; VariantName = "[No Variations]"
Add component (AddParameter): Name = "Min Operating Temperature"; Value = "0°C"; VariantName = "[No Variations]"
Add component (AddParameter): Name = "Min Supply Voltage"; Value = ""; VariantName = "[No Variations]"
Add component (AddParameter): Name = "Mounting Technology"; Value = ""; VariantName = "[No Variations]"
Add component (AddParameter): Name = "Nominal Dual Supply"; Value = ""; VariantName = "[No Variations]"
Add component (AddParameter): Name = "Nominal Gain Bandwidth Product"; Value = ""; VariantName = "[No Variations]"
Add component (AddParameter): Name = "Nominal Supply Voltage"; Value = "5V"; VariantName = "[No Variations]"
Add component (AddParameter): Name = "Output Type"; Value = "OPEN-COLLECTOR"; VariantName = "[No Variations]"
Add component (AddParameter): Name = "Pins"; Value = "14"; VariantName = "[No Variations]"
Add component (AddParameter): Name = "Power"; Value = ""; VariantName = "[No Variations]"
Add component (AddParameter): Name = "RoHS Compliant"; Value = "Yes"; VariantName = "[No Variations]"
Add component (AddParameter): Name = "Voltage Rating"; Value = ""; VariantName = "[No Variations]"
Added Component: Designator=U703(D0014A_N)
Add component (AddParameter): Name = "Case/Package"; Value = "SOP"; VariantName = "[No Variations]"
Add component (AddParameter): Name = "Channels"; Value = "4"; VariantName = "[No Variations]"
Add component (AddParameter): Name = "Connector Type"; Value = ""; VariantName = "[No Variations]"
Add component (AddParameter): Name = "Frequency"; Value = ""; VariantName = "[No Variations]"
Add component (AddParameter): Name = "Gender"; Value = ""; VariantName = "[No Variations]"
Add component (AddParameter): Name = "Max Current Rating"; Value = ""; VariantName = "[No Variations]"
Add component (AddParameter): Name = "Max Operating Temperature"; Value = "70°C"; VariantName = "[No Variations]"
Add component (AddParameter): Name = "Max Supply Voltage"; Value = ""; VariantName = "[No Variations]"
Add component (AddParameter): Name = "Min Operating Temperature"; Value = "0°C"; VariantName = "[No Variations]"
Add component (AddParameter): Name = "Min Supply Voltage"; Value = ""; VariantName = "[No Variations]"
Add component (AddParameter): Name = "Mounting Technology"; Value = ""; VariantName = "[No Variations]"
Add component (AddParameter): Name = "Nominal Dual Supply"; Value = ""; VariantName = "[No Variations]"
Add component (AddParameter): Name = "Nominal Gain Bandwidth Product"; Value = ""; VariantName = "[No Variations]"
Add component (AddParameter): Name = "Nominal Supply Voltage"; Value = "5V"; VariantName = "[No Variations]"
Add component (AddParameter): Name = "Output Type"; Value = "OPEN-COLLECTOR"; VariantName = "[No Variations]"
Add component (AddParameter): Name = "Pins"; Value = "14"; VariantName = "[No Variations]"
Add component (AddParameter): Name = "Power"; Value = ""; VariantName = "[No Variations]"
Add component (AddParameter): Name = "RoHS Compliant"; Value = "Yes"; VariantName = "[No Variations]"
Add component (AddParameter): Name = "Voltage Rating"; Value = ""; VariantName = "[No Variations]"
Added Component: Designator=U901(PLB171)
Add component (AddParameter): Name = "Case/Package"; Value = ""; VariantName = "[No Variations]"
Add component (AddParameter): Name = "Max Operating Temperature"; Value = ""; VariantName = "[No Variations]"
Add component (AddParameter): Name = "Max Supply Voltage"; Value = ""; VariantName = "[No Variations]"
Add component (AddParameter): Name = "Min Operating Temperature"; Value = ""; VariantName = "[No Variations]"
Add component (AddParameter): Name = "Min Supply Voltage"; Value = ""; VariantName = "[No Variations]"
Add component (AddParameter): Name = "Mounting Technology"; Value = ""; VariantName = "[No Variations]"
Add component (AddParameter): Name = "Optoelectronic Device Type"; Value = "TRANSISTOR OUTPUT SSR"; VariantName = "[No Variations]"
Add component (AddParameter): Name = "Pins"; Value = ""; VariantName = "[No Variations]"
Add component (AddParameter): Name = "Reach SVHC Compliant"; Value = "Yes"; VariantName = "[No Variations]"
Add component (AddParameter): Name = "RoHS Compliant"; Value = ""; VariantName = "[No Variations]"
Added Component: Designator=Z1(DSC-SOD123)
Add component (AddParameter): Name = ".Creator"; Value = "DO"; VariantName = "[No Variations]"
Add component (AddParameter): Name = ".PCBcheck"; Value = ""; VariantName = "[No Variations]"
Add component (AddParameter): Name = ".SCHcheck"; Value = ""; VariantName = "[No Variations]"
Add component (AddParameter): Name = "Breakdown Voltage"; Value = ""; VariantName = "[No Variations]"
Add component (AddParameter): Name = "Capacitance"; Value = ""; VariantName = "[No Variations]"
Add component (AddParameter): Name = "Case/Package"; Value = "3000"; VariantName = "[No Variations]"
Add component (AddParameter): Name = "Category"; Value = "Zener Diodes"; VariantName = "[No Variations]"
Add component (AddParameter): Name = "Clamping Voltage"; Value = ""; VariantName = "[No Variations]"
Add component (AddParameter): Name = "ComponentLink1Description"; Value = "http://www.mouser.com/ds/2/427/mmsz5225-102133.pdf?src-supplier=Mouser"; VariantName = "[No Variations]"
Add component (AddParameter): Name = "ComponentLink1URL"; Value = "http://www.mouser.com/ds/2/427/mmsz5225-102133.pdf?src-supplier=Mouser"; VariantName = "[No Variations]"
Add component (AddParameter): Name = "ComponentLink2Description"; Value = "http://components.arrow.com/part/dataview/59571956S617370N5680?src-supplier=Arrow+Electronics"; VariantName = "[No Variations]"
Add component (AddParameter): Name = "ComponentLink2URL"; Value = "http://components.arrow.com/part/dataview/59571956S617370N5680?src-supplier=Arrow+Electronics"; VariantName = "[No Variations]"
Add component (AddParameter): Name = "ComponentLink3Description"; Value = "http://www.vishay.com/docs/85774/mmsz5225.pdf?src-supplier=Digi-Key"; VariantName = "[No Variations]"
Add component (AddParameter): Name = "ComponentLink3URL"; Value = "http://www.vishay.com/docs/85774/mmsz5225.pdf?src-supplier=Digi-Key"; VariantName = "[No Variations]"
Add component (AddParameter): Name = "ComponentLink4Description"; Value = "Where buy it"; VariantName = "[No Variations]"
Add component (AddParameter): Name = "ComponentLink4URL"; Value = "https://www.mouser.es/ProductDetail/Vishay-Semiconductors/MMSZ5240C-HE3-08?qs=ESFF34UzhwiGAVchySN1uQ%3D%3D"; VariantName = "[No Variations]"
Add component (AddParameter): Name = "Depth"; Value = ""; VariantName = "[No Variations]"
Add component (AddParameter): Name = "Design Item ID"; Value = "DZ-0.01/75-SOD-123"; VariantName = "[No Variations]"
Add component (AddParameter): Name = "Diode Type"; Value = ""; VariantName = "[No Variations]"
Add component (AddParameter): Name = "Direction"; Value = ""; VariantName = "[No Variations]"
Add component (AddParameter): Name = "Element Configuration"; Value = "Single"; VariantName = "[No Variations]"
Add component (AddParameter): Name = "ESD Protection"; Value = ""; VariantName = "[No Variations]"
Add component (AddParameter): Name = "Forward Current"; Value = ""; VariantName = "[No Variations]"
Add component (AddParameter): Name = "Forward Voltage"; Value = ""; VariantName = "[No Variations]"
Add component (AddParameter): Name = "Height"; Value = ""; VariantName = "[No Variations]"
Add component (AddParameter): Name = "Impedance"; Value = "17R"; VariantName = "[No Variations]"
Add component (AddParameter): Name = "Lead Free"; Value = ""; VariantName = "[No Variations]"
Add component (AddParameter): Name = "Leakage Current"; Value = ""; VariantName = "[No Variations]"
Add component (AddParameter): Name = "Length"; Value = ""; VariantName = "[No Variations]"
Add component (AddParameter): Name = "Manufacturer"; Value = "Vishay"; VariantName = "[No Variations]"
Add component (AddParameter): Name = "Manufacturer Part Number"; Value = "MMSZ5240C-HE3-08"; VariantName = "[No Variations]"
Add component (AddParameter): Name = "Max Operating Temperature"; Value = "150°C"; VariantName = "[No Variations]"
Add component (AddParameter): Name = "Max Power Dissipation"; Value = "500mW"; VariantName = "[No Variations]"
Add component (AddParameter): Name = "Max Reverse Leakage Current"; Value = "3uA"; VariantName = "[No Variations]"
Add component (AddParameter): Name = "Max Surge Current"; Value = ""; VariantName = "[No Variations]"
Add component (AddParameter): Name = "Min Breakdown Voltage"; Value = ""; VariantName = "[No Variations]"
Add component (AddParameter): Name = "Min Operating Temperature"; Value = "-55°C"; VariantName = "[No Variations]"
Add component (AddParameter): Name = "Mount"; Value = "Surface Mount"; VariantName = "[No Variations]"
Add component (AddParameter): Name = "Mounting Technology"; Value = ""; VariantName = "[No Variations]"
Add component (AddParameter): Name = "Number of Bidirectional Channels"; Value = ""; VariantName = "[No Variations]"
Add component (AddParameter): Name = "Number of Channels"; Value = ""; VariantName = "[No Variations]"
Add component (AddParameter): Name = "Number of Elements"; Value = ""; VariantName = "[No Variations]"
Add component (AddParameter): Name = "Packaging"; Value = "Tape and Reel"; VariantName = "[No Variations]"
Add component (AddParameter): Name = "Peak Inverse Voltage"; Value = ""; VariantName = "[No Variations]"
Add component (AddParameter): Name = "Peak Pulse Current"; Value = ""; VariantName = "[No Variations]"
Add component (AddParameter): Name = "Peak Pulse Power"; Value = ""; VariantName = "[No Variations]"
Add component (AddParameter): Name = "Pins"; Value = "2"; VariantName = "[No Variations]"
Add component (AddParameter): Name = "Polarity"; Value = ""; VariantName = "[No Variations]"
Add component (AddParameter): Name = "Power Dissipation"; Value = "500mW"; VariantName = "[No Variations]"
Add component (AddParameter): Name = "Power Line Protection"; Value = ""; VariantName = "[No Variations]"
Add component (AddParameter): Name = "Pricing 1"; Value = "1=0,36000, 10=0,29800, 50=0,29800, 100=0,15800, 1000=0,07100, 10000=0,04700 (USD)"; VariantName = "[No Variations]"
Add component (AddParameter): Name = "Radiation Hardening"; Value = ""; VariantName = "[No Variations]"
Add component (AddParameter): Name = "REACH SVHC"; Value = ""; VariantName = "[No Variations]"
Add component (AddParameter): Name = "Resistor Type"; Value = ""; VariantName = "[No Variations]"
Add component (AddParameter): Name = "Reverse Breakdown Voltage"; Value = ""; VariantName = "[No Variations]"
Add component (AddParameter): Name = "Reverse Standoff Voltage"; Value = ""; VariantName = "[No Variations]"
Add component (AddParameter): Name = "RoHS"; Value = "Yes"; VariantName = "[No Variations]"
Add component (AddParameter): Name = "RoHS Compliant"; Value = "Yes"; VariantName = "[No Variations]"
Add component (AddParameter): Name = "Series"; Value = ""; VariantName = "[No Variations]"
Add component (AddParameter): Name = "Source"; Value = "Filter components.SchLib"; VariantName = "[No Variations]"
Add component (AddParameter): Name = "Stock 1"; Value = "4964"; VariantName = "[No Variations]"
Add component (AddParameter): Name = "Termination"; Value = ""; VariantName = "[No Variations]"
Add component (AddParameter): Name = "Test Current"; Value = ""; VariantName = "[No Variations]"
Add component (AddParameter): Name = "Tolerance"; Value = "2%"; VariantName = "[No Variations]"
Add component (AddParameter): Name = "Voltage Tolerance"; Value = "2%"; VariantName = "[No Variations]"
Add component (AddParameter): Name = "Weight"; Value = "0.000363oz"; VariantName = "[No Variations]"
Add component (AddParameter): Name = "Width"; Value = ""; VariantName = "[No Variations]"
Add component (AddParameter): Name = "Zener Current"; Value = "20mA"; VariantName = "[No Variations]"
Add component (AddParameter): Name = "Zener Voltage"; Value = "10V"; VariantName = "[No Variations]"
Added Component: Designator=Z2(DSC-SOD123)
Add component (AddParameter): Name = ".Creator"; Value = "DO"; VariantName = "[No Variations]"
Add component (AddParameter): Name = ".PCBcheck"; Value = ""; VariantName = "[No Variations]"
Add component (AddParameter): Name = ".SCHcheck"; Value = ""; VariantName = "[No Variations]"
Add component (AddParameter): Name = "Breakdown Voltage"; Value = ""; VariantName = "[No Variations]"
Add component (AddParameter): Name = "Capacitance"; Value = ""; VariantName = "[No Variations]"
Add component (AddParameter): Name = "Case/Package"; Value = "3000"; VariantName = "[No Variations]"
Add component (AddParameter): Name = "Category"; Value = "Zener Diodes"; VariantName = "[No Variations]"
Add component (AddParameter): Name = "Clamping Voltage"; Value = ""; VariantName = "[No Variations]"
Add component (AddParameter): Name = "ComponentLink1Description"; Value = "http://www.mouser.com/ds/2/427/mmsz5225-102133.pdf?src-supplier=Mouser"; VariantName = "[No Variations]"
Add component (AddParameter): Name = "ComponentLink1URL"; Value = "http://www.mouser.com/ds/2/427/mmsz5225-102133.pdf?src-supplier=Mouser"; VariantName = "[No Variations]"
Add component (AddParameter): Name = "ComponentLink2Description"; Value = "http://components.arrow.com/part/dataview/59571956S617370N5680?src-supplier=Arrow+Electronics"; VariantName = "[No Variations]"
Add component (AddParameter): Name = "ComponentLink2URL"; Value = "http://components.arrow.com/part/dataview/59571956S617370N5680?src-supplier=Arrow+Electronics"; VariantName = "[No Variations]"
Add component (AddParameter): Name = "ComponentLink3Description"; Value = "http://www.vishay.com/docs/85774/mmsz5225.pdf?src-supplier=Digi-Key"; VariantName = "[No Variations]"
Add component (AddParameter): Name = "ComponentLink3URL"; Value = "http://www.vishay.com/docs/85774/mmsz5225.pdf?src-supplier=Digi-Key"; VariantName = "[No Variations]"
Add component (AddParameter): Name = "ComponentLink4Description"; Value = "Where buy it"; VariantName = "[No Variations]"
Add component (AddParameter): Name = "ComponentLink4URL"; Value = "https://www.mouser.es/ProductDetail/Vishay-Semiconductors/MMSZ5240C-HE3-08?qs=ESFF34UzhwiGAVchySN1uQ%3D%3D"; VariantName = "[No Variations]"
Add component (AddParameter): Name = "Depth"; Value = ""; VariantName = "[No Variations]"
Add component (AddParameter): Name = "Design Item ID"; Value = "DZ-0.01/75-SOD-123"; VariantName = "[No Variations]"
Add component (AddParameter): Name = "Diode Type"; Value = ""; VariantName = "[No Variations]"
Add component (AddParameter): Name = "Direction"; Value = ""; VariantName = "[No Variations]"
Add component (AddParameter): Name = "Element Configuration"; Value = "Single"; VariantName = "[No Variations]"
Add component (AddParameter): Name = "ESD Protection"; Value = ""; VariantName = "[No Variations]"
Add component (AddParameter): Name = "Forward Current"; Value = ""; VariantName = "[No Variations]"
Add component (AddParameter): Name = "Forward Voltage"; Value = ""; VariantName = "[No Variations]"
Add component (AddParameter): Name = "Height"; Value = ""; VariantName = "[No Variations]"
Add component (AddParameter): Name = "Impedance"; Value = "17R"; VariantName = "[No Variations]"
Add component (AddParameter): Name = "Lead Free"; Value = ""; VariantName = "[No Variations]"
Add component (AddParameter): Name = "Leakage Current"; Value = ""; VariantName = "[No Variations]"
Add component (AddParameter): Name = "Length"; Value = ""; VariantName = "[No Variations]"
Add component (AddParameter): Name = "Manufacturer"; Value = "Vishay"; VariantName = "[No Variations]"
Add component (AddParameter): Name = "Manufacturer Part Number"; Value = "MMSZ5240C-HE3-08"; VariantName = "[No Variations]"
Add component (AddParameter): Name = "Max Operating Temperature"; Value = "150°C"; VariantName = "[No Variations]"
Add component (AddParameter): Name = "Max Power Dissipation"; Value = "500mW"; VariantName = "[No Variations]"
Add component (AddParameter): Name = "Max Reverse Leakage Current"; Value = "3uA"; VariantName = "[No Variations]"
Add component (AddParameter): Name = "Max Surge Current"; Value = ""; VariantName = "[No Variations]"
Add component (AddParameter): Name = "Min Breakdown Voltage"; Value = ""; VariantName = "[No Variations]"
Add component (AddParameter): Name = "Min Operating Temperature"; Value = "-55°C"; VariantName = "[No Variations]"
Add component (AddParameter): Name = "Mount"; Value = "Surface Mount"; VariantName = "[No Variations]"
Add component (AddParameter): Name = "Mounting Technology"; Value = ""; VariantName = "[No Variations]"
Add component (AddParameter): Name = "Number of Bidirectional Channels"; Value = ""; VariantName = "[No Variations]"
Add component (AddParameter): Name = "Number of Channels"; Value = ""; VariantName = "[No Variations]"
Add component (AddParameter): Name = "Number of Elements"; Value = ""; VariantName = "[No Variations]"
Add component (AddParameter): Name = "Packaging"; Value = "Tape and Reel"; VariantName = "[No Variations]"
Add component (AddParameter): Name = "Peak Inverse Voltage"; Value = ""; VariantName = "[No Variations]"
Add component (AddParameter): Name = "Peak Pulse Current"; Value = ""; VariantName = "[No Variations]"
Add component (AddParameter): Name = "Peak Pulse Power"; Value = ""; VariantName = "[No Variations]"
Add component (AddParameter): Name = "Pins"; Value = "2"; VariantName = "[No Variations]"
Add component (AddParameter): Name = "Polarity"; Value = ""; VariantName = "[No Variations]"
Add component (AddParameter): Name = "Power Dissipation"; Value = "500mW"; VariantName = "[No Variations]"
Add component (AddParameter): Name = "Power Line Protection"; Value = ""; VariantName = "[No Variations]"
Add component (AddParameter): Name = "Pricing 1"; Value = "1=0,36000, 10=0,29800, 50=0,29800, 100=0,15800, 1000=0,07100, 10000=0,04700 (USD)"; VariantName = "[No Variations]"
Add component (AddParameter): Name = "Radiation Hardening"; Value = ""; VariantName = "[No Variations]"
Add component (AddParameter): Name = "REACH SVHC"; Value = ""; VariantName = "[No Variations]"
Add component (AddParameter): Name = "Resistor Type"; Value = ""; VariantName = "[No Variations]"
Add component (AddParameter): Name = "Reverse Breakdown Voltage"; Value = ""; VariantName = "[No Variations]"
Add component (AddParameter): Name = "Reverse Standoff Voltage"; Value = ""; VariantName = "[No Variations]"
Add component (AddParameter): Name = "RoHS"; Value = "Yes"; VariantName = "[No Variations]"
Add component (AddParameter): Name = "RoHS Compliant"; Value = "Yes"; VariantName = "[No Variations]"
Add component (AddParameter): Name = "Series"; Value = ""; VariantName = "[No Variations]"
Add component (AddParameter): Name = "Source"; Value = "Filter components.SchLib"; VariantName = "[No Variations]"
Add component (AddParameter): Name = "Stock 1"; Value = "4964"; VariantName = "[No Variations]"
Add component (AddParameter): Name = "Termination"; Value = ""; VariantName = "[No Variations]"
Add component (AddParameter): Name = "Test Current"; Value = ""; VariantName = "[No Variations]"
Add component (AddParameter): Name = "Tolerance"; Value = "2%"; VariantName = "[No Variations]"
Add component (AddParameter): Name = "Voltage Tolerance"; Value = "2%"; VariantName = "[No Variations]"
Add component (AddParameter): Name = "Weight"; Value = "0.000363oz"; VariantName = "[No Variations]"
Add component (AddParameter): Name = "Width"; Value = ""; VariantName = "[No Variations]"
Add component (AddParameter): Name = "Zener Current"; Value = "20mA"; VariantName = "[No Variations]"
Add component (AddParameter): Name = "Zener Voltage"; Value = "10V"; VariantName = "[No Variations]"
Added Component: Designator=Z3(DSC-SOD123)
Add component (AddParameter): Name = ".Creator"; Value = "DO"; VariantName = "[No Variations]"
Add component (AddParameter): Name = ".PCBcheck"; Value = ""; VariantName = "[No Variations]"
Add component (AddParameter): Name = ".SCHcheck"; Value = ""; VariantName = "[No Variations]"
Add component (AddParameter): Name = "Breakdown Voltage"; Value = ""; VariantName = "[No Variations]"
Add component (AddParameter): Name = "Capacitance"; Value = ""; VariantName = "[No Variations]"
Add component (AddParameter): Name = "Case/Package"; Value = "3000"; VariantName = "[No Variations]"
Add component (AddParameter): Name = "Category"; Value = "Zener Diodes"; VariantName = "[No Variations]"
Add component (AddParameter): Name = "Clamping Voltage"; Value = ""; VariantName = "[No Variations]"
Add component (AddParameter): Name = "ComponentLink1Description"; Value = "http://www.mouser.com/ds/2/427/mmsz5225-102133.pdf?src-supplier=Mouser"; VariantName = "[No Variations]"
Add component (AddParameter): Name = "ComponentLink1URL"; Value = "http://www.mouser.com/ds/2/427/mmsz5225-102133.pdf?src-supplier=Mouser"; VariantName = "[No Variations]"
Add component (AddParameter): Name = "ComponentLink2Description"; Value = "http://components.arrow.com/part/dataview/59571956S617370N5680?src-supplier=Arrow+Electronics"; VariantName = "[No Variations]"
Add component (AddParameter): Name = "ComponentLink2URL"; Value = "http://components.arrow.com/part/dataview/59571956S617370N5680?src-supplier=Arrow+Electronics"; VariantName = "[No Variations]"
Add component (AddParameter): Name = "ComponentLink3Description"; Value = "http://www.vishay.com/docs/85774/mmsz5225.pdf?src-supplier=Digi-Key"; VariantName = "[No Variations]"
Add component (AddParameter): Name = "ComponentLink3URL"; Value = "http://www.vishay.com/docs/85774/mmsz5225.pdf?src-supplier=Digi-Key"; VariantName = "[No Variations]"
Add component (AddParameter): Name = "ComponentLink4Description"; Value = "Where buy it"; VariantName = "[No Variations]"
Add component (AddParameter): Name = "ComponentLink4URL"; Value = "https://www.mouser.es/ProductDetail/Vishay-Semiconductors/MMSZ5240C-HE3-08?qs=ESFF34UzhwiGAVchySN1uQ%3D%3D"; VariantName = "[No Variations]"
Add component (AddParameter): Name = "Depth"; Value = ""; VariantName = "[No Variations]"
Add component (AddParameter): Name = "Design Item ID"; Value = "DZ-0.01/75-SOD-123"; VariantName = "[No Variations]"
Add component (AddParameter): Name = "Diode Type"; Value = ""; VariantName = "[No Variations]"
Add component (AddParameter): Name = "Direction"; Value = ""; VariantName = "[No Variations]"
Add component (AddParameter): Name = "Element Configuration"; Value = "Single"; VariantName = "[No Variations]"
Add component (AddParameter): Name = "ESD Protection"; Value = ""; VariantName = "[No Variations]"
Add component (AddParameter): Name = "Forward Current"; Value = ""; VariantName = "[No Variations]"
Add component (AddParameter): Name = "Forward Voltage"; Value = ""; VariantName = "[No Variations]"
Add component (AddParameter): Name = "Height"; Value = ""; VariantName = "[No Variations]"
Add component (AddParameter): Name = "Impedance"; Value = "17R"; VariantName = "[No Variations]"
Add component (AddParameter): Name = "Lead Free"; Value = ""; VariantName = "[No Variations]"
Add component (AddParameter): Name = "Leakage Current"; Value = ""; VariantName = "[No Variations]"
Add component (AddParameter): Name = "Length"; Value = ""; VariantName = "[No Variations]"
Add component (AddParameter): Name = "Manufacturer"; Value = "Vishay"; VariantName = "[No Variations]"
Add component (AddParameter): Name = "Manufacturer Part Number"; Value = "MMSZ5240C-HE3-08"; VariantName = "[No Variations]"
Add component (AddParameter): Name = "Max Operating Temperature"; Value = "150°C"; VariantName = "[No Variations]"
Add component (AddParameter): Name = "Max Power Dissipation"; Value = "500mW"; VariantName = "[No Variations]"
Add component (AddParameter): Name = "Max Reverse Leakage Current"; Value = "3uA"; VariantName = "[No Variations]"
Add component (AddParameter): Name = "Max Surge Current"; Value = ""; VariantName = "[No Variations]"
Add component (AddParameter): Name = "Min Breakdown Voltage"; Value = ""; VariantName = "[No Variations]"
Add component (AddParameter): Name = "Min Operating Temperature"; Value = "-55°C"; VariantName = "[No Variations]"
Add component (AddParameter): Name = "Mount"; Value = "Surface Mount"; VariantName = "[No Variations]"
Add component (AddParameter): Name = "Mounting Technology"; Value = ""; VariantName = "[No Variations]"
Add component (AddParameter): Name = "Number of Bidirectional Channels"; Value = ""; VariantName = "[No Variations]"
Add component (AddParameter): Name = "Number of Channels"; Value = ""; VariantName = "[No Variations]"
Add component (AddParameter): Name = "Number of Elements"; Value = ""; VariantName = "[No Variations]"
Add component (AddParameter): Name = "Packaging"; Value = "Tape and Reel"; VariantName = "[No Variations]"
Add component (AddParameter): Name = "Peak Inverse Voltage"; Value = ""; VariantName = "[No Variations]"
Add component (AddParameter): Name = "Peak Pulse Current"; Value = ""; VariantName = "[No Variations]"
Add component (AddParameter): Name = "Peak Pulse Power"; Value = ""; VariantName = "[No Variations]"
Add component (AddParameter): Name = "Pins"; Value = "2"; VariantName = "[No Variations]"
Add component (AddParameter): Name = "Polarity"; Value = ""; VariantName = "[No Variations]"
Add component (AddParameter): Name = "Power Dissipation"; Value = "500mW"; VariantName = "[No Variations]"
Add component (AddParameter): Name = "Power Line Protection"; Value = ""; VariantName = "[No Variations]"
Add component (AddParameter): Name = "Pricing 1"; Value = "1=0,36000, 10=0,29800, 50=0,29800, 100=0,15800, 1000=0,07100, 10000=0,04700 (USD)"; VariantName = "[No Variations]"
Add component (AddParameter): Name = "Radiation Hardening"; Value = ""; VariantName = "[No Variations]"
Add component (AddParameter): Name = "REACH SVHC"; Value = ""; VariantName = "[No Variations]"
Add component (AddParameter): Name = "Resistor Type"; Value = ""; VariantName = "[No Variations]"
Add component (AddParameter): Name = "Reverse Breakdown Voltage"; Value = ""; VariantName = "[No Variations]"
Add component (AddParameter): Name = "Reverse Standoff Voltage"; Value = ""; VariantName = "[No Variations]"
Add component (AddParameter): Name = "RoHS"; Value = "Yes"; VariantName = "[No Variations]"
Add component (AddParameter): Name = "RoHS Compliant"; Value = "Yes"; VariantName = "[No Variations]"
Add component (AddParameter): Name = "Series"; Value = ""; VariantName = "[No Variations]"
Add component (AddParameter): Name = "Source"; Value = "Filter components.SchLib"; VariantName = "[No Variations]"
Add component (AddParameter): Name = "Stock 1"; Value = "4964"; VariantName = "[No Variations]"
Add component (AddParameter): Name = "Termination"; Value = ""; VariantName = "[No Variations]"
Add component (AddParameter): Name = "Test Current"; Value = ""; VariantName = "[No Variations]"
Add component (AddParameter): Name = "Tolerance"; Value = "2%"; VariantName = "[No Variations]"
Add component (AddParameter): Name = "Voltage Tolerance"; Value = "2%"; VariantName = "[No Variations]"
Add component (AddParameter): Name = "Weight"; Value = "0.000363oz"; VariantName = "[No Variations]"
Add component (AddParameter): Name = "Width"; Value = ""; VariantName = "[No Variations]"
Add component (AddParameter): Name = "Zener Current"; Value = "20mA"; VariantName = "[No Variations]"
Add component (AddParameter): Name = "Zener Voltage"; Value = "10V"; VariantName = "[No Variations]"
Added Component: Designator=Z4(DSC-SOD123)
Add component (AddParameter): Name = ".Creator"; Value = "DO"; VariantName = "[No Variations]"
Add component (AddParameter): Name = ".PCBcheck"; Value = ""; VariantName = "[No Variations]"
Add component (AddParameter): Name = ".SCHcheck"; Value = ""; VariantName = "[No Variations]"
Add component (AddParameter): Name = "Breakdown Voltage"; Value = ""; VariantName = "[No Variations]"
Add component (AddParameter): Name = "Capacitance"; Value = ""; VariantName = "[No Variations]"
Add component (AddParameter): Name = "Case/Package"; Value = "3000"; VariantName = "[No Variations]"
Add component (AddParameter): Name = "Category"; Value = "Zener Diodes"; VariantName = "[No Variations]"
Add component (AddParameter): Name = "Clamping Voltage"; Value = ""; VariantName = "[No Variations]"
Add component (AddParameter): Name = "ComponentLink1Description"; Value = "http://www.mouser.com/ds/2/427/mmsz5225-102133.pdf?src-supplier=Mouser"; VariantName = "[No Variations]"
Add component (AddParameter): Name = "ComponentLink1URL"; Value = "http://www.mouser.com/ds/2/427/mmsz5225-102133.pdf?src-supplier=Mouser"; VariantName = "[No Variations]"
Add component (AddParameter): Name = "ComponentLink2Description"; Value = "http://components.arrow.com/part/dataview/59571956S617370N5680?src-supplier=Arrow+Electronics"; VariantName = "[No Variations]"
Add component (AddParameter): Name = "ComponentLink2URL"; Value = "http://components.arrow.com/part/dataview/59571956S617370N5680?src-supplier=Arrow+Electronics"; VariantName = "[No Variations]"
Add component (AddParameter): Name = "ComponentLink3Description"; Value = "http://www.vishay.com/docs/85774/mmsz5225.pdf?src-supplier=Digi-Key"; VariantName = "[No Variations]"
Add component (AddParameter): Name = "ComponentLink3URL"; Value = "http://www.vishay.com/docs/85774/mmsz5225.pdf?src-supplier=Digi-Key"; VariantName = "[No Variations]"
Add component (AddParameter): Name = "ComponentLink4Description"; Value = "Where buy it"; VariantName = "[No Variations]"
Add component (AddParameter): Name = "ComponentLink4URL"; Value = "https://www.mouser.es/ProductDetail/Vishay-Semiconductors/MMSZ5240C-HE3-08?qs=ESFF34UzhwiGAVchySN1uQ%3D%3D"; VariantName = "[No Variations]"
Add component (AddParameter): Name = "Depth"; Value = ""; VariantName = "[No Variations]"
Add component (AddParameter): Name = "Design Item ID"; Value = "DZ-0.01/75-SOD-123"; VariantName = "[No Variations]"
Add component (AddParameter): Name = "Diode Type"; Value = ""; VariantName = "[No Variations]"
Add component (AddParameter): Name = "Direction"; Value = ""; VariantName = "[No Variations]"
Add component (AddParameter): Name = "Element Configuration"; Value = "Single"; VariantName = "[No Variations]"
Add component (AddParameter): Name = "ESD Protection"; Value = ""; VariantName = "[No Variations]"
Add component (AddParameter): Name = "Forward Current"; Value = ""; VariantName = "[No Variations]"
Add component (AddParameter): Name = "Forward Voltage"; Value = ""; VariantName = "[No Variations]"
Add component (AddParameter): Name = "Height"; Value = ""; VariantName = "[No Variations]"
Add component (AddParameter): Name = "Impedance"; Value = "17R"; VariantName = "[No Variations]"
Add component (AddParameter): Name = "Lead Free"; Value = ""; VariantName = "[No Variations]"
Add component (AddParameter): Name = "Leakage Current"; Value = ""; VariantName = "[No Variations]"
Add component (AddParameter): Name = "Length"; Value = ""; VariantName = "[No Variations]"
Add component (AddParameter): Name = "Manufacturer"; Value = "Vishay"; VariantName = "[No Variations]"
Add component (AddParameter): Name = "Manufacturer Part Number"; Value = "MMSZ5240C-HE3-08"; VariantName = "[No Variations]"
Add component (AddParameter): Name = "Max Operating Temperature"; Value = "150°C"; VariantName = "[No Variations]"
Add component (AddParameter): Name = "Max Power Dissipation"; Value = "500mW"; VariantName = "[No Variations]"
Add component (AddParameter): Name = "Max Reverse Leakage Current"; Value = "3uA"; VariantName = "[No Variations]"
Add component (AddParameter): Name = "Max Surge Current"; Value = ""; VariantName = "[No Variations]"
Add component (AddParameter): Name = "Min Breakdown Voltage"; Value = ""; VariantName = "[No Variations]"
Add component (AddParameter): Name = "Min Operating Temperature"; Value = "-55°C"; VariantName = "[No Variations]"
Add component (AddParameter): Name = "Mount"; Value = "Surface Mount"; VariantName = "[No Variations]"
Add component (AddParameter): Name = "Mounting Technology"; Value = ""; VariantName = "[No Variations]"
Add component (AddParameter): Name = "Number of Bidirectional Channels"; Value = ""; VariantName = "[No Variations]"
Add component (AddParameter): Name = "Number of Channels"; Value = ""; VariantName = "[No Variations]"
Add component (AddParameter): Name = "Number of Elements"; Value = ""; VariantName = "[No Variations]"
Add component (AddParameter): Name = "Packaging"; Value = "Tape and Reel"; VariantName = "[No Variations]"
Add component (AddParameter): Name = "Peak Inverse Voltage"; Value = ""; VariantName = "[No Variations]"
Add component (AddParameter): Name = "Peak Pulse Current"; Value = ""; VariantName = "[No Variations]"
Add component (AddParameter): Name = "Peak Pulse Power"; Value = ""; VariantName = "[No Variations]"
Add component (AddParameter): Name = "Pins"; Value = "2"; VariantName = "[No Variations]"
Add component (AddParameter): Name = "Polarity"; Value = ""; VariantName = "[No Variations]"
Add component (AddParameter): Name = "Power Dissipation"; Value = "500mW"; VariantName = "[No Variations]"
Add component (AddParameter): Name = "Power Line Protection"; Value = ""; VariantName = "[No Variations]"
Add component (AddParameter): Name = "Pricing 1"; Value = "1=0,36000, 10=0,29800, 50=0,29800, 100=0,15800, 1000=0,07100, 10000=0,04700 (USD)"; VariantName = "[No Variations]"
Add component (AddParameter): Name = "Radiation Hardening"; Value = ""; VariantName = "[No Variations]"
Add component (AddParameter): Name = "REACH SVHC"; Value = ""; VariantName = "[No Variations]"
Add component (AddParameter): Name = "Resistor Type"; Value = ""; VariantName = "[No Variations]"
Add component (AddParameter): Name = "Reverse Breakdown Voltage"; Value = ""; VariantName = "[No Variations]"
Add component (AddParameter): Name = "Reverse Standoff Voltage"; Value = ""; VariantName = "[No Variations]"
Add component (AddParameter): Name = "RoHS"; Value = "Yes"; VariantName = "[No Variations]"
Add component (AddParameter): Name = "RoHS Compliant"; Value = "Yes"; VariantName = "[No Variations]"
Add component (AddParameter): Name = "Series"; Value = ""; VariantName = "[No Variations]"
Add component (AddParameter): Name = "Source"; Value = "Filter components.SchLib"; VariantName = "[No Variations]"
Add component (AddParameter): Name = "Stock 1"; Value = "4964"; VariantName = "[No Variations]"
Add component (AddParameter): Name = "Termination"; Value = ""; VariantName = "[No Variations]"
Add component (AddParameter): Name = "Test Current"; Value = ""; VariantName = "[No Variations]"
Add component (AddParameter): Name = "Tolerance"; Value = "2%"; VariantName = "[No Variations]"
Add component (AddParameter): Name = "Voltage Tolerance"; Value = "2%"; VariantName = "[No Variations]"
Add component (AddParameter): Name = "Weight"; Value = "0.000363oz"; VariantName = "[No Variations]"
Add component (AddParameter): Name = "Width"; Value = ""; VariantName = "[No Variations]"
Add component (AddParameter): Name = "Zener Current"; Value = "20mA"; VariantName = "[No Variations]"
Add component (AddParameter): Name = "Zener Voltage"; Value = "10V"; VariantName = "[No Variations]"
Added Component: Designator=Z501(DO-214AC)
Add component (AddParameter): Name = "Case/Package"; Value = ""; VariantName = "[No Variations]"
Add component (AddParameter): Name = "Connector Type"; Value = ""; VariantName = "[No Variations]"
Add component (AddParameter): Name = "Forward Current"; Value = ""; VariantName = "[No Variations]"
Add component (AddParameter): Name = "Forward Voltage"; Value = ""; VariantName = "[No Variations]"
Add component (AddParameter): Name = "Gender"; Value = ""; VariantName = "[No Variations]"
Add component (AddParameter): Name = "Max Current Rating"; Value = ""; VariantName = "[No Variations]"
Add component (AddParameter): Name = "Max Operating Temperature"; Value = "150°C"; VariantName = "[No Variations]"
Add component (AddParameter): Name = "Max Surge Current"; Value = ""; VariantName = "[No Variations]"
Add component (AddParameter): Name = "Min Operating Temperature"; Value = "-65°C"; VariantName = "[No Variations]"
Add component (AddParameter): Name = "Mounting Technology"; Value = ""; VariantName = "[No Variations]"
Add component (AddParameter): Name = "Peak Inverse Voltage"; Value = ""; VariantName = "[No Variations]"
Add component (AddParameter): Name = "Pins"; Value = "2"; VariantName = "[No Variations]"
Add component (AddParameter): Name = "RoHS Compliant"; Value = "Yes"; VariantName = "[No Variations]"
Add component (AddParameter): Name = "Voltage Rating"; Value = ""; VariantName = "[No Variations]"
Add component (AddParameter): Name = "Zener Voltage"; Value = "5V6"; VariantName = "[No Variations]"
Added Component: Designator=Z502(DO-214AC)
Add component (AddParameter): Name = "Case/Package"; Value = ""; VariantName = "[No Variations]"
Add component (AddParameter): Name = "Connector Type"; Value = ""; VariantName = "[No Variations]"
Add component (AddParameter): Name = "Forward Current"; Value = ""; VariantName = "[No Variations]"
Add component (AddParameter): Name = "Forward Voltage"; Value = ""; VariantName = "[No Variations]"
Add component (AddParameter): Name = "Gender"; Value = ""; VariantName = "[No Variations]"
Add component (AddParameter): Name = "Max Current Rating"; Value = ""; VariantName = "[No Variations]"
Add component (AddParameter): Name = "Max Operating Temperature"; Value = "150°C"; VariantName = "[No Variations]"
Add component (AddParameter): Name = "Max Surge Current"; Value = ""; VariantName = "[No Variations]"
Add component (AddParameter): Name = "Min Operating Temperature"; Value = "-65°C"; VariantName = "[No Variations]"
Add component (AddParameter): Name = "Mounting Technology"; Value = ""; VariantName = "[No Variations]"
Add component (AddParameter): Name = "Peak Inverse Voltage"; Value = ""; VariantName = "[No Variations]"
Add component (AddParameter): Name = "Pins"; Value = "2"; VariantName = "[No Variations]"
Add component (AddParameter): Name = "RoHS Compliant"; Value = "Yes"; VariantName = "[No Variations]"
Add component (AddParameter): Name = "Voltage Rating"; Value = ""; VariantName = "[No Variations]"
Add component (AddParameter): Name = "Zener Voltage"; Value = "5V6"; VariantName = "[No Variations]"
Added Component: Designator=Z503(DZ-DO-214AC)
Add component (AddParameter): Name = "Case/Package"; Value = ""; VariantName = "[No Variations]"
Add component (AddParameter): Name = "Connector Type"; Value = ""; VariantName = "[No Variations]"
Add component (AddParameter): Name = "Forward Current"; Value = ""; VariantName = "[No Variations]"
Add component (AddParameter): Name = "Forward Voltage"; Value = ""; VariantName = "[No Variations]"
Add component (AddParameter): Name = "Gender"; Value = ""; VariantName = "[No Variations]"
Add component (AddParameter): Name = "Max Current Rating"; Value = ""; VariantName = "[No Variations]"
Add component (AddParameter): Name = "Max Operating Temperature"; Value = "150°C"; VariantName = "[No Variations]"
Add component (AddParameter): Name = "Max Surge Current"; Value = ""; VariantName = "[No Variations]"
Add component (AddParameter): Name = "Min Operating Temperature"; Value = ""; VariantName = "[No Variations]"
Add component (AddParameter): Name = "Mounting Technology"; Value = ""; VariantName = "[No Variations]"
Add component (AddParameter): Name = "Peak Inverse Voltage"; Value = ""; VariantName = "[No Variations]"
Add component (AddParameter): Name = "Pins"; Value = "2"; VariantName = "[No Variations]"
Add component (AddParameter): Name = "RoHS Compliant"; Value = "Yes"; VariantName = "[No Variations]"
Add component (AddParameter): Name = "Voltage Rating"; Value = ""; VariantName = "[No Variations]"
Add component (AddParameter): Name = "Zener Voltage"; Value = "3V6"; VariantName = "[No Variations]"
Added Pin To Net: NetName=+12 Pin=C101-1
Added Pin To Net: NetName=GND Pin=C101-2
Added Pin To Net: NetName=Safe_State Pin=C111-1
Added Pin To Net: NetName=+12 Pin=C111-2
Added Pin To Net: NetName=+12 Pin=C203-1
Added Pin To Net: NetName=GND Pin=C203-2
Added Pin To Net: NetName=+12 Pin=C204-1
Added Pin To Net: NetName=GND Pin=C204-2
Added Pin To Net: NetName=Implausibilities_Undelayed Pin=C223-1
Added Pin To Net: NetName=GND Pin=C223-2
Added Pin To Net: NetName=+12 Pin=C301-1
Added Pin To Net: NetName=GND Pin=C301-2
Added Pin To Net: NetName=+12 Pin=C302-1
Added Pin To Net: NetName=GND Pin=C302-2
Added Pin To Net: NetName=Relays_Implausibility Pin=C333-1
Added Pin To Net: NetName=GND Pin=C333-2
Added Pin To Net: NetName=+12 Pin=C401-1
Added Pin To Net: NetName=GND Pin=C401-2
Added Pin To Net: NetName=No_Voltage_Relays_Closed Pin=C444-1
Added Pin To Net: NetName=GND Pin=C444-2
Added Pin To Net: NetName=+12 Pin=C501-1
Added Pin To Net: NetName=+12 Pin=C502-1
Added Pin To Net: NetName=+12 Pin=C503-1
Added Pin To Net: NetName=GND Pin=C503-2
Added Pin To Net: NetName=+12 Pin=C504-1
Added Pin To Net: NetName=GND Pin=C504-2
Added Pin To Net: NetName=+12 Pin=C505-1
Added Pin To Net: NetName=GND Pin=C505-2
Added Pin To Net: NetName=SCS_Error Pin=C555-1
Added Pin To Net: NetName=GND Pin=C555-2
Added Pin To Net: NetName=GND Pin=D3-K
Added Pin To Net: NetName=TS- Pin=J4-1
Added Pin To Net: NetName=TS- Pin=J4-2
Added Pin To Net: NetName=TS- Pin=J5-1
Added Pin To Net: NetName=TS- Pin=J5-2
Added Pin To Net: NetName=NetC1_1 Pin=R10-2
Added Pin To Net: NetName=+12 Pin=R11-1
Added Pin To Net: NetName=AIR-_SCS Pin=R501-2
Added Pin To Net: NetName=Precharge_SCS Pin=R502-2
Added Pin To Net: NetName=HV_Accu_SCS Pin=R503-2
Added Pin To Net: NetName=AIR+_SCS Pin=R504-2
Added Pin To Net: NetName=+12 Pin=R505-1
Added Pin To Net: NetName=V_REF Pin=R505-2
Added Pin To Net: NetName=V_REF Pin=R506-1
Added Pin To Net: NetName=GND Pin=R506-2
Added Pin To Net: NetName=V_REF Pin=R507-1
Added Pin To Net: NetName=GND Pin=R507-2
Added Pin To Net: NetName=V_REF Pin=R508-1
Added Pin To Net: NetName=GND Pin=R508-2
Added Pin To Net: NetName=HV_Detection_Trigger Pin=R509-1
Added Pin To Net: NetName=TS_Off Pin=R510-2
Added Pin To Net: NetName=+12 Pin=R511-1
Added Pin To Net: NetName=+12 Pin=R512-1
Added Pin To Net: NetName=+12 Pin=R513-1
Added Pin To Net: NetName=GND Pin=R514-2
Added Pin To Net: NetName=GND Pin=R515-2
Added Pin To Net: NetName=AIR-_State Pin=R516-1
Added Pin To Net: NetName=GND Pin=R516-2
Added Pin To Net: NetName=Precharge_State Pin=R517-1
Added Pin To Net: NetName=GND Pin=R517-2
Added Pin To Net: NetName=HV_Accumulator Pin=R518-1
Added Pin To Net: NetName=GND Pin=R518-2
Added Pin To Net: NetName=AIR+_State Pin=R519-1
Added Pin To Net: NetName=GND Pin=R519-2
Added Pin To Net: NetName=+5TS Pin=R701-1
Added Pin To Net: NetName=Out_HV_Comparator Pin=R701-2
Added Pin To Net: NetName=+5TS Pin=R704-1
Added Pin To Net: NetName=VREF_HV_Detection Pin=R704-2
Added Pin To Net: NetName=TS+_DCBus1 Pin=R705-1
Added Pin To Net: NetName=Voltage_DCBus1 Pin=R705-2
Added Pin To Net: NetName=Voltage_DCBus1 Pin=R707-1
Added Pin To Net: NetName=TS- Pin=R707-2
Added Pin To Net: NetName=VREF_HV_Detection Pin=R708-1
Added Pin To Net: NetName=VREF_HV_Detection Pin=R709-1
Added Pin To Net: NetName=TS- Pin=R709-2
Added Pin To Net: NetName=VREF_HV_Detection Pin=R710-1
Added Pin To Net: NetName=SC_End_30V Pin=R901-1
Added Pin To Net: NetName=NetQ601_G Pin=TP602-1
Added Pin To Net: NetName=Out_HV_Comparator Pin=TP702-1
Added Pin To Net: NetName=VREF_HV_Detection Pin=TP704-1
Added Pin To Net: NetName=Voltage_DCBus1 Pin=TP705-1
Added Pin To Net: NetName=NetQ801_G Pin=TP802-1
Added Pin To Net: NetName=GND Pin=U501-10
Added Pin To Net: NetName=SCS_Error Pin=U501-13
Added Pin To Net: NetName=AIR-_SCS Pin=U502-1
Added Pin To Net: NetName=Precharge_SCS Pin=U502-2
Added Pin To Net: NetName=Precharge_State Pin=U502-4
Added Pin To Net: NetName=V_REF Pin=U502-5
Added Pin To Net: NetName=AIR-_State Pin=U502-6
Added Pin To Net: NetName=V_REF Pin=U502-7
Added Pin To Net: NetName=HV_Accumulator Pin=U502-8
Added Pin To Net: NetName=V_REF Pin=U502-9
Added Pin To Net: NetName=AIR+_State Pin=U502-10
Added Pin To Net: NetName=V_REF Pin=U502-11
Added Pin To Net: NetName=AIR+_SCS Pin=U502-13
Added Pin To Net: NetName=HV_Accu_SCS Pin=U502-14
Added Pin To Net: NetName=+12 Pin=U503-3
Added Pin To Net: NetName=TSAL_Red Pin=U503-6
Added Pin To Net: NetName=TSAL_Green Pin=U503-10
Added Pin To Net: NetName=GND Pin=U503-12
Added Pin To Net: NetName=+5TS Pin=U703-3
Added Pin To Net: NetName=Voltage_DCBus1 Pin=U703-8
Added Pin To Net: NetName=VREF_HV_Detection Pin=U703-9
Added Pin To Net: NetName=TS- Pin=U703-12
Added Pin To Net: NetName=Out_HV_Comparator Pin=U703-14
Added Pin To Net: NetName=GND Pin=U901-3
Added Pin To Net: NetName=Discharge_Resistor Pin=U901-5
Added Pin To Net: NetName=TS+_DCBus1_Unfused Pin=U901-6
Added Pin To Net: NetName=GND Pin=Z1-A
Added Pin To Net: NetName=AIR+_Coil Pin=Z1-K
Added Pin To Net: NetName=GND Pin=Z2-A
Added Pin To Net: NetName=AIR-_Coil Pin=Z2-K
Added Pin To Net: NetName=GND Pin=Z3-A
Added Pin To Net: NetName=Precharge_Coil Pin=Z3-K
Added Pin To Net: NetName=GND Pin=Z4-A
Added Pin To Net: NetName=SC_End Pin=Z4-K
Added Pin To Net: NetName=GND Pin=Z503-A
Change Net Name : Old Net Name=NetQ601_G New Net Name=GateGREEN_DRV
Change Net Name : Old Net Name=NetQ801_G New Net Name=GateRED_DRV
Change Net Name : Old Net Name=NetR704_2 New Net Name=NetR703_2
Added Pin To Net: NetName=GateGREEN_SCS Pin=Q502-G
Added Pin To Net: NetName=GateGREEN_SCS Pin=R510-1
Added Pin To Net: NetName=GateGREEN_SCS Pin=TP510-1
Added Pin To Net: NetName=GateGREEN_SCS Pin=Z502-K
Added Net: Name=GateGREEN_SCS
Added Pin To Net: NetName=GateRED_SCS Pin=Q501-G
Added Pin To Net: NetName=GateRED_SCS Pin=R509-2
Added Pin To Net: NetName=GateRED_SCS Pin=TP505-1
Added Pin To Net: NetName=GateRED_SCS Pin=Z501-K
Added Net: Name=GateRED_SCS
Added Pin To Net: NetName=GreenDRV_SCS Pin=C502-2
Added Pin To Net: NetName=GreenDRV_SCS Pin=Q502-D
Added Pin To Net: NetName=GreenDRV_SCS Pin=R513-2
Added Pin To Net: NetName=GreenDRV_SCS Pin=TP512-1
Added Pin To Net: NetName=GreenDRV_SCS Pin=U501-11
Added Net: Name=GreenDRV_SCS
Added Pin To Net: NetName=NetD2_K Pin=D2-K
Added Pin To Net: NetName=NetD2_K Pin=L1-1
Added Net: Name=NetD2_K
Added Pin To Net: NetName=NetD3_A Pin=D3-A
Added Pin To Net: NetName=NetD3_A Pin=R11-2
Added Net: Name=NetD3_A
Added Pin To Net: NetName=NetL1_2 Pin=L1-2
Added Pin To Net: NetName=NetL1_2 Pin=R10-1
Added Pin To Net: NetName=NetL1_2 Pin=U1-1
Added Net: Name=NetL1_2
Added Pin To Net: NetName=NetR901_2 Pin=R901-2
Added Pin To Net: NetName=NetR901_2 Pin=TP901-1
Added Pin To Net: NetName=NetR901_2 Pin=U901-2
Added Net: Name=NetR901_2
Added Pin To Net: NetName=RedDRV_SCS Pin=C501-2
Added Pin To Net: NetName=RedDRV_SCS Pin=Q501-D
Added Pin To Net: NetName=RedDRV_SCS Pin=R512-2
Added Pin To Net: NetName=RedDRV_SCS Pin=TP508-1
Added Pin To Net: NetName=RedDRV_SCS Pin=U501-12
Added Net: Name=RedDRV_SCS
Added Pin To Net: NetName=SCS_Signals Pin=U501-1
Added Pin To Net: NetName=SCS_Signals Pin=U501-9
Added Net: Name=SCS_Signals
Added Pin To Net: NetName=SourceGREEN_SCS Pin=Q502-S
Added Pin To Net: NetName=SourceGREEN_SCS Pin=TP513-1
Added Pin To Net: NetName=SourceGREEN_SCS Pin=U503-13
Added Pin To Net: NetName=SourceGREEN_SCS Pin=Z502-A
Added Net: Name=SourceGREEN_SCS
Added Pin To Net: NetName=SourceRED_SCS Pin=Q501-S
Added Pin To Net: NetName=SourceRED_SCS Pin=TP503-1
Added Pin To Net: NetName=SourceRED_SCS Pin=U503-1
Added Pin To Net: NetName=SourceRED_SCS Pin=Z501-A
Added Net: Name=SourceRED_SCS
Added Pin To Net: NetName=V_REF_Drivers Pin=R511-2
Added Pin To Net: NetName=V_REF_Drivers Pin=R514-1
Added Pin To Net: NetName=V_REF_Drivers Pin=R515-1
Added Pin To Net: NetName=V_REF_Drivers Pin=TP504-1
Added Pin To Net: NetName=V_REF_Drivers Pin=U503-7
Added Pin To Net: NetName=V_REF_Drivers Pin=U503-11
Added Pin To Net: NetName=V_REF_Drivers Pin=Z503-K
Added Net: Name=V_REF_Drivers
Added Member To Class: ClassName=TSAL Green Member=Component C101 C100n-50V-0805FNPC-X7R
Added Member To Class: ClassName=TSAL Green Member=Component C111 C15p-50V-0805FNPC-NP0
Added Member To Class: ClassName=Implausibilities Member=Component C203 C100n-50V-0805FNPC-X7R
Added Member To Class: ClassName=Implausibilities Member=Component C204 C100n-50V-0805FNPC-X7R
Added Member To Class: ClassName=Implausibilities Member=Component C223 C15p-50V-0805FNPC-NP0
Added Member To Class: ClassName=Relay Implausibility Member=Component C301 C100n-50V-0805FNPC-X7R
Added Member To Class: ClassName=Relay Implausibility Member=Component C302 C100n-50V-0805FNPC-X7R
Added Member To Class: ClassName=Relay Implausibility Member=Component C333 C15p-50V-0805FNPC-NP0
Added Member To Class: ClassName=EV 4.10.14 Member=Component C401 C100n-50V-0805FNPC-X7R
Added Member To Class: ClassName=EV 4.10.14 Member=Component C444 C15p-50V-0805FNPC-NP0
Added Member To Class: ClassName=SCS Member=Component C501 C100n-50V-0805FNPC-X7R
Added Member To Class: ClassName=SCS Member=Component C502 C100n-50V-0805FNPC-X7R
Added Member To Class: ClassName=SCS Member=Component C503 C100n-50V-0805FNPC-X7R
Added Member To Class: ClassName=SCS Member=Component C504 C100n-50V-0805FNPC-X7R
Added Member To Class: ClassName=SCS Member=Component C505 C100n-50V-0805FNPC-X7R
Added Member To Class: ClassName=SCS Member=Component C555 C15p-50V-0805FNPC-NP0
Added Member To Class: ClassName=TSAL_Control Member=Component D3 LEDGS-0805-450
Added Member To Class: ClassName=SCS Member=Component Q501 TRT-NCH-8/40-SQ
Added Member To Class: ClassName=SCS Member=Component Q502 TRT-NCH-8/40-SQ
Added Member To Class: ClassName=TSAL_Control Member=Component R11 R1K-0805-0.5W
Added Member To Class: ClassName=SCS Member=Component R506 R1K-0805-0.5W
Added Member To Class: ClassName=SCS Member=Component R507 R100-0805FTK
Added Member To Class: ClassName=SCS Member=Component R508 R100-0805FTK
Added Member To Class: ClassName=SCS Member=Component R509 R2K_0.5W_0805
Added Member To Class: ClassName=SCS Member=Component R510 R2K_0.5W_0805
Added Member To Class: ClassName=SCS Member=Component R511 R1K-0805-0.5W
Added Member To Class: ClassName=SCS Member=Component R512 R1k-0805FTK
Added Member To Class: ClassName=SCS Member=Component R513 R1k-0805FTK
Added Member To Class: ClassName=SCS Member=Component R514 R100-0805FTK
Added Member To Class: ClassName=SCS Member=Component R515 R100-0805FTK
Added Member To Class: ClassName=SCS Member=Component R516 R560K-0805
Added Member To Class: ClassName=SCS Member=Component R517 R560K-0805
Added Member To Class: ClassName=SCS Member=Component R518 R560K-0805
Added Member To Class: ClassName=SCS Member=Component R519 R560K-0805
Added Member To Class: ClassName=TSAL Red Member=Component R701 R470-0805FTK
Added Member To Class: ClassName=TSAL Red Member=Component R704 R10k_0805_0.25W
Added Member To Class: ClassName=TSAL Red Member=Component R707 R51k_0805
Added Member To Class: ClassName=Discharge_circuit Member=Component R901 R10k_0805_0.25W
Added Member To Class: ClassName=SCS Member=Component TP503 TestPoint
Added Member To Class: ClassName=SCS Member=Component TP504 TestPoint
Added Member To Class: ClassName=SCS Member=Component TP505 TestPoint
Added Member To Class: ClassName=SCS Member=Component TP508 TestPoint
Added Member To Class: ClassName=SCS Member=Component TP510 TestPoint
Added Member To Class: ClassName=SCS Member=Component TP512 TestPoint
Added Member To Class: ClassName=SCS Member=Component TP513 TestPoint
Added Member To Class: ClassName=Green Driver Member=Component TP602 TestPoint
Added Member To Class: ClassName=TSAL Red Member=Component TP702 TestPoint
Added Member To Class: ClassName=TSAL Red Member=Component TP704 TestPoint
Added Member To Class: ClassName=TSAL Red Member=Component TP705 TestPoint
Added Member To Class: ClassName=Red Driver Member=Component TP802 TestPoint
Added Member To Class: ClassName=Discharge_circuit Member=Component TP901 TestPoint
Added Member To Class: ClassName=SCS Member=Component U503 LM339D
Added Member To Class: ClassName=Discharge_circuit Member=Component U901 PLB171
Added Member To Class: ClassName=TSAL_Control Member=Component Z1 DZ-10V/75-SOD-123
Added Member To Class: ClassName=TSAL_Control Member=Component Z2 DZ-10V/75-SOD-123
Added Member To Class: ClassName=TSAL_Control Member=Component Z3 DZ-10V/75-SOD-123
Added Member To Class: ClassName=TSAL_Control Member=Component Z4 DZ-10V/75-SOD-123
Added Member To Class: ClassName=SCS Member=Component Z501 DZ-5.6V-DO-214AC
Added Member To Class: ClassName=SCS Member=Component Z502 DZ-5.6V-DO-214AC
Added Member To Class: ClassName=SCS Member=Component Z503 DZ-3V6-1.25W-DO-214AC
Added Rule: Name=Schematic Supply Nets
Added Rule: Name=Schematic Supply Nets_1
Added Rule: Name=Schematic Supply Nets_2
